# Blender 3.3.1
# www.blender.org
mtllib jellyfish.mtl
o Jellyfish_Low_Poly
v -0.280346 0.610154 -0.037195
v -0.279427 0.565791 0.034131
v -0.259435 0.616492 0.105363
v -0.240282 0.653574 0.042314
v -0.231028 0.567608 -0.167804
v -0.238554 0.547947 0.027399
v -0.216400 0.545748 0.097206
v -0.193974 0.622723 0.177724
v -0.210311 0.546451 -0.105254
v -0.214025 0.520407 -0.026348
v -0.198910 0.512569 0.068674
v -0.201042 0.657045 -0.123852
v -0.202839 0.670371 0.094444
v -0.164404 0.707812 -0.011346
v -0.171195 0.564507 -0.226276
v -0.158667 0.540248 0.138077
v -0.210601 0.562129 0.196192
v -0.196979 0.283482 -0.001177
v -0.195773 0.277735 0.005480
v -0.184897 0.506636 -0.000732
v -0.192112 0.329986 0.001350
v -0.193438 0.217149 0.000984
v -0.192511 0.310451 -0.003532
v -0.192071 0.241854 -0.002729
v -0.190275 0.316168 0.003094
v -0.189580 0.153856 0.000975
v -0.189390 0.259386 -0.001366
v -0.188747 0.350120 -0.001990
v -0.150148 0.513980 -0.114633
v -0.190671 0.241636 0.005886
v -0.190886 0.208890 0.004884
v -0.187577 0.164030 -0.003013
v -0.189077 0.312250 -0.001732
v -0.186708 0.210902 -0.003366
v -0.189402 0.267602 0.003852
v -0.184605 0.135180 0.005023
v -0.116617 0.551339 0.215010
v -0.181753 0.368492 0.002197
v -0.183644 0.154585 0.004709
v -0.152259 0.546286 -0.151939
v -0.180341 0.389439 0.000853
v -0.184141 0.211800 0.001233
v -0.108618 0.501399 -0.046833
v -0.139086 0.634086 0.218293
v -0.181690 0.131530 -0.000930
v -0.183028 0.358780 -0.001976
v -0.178724 0.389957 -0.003141
v -0.181460 0.147718 -0.000167
v -0.177322 0.128543 0.003794
v -0.173453 0.434550 -0.001731
v -0.171632 0.089140 0.004180
v -0.177033 0.484976 0.000533
v -0.171901 0.401530 0.002035
v -0.175052 0.497187 -0.000728
v -0.138343 0.503233 -0.003402
v -0.166211 0.419383 -0.001000
v -0.165747 0.093518 -0.000179
v -0.168801 0.088681 -0.000966
v -0.167735 0.440755 -0.004013
v -0.172833 0.447226 0.001755
v -0.169526 0.502250 0.005060
v -0.165619 0.089898 0.004997
v -0.161933 0.501760 -0.003185
v -0.156210 0.477496 -0.001359
v -0.162163 0.052637 0.003611
v -0.159806 0.061623 0.005879
v -0.157731 0.471510 0.000641
v -0.148407 0.514694 -0.138030
v -0.160922 0.067228 0.001318
v -0.113438 0.712632 -0.110053
v -0.125042 0.701251 0.113864
v -0.106957 0.504010 0.025698
v -0.147466 0.017055 0.006218
v -0.139920 0.498374 -0.000773
v -0.148227 0.029694 0.002360
v -0.148830 0.022549 0.002322
v -0.142495 0.016860 0.006337
v -0.123677 0.641329 -0.229942
v -0.132904 0.515839 0.160627
v -0.143219 0.225452 -0.134884
v -0.155297 0.511484 0.123562
v -0.139881 0.498025 -0.129104
v -0.117087 0.562200 0.254810
v -0.137258 0.276426 -0.136240
v -0.143609 0.229326 0.136905
v -0.139518 0.226081 -0.138809
v -0.138860 0.226080 -0.135854
v -0.080675 0.598381 0.268283
v -0.142168 0.230172 0.135762
v -0.137057 0.272501 -0.132457
v -0.138697 0.330821 0.132187
v -0.135137 0.494677 -0.131932
v -0.140723 0.007040 0.007423
v -0.133663 0.379821 -0.133126
v -0.133657 0.263729 -0.136568
v -0.140817 0.230981 0.139719
v -0.135892 0.001257 0.005249
v -0.139628 0.007627 0.007506
v -0.132955 0.268898 -0.133069
v -0.119674 0.556173 -0.214797
v -0.135399 0.461425 -0.130615
v -0.135640 0.337608 0.129739
v -0.134013 0.358201 -0.130247
v -0.138874 0.008708 0.007375
v -0.137464 0.329322 0.135778
v -0.137533 0.491283 0.132257
v -0.136576 0.424181 0.128389
v -0.135740 0.259354 0.135518
v -0.132232 0.409652 -0.126989
v -0.134180 0.306354 0.137016
v -0.135085 0.000798 0.007145
v -0.137178 0.494812 0.128678
v -0.132883 0.495644 -0.128464
v -0.133228 0.494121 0.134996
v -0.130455 0.347405 -0.135487
v -0.087232 0.503217 0.090031
v -0.134711 0.400146 0.126110
v -0.131306 0.329057 -0.130594
v -0.135678 0.281961 0.131640
v -0.134886 0.420707 0.131651
v -0.132572 0.463990 0.126452
v -0.130965 0.385621 0.127858
v -0.128858 0.463355 -0.132217
v -0.127187 0.385927 -0.130680
v -0.131821 0.499281 0.128281
v -0.127815 0.431580 -0.127733
v -0.131393 0.356848 0.132522
v -0.130561 0.489937 0.131375
v -0.045805 0.591548 -0.277911
v -0.129515 0.136964 0.001323
v -0.128447 0.136693 -0.000303
v -0.128298 0.504357 0.135161
v -0.126659 0.134781 0.002114
v -0.124876 0.162761 0.005128
v -0.053538 0.710482 -0.147821
v -0.120966 0.216544 0.002998
v -0.127201 0.494995 -0.000655
v -0.120937 0.201475 -0.002489
v -0.119436 0.233970 -0.000923
v -0.122733 0.430869 0.000465
v -0.122319 0.469099 -0.000761
v -0.118731 0.183831 -0.001303
v -0.120497 0.387925 -0.001065
v -0.117533 0.200159 0.004078
v -0.119794 0.166616 0.003396
v -0.120727 0.456491 0.002368
v -0.119658 0.312063 -0.000110
v -0.118649 0.330512 0.002538
v -0.116945 0.498137 0.002692
v -0.116565 0.369644 -0.003279
v -0.116053 0.258265 0.005043
v -0.115508 0.459288 -0.001421
v -0.113907 0.220006 -0.000696
v -0.114161 0.492903 -0.000374
v -0.116003 0.429022 0.002589
v -0.113194 0.304729 -0.002945
v -0.113237 0.226411 0.002994
v -0.112274 0.399544 -0.000297
v -0.111443 0.319039 0.002800
v -0.110593 0.286138 0.000516
v -0.112567 0.520712 -0.175449
v -0.081006 0.496079 -0.006347
v -0.007925 0.504616 0.132080
v -0.065631 0.496319 -0.090979
v -0.064576 0.496884 0.012346
v 0.054393 0.563908 -0.270723
v -0.070342 0.504433 -0.148404
v -0.075139 0.489573 0.052203
v -0.020856 0.657743 0.230269
v -0.074041 0.254595 -0.052146
v -0.074301 0.255831 -0.048778
v -0.075508 0.281240 -0.045841
v -0.050254 0.515615 0.195953
v -0.074905 0.279935 -0.042998
v -0.080609 0.442796 0.040400
v -0.080045 0.451327 0.034415
v -0.079859 0.474721 0.037509
v -0.080191 0.442088 0.066761
v -0.080546 0.480796 0.068759
v 0.018861 0.564414 0.274739
v -0.076410 0.480211 0.027474
v -0.076916 0.480694 0.040694
v -0.053796 0.515352 -0.198430
v -0.078169 0.451032 0.071572
v -0.071568 0.280242 -0.053330
v -0.013339 0.552798 0.240766
v -0.035600 0.559827 -0.243717
v -0.075877 0.475695 0.064003
v -0.076842 0.308237 -0.041761
v -0.074992 0.483142 -0.065455
v -0.065145 0.501640 -0.157148
v -0.076044 0.440412 -0.032045
v -0.070434 0.446375 -0.067252
v -0.076452 0.306348 -0.047266
v -0.074169 0.317679 -0.037623
v -0.072193 0.461785 -0.071013
v -0.076660 0.394427 0.038621
v -0.069883 0.435358 -0.072053
v -0.052134 0.703093 0.156464
v -0.077069 0.097739 -0.070466
v -0.072026 0.430382 -0.037724
v -0.076301 0.417796 0.041298
v -0.075374 0.404329 0.068496
v -0.073215 0.435849 0.031752
v -0.069037 0.298629 -0.069606
v -0.075057 0.080663 -0.069590
v -0.075416 0.111384 -0.064523
v -0.071024 0.276018 -0.044064
v -0.073920 0.412479 0.035365
v -0.075928 0.454591 -0.033645
v -0.073036 0.474613 -0.072805
v -0.067748 0.317487 -0.072601
v -0.069898 0.286616 -0.049906
v -0.073401 0.375632 0.042851
v -0.072785 0.144912 -0.063152
v -0.072031 0.374705 0.037904
v -0.072827 0.085413 -0.073299
v -0.073924 0.487096 -0.043370
v -0.073001 0.482184 -0.030464
v -0.068809 0.482039 0.072159
v -0.072272 0.352383 -0.038758
v -0.067520 0.485024 -0.058867
v -0.072570 0.408901 0.063451
v -0.069016 0.436273 0.062827
v -0.066773 0.337765 -0.072233
v -0.073145 0.352639 0.069458
v -0.074274 0.379513 0.064752
v -0.072295 0.372015 -0.036811
v -0.069907 0.303328 -0.046528
v -0.070694 0.317116 -0.047832
v -0.072212 0.346974 -0.044185
v -0.074507 0.481093 -0.035116
v -0.070508 0.390516 0.043892
v -0.061298 0.334511 -0.069103
v -0.071609 0.486430 0.045243
v -0.070816 0.302870 -0.041927
v -0.072429 0.349480 0.067060
v -0.071816 0.392574 -0.035879
v -0.072534 0.422462 -0.033342
v -0.071160 0.460000 -0.029359
v -0.069789 0.461164 -0.150782
v -0.070217 0.413085 0.041983
v -0.071940 0.451401 -0.036611
v -0.069505 0.384408 -0.040413
v -0.070416 0.481515 -0.155207
v -0.070503 0.133387 -0.068868
v -0.072691 0.416852 -0.037320
v -0.070847 0.451937 0.040291
v -0.069753 0.478785 -0.076741
v -0.068977 0.131649 -0.060715
v -0.068202 0.483909 0.026444
v -0.068367 0.378670 0.039362
v -0.069182 0.385887 -0.033346
v -0.069744 0.376747 -0.069933
v -0.066259 0.378492 0.070413
v -0.067434 0.284089 -0.068734
v -0.065505 0.331330 -0.074456
v -0.067661 0.237242 -0.058390
v -0.071775 0.077902 -0.069853
v -0.067397 0.437375 -0.032074
v -0.069755 0.480231 -0.038482
v -0.067783 0.360029 -0.037048
v -0.067717 0.383895 -0.065170
v -0.069513 0.348794 0.070530
v -0.070084 0.443020 0.072560
v -0.070287 0.374133 0.043848
v -0.067046 0.291414 -0.073191
v -0.069925 0.369216 0.063257
v -0.067014 0.422557 -0.066419
v -0.069258 0.357837 -0.045639
v -0.069906 0.159168 -0.068001
v -0.067749 0.471017 -0.067159
v -0.068414 0.214353 -0.059074
v -0.065631 0.232029 -0.050162
v -0.069501 0.164750 -0.062538
v -0.070005 0.093612 -0.067525
v -0.062821 0.447530 -0.158530
v -0.066903 0.473585 -0.149709
v -0.069523 0.425531 -0.031573
v -0.069724 0.474013 0.070943
v -0.065704 0.352869 -0.040907
v -0.068766 0.405636 0.037685
v -0.067240 0.253555 -0.045927
v -0.062373 0.291481 -0.067809
v -0.066698 0.205388 -0.067195
v -0.066655 0.408288 -0.033043
v -0.068215 0.449501 -0.034968
v -0.064480 0.449772 -0.074153
v -0.065911 0.483966 -0.030566
v -0.066185 0.434558 -0.158066
v -0.067405 0.463866 -0.030485
v -0.067930 0.478118 0.036951
v -0.066489 0.479355 -0.035336
v -0.061668 0.367855 -0.073366
v -0.068633 0.425877 0.036874
v -0.066462 0.172852 -0.069210
v -0.066401 0.411096 -0.037109
v -0.066300 0.207079 -0.057563
v -0.064507 0.423899 -0.074275
v -0.066952 0.349925 0.066412
v -0.068058 0.451708 0.032630
v -0.061819 0.395324 -0.168577
v -0.068695 0.480162 0.065041
v -0.065432 0.222823 -0.077241
v -0.062815 0.446822 -0.152667
v -0.067763 0.234005 -0.078447
v -0.066563 0.383807 -0.036344
v -0.063879 0.222380 -0.064441
v -0.062733 0.389582 -0.172395
v -0.070404 0.244788 -0.071334
v -0.063241 0.376192 -0.174619
v -0.064337 0.194975 -0.065816
v -0.071802 0.266662 -0.071778
v -0.059130 0.297766 -0.072452
v -0.064287 0.443101 -0.069947
v -0.065411 0.438114 0.069016
v -0.065199 0.137432 -0.067128
v -0.057457 0.327779 -0.073591
v -0.064559 0.382587 0.065809
v -0.063085 0.403397 -0.066500
v -0.059592 0.504762 -0.150976
v -0.063849 0.205571 -0.058758
v -0.065282 0.169455 -0.064219
v -0.060256 0.379159 -0.176592
v -0.061711 0.473978 -0.072189
v -0.068274 0.260770 -0.075750
v -0.062718 0.231453 -0.059938
v -0.062445 0.475967 -0.153968
v -0.064098 0.484676 0.036598
v -0.065696 0.265578 -0.054993
v -0.058949 0.373419 -0.176150
v -0.061333 0.417137 -0.072036
v -0.063364 0.253952 -0.051485
v -0.047430 0.493218 -0.008502
v -0.059083 0.430187 -0.159937
v -0.057163 0.490771 0.070958
v -0.066613 0.260095 -0.071787
v -0.055811 0.481340 -0.068779
v -0.058923 0.484747 -0.038849
v -0.056959 0.486298 -0.050668
v -0.059448 0.299352 -0.075286
v -0.054885 0.485841 0.031742
v 0.012860 0.742572 0.004185
v -0.053713 0.162586 -0.044507
v -0.048031 0.475174 -0.045669
v -0.050241 0.212543 -0.041531
v -0.051087 0.207824 -0.047692
v -0.051905 0.247428 0.040513
v -0.049540 0.146925 -0.040053
v -0.052383 0.134783 0.040822
v -0.050528 0.484441 0.040736
v -0.050462 0.315300 0.037695
v -0.049635 0.219956 -0.050105
v -0.051077 0.196335 0.045454
v -0.049994 0.261263 -0.042450
v -0.048596 0.253306 -0.037695
v -0.050628 0.325776 0.042932
v -0.049368 0.112670 -0.043775
v -0.048461 0.332598 -0.042630
v -0.048836 0.396573 0.036588
v -0.050263 0.167626 0.039011
v -0.048576 0.307728 -0.041127
v -0.048717 0.236231 -0.046999
v -0.050817 0.130902 0.043366
v -0.047522 0.321053 -0.034707
v -0.048643 0.237261 0.044449
v -0.010834 0.501752 -0.111010
v -0.047972 0.280566 0.046488
v -0.049269 0.130991 -0.049070
v -0.048847 0.377672 0.042710
v -0.045777 0.453524 0.038715
v -0.047255 0.320677 0.046676
v -0.049102 0.384023 -0.034015
v -0.048795 0.113975 0.035825
v -0.047781 0.258259 0.036529
v -0.047899 0.473275 -0.037821
v -0.047433 0.478430 -0.033418
v -0.039414 0.481838 -0.072168
v -0.045788 0.052031 0.039744
v -0.046343 0.209260 -0.040172
v -0.038899 0.481796 -0.065079
v -0.048372 0.179872 0.045428
v -0.046862 0.464750 -0.030533
v -0.045332 0.259481 -0.051001
v -0.044320 0.385139 -0.029315
v -0.043374 0.372115 0.030607
v -0.046084 0.428125 -0.032684
v -0.045764 0.415270 0.041122
v -0.044111 0.237189 -0.049434
v -0.043237 0.435585 -0.037390
v -0.048880 0.083243 0.040751
v -0.046076 0.107477 -0.046154
v -0.047873 0.477132 0.031829
v -0.046551 0.452678 0.034044
v -0.043504 0.296482 -0.046212
v -0.045294 0.472814 -0.042305
v -0.046607 0.048927 0.043580
v -0.041570 0.481913 -0.026226
v -0.046281 0.213936 0.038622
v -0.043621 0.476892 0.040043
v -0.045505 0.094912 0.041774
v -0.045356 0.162369 -0.042218
v -0.044189 0.196889 -0.047393
v -0.046437 0.152647 0.042064
v -0.044544 0.434749 0.041331
v -0.045097 0.154151 -0.046817
v -0.044970 0.447880 -0.034118
v -0.042440 0.339584 0.033437
v -0.043427 0.134472 -0.041653
v -0.042837 0.341129 -0.043821
v -0.044381 0.107370 -0.043455
v -0.043831 0.481469 0.024852
v -0.044614 0.224817 0.040560
v -0.039504 0.328727 -0.032088
v -0.042859 0.333371 0.046177
v -0.041551 0.447771 -0.029851
v -0.042784 0.287582 0.044841
v -0.041114 0.449092 0.026448
v -0.040440 0.287151 -0.035792
v -0.044642 0.027591 0.044323
v -0.042380 0.238591 -0.042255
v -0.044989 0.036438 0.043932
v -0.043281 0.047670 0.042843
v -0.041783 0.263770 -0.049307
v -0.040271 0.459348 -0.038190
v -0.043125 0.086954 0.037906
v -0.037961 0.485243 -0.051752
v -0.039408 0.470335 -0.027465
v -0.044151 0.040669 0.044201
v -0.039991 0.452483 0.040704
v -0.028717 0.491670 0.056884
v -0.035937 0.382361 -0.030672
v -0.038699 0.326417 -0.041363
v -0.035279 0.479281 0.042048
v -0.035117 0.370519 -0.035920
v -0.035083 0.440157 -0.035113
v -0.038168 0.352565 0.037063
v -0.033657 0.448641 0.037860
v -0.038210 0.487052 0.047083
v -0.035362 0.486617 0.067303
v -0.034148 0.468704 -0.038669
v -0.036881 0.333870 -0.033408
v -0.032777 0.453816 -0.031745
v -0.012667 0.496753 0.047717
v -0.037214 0.486049 0.023407
v -0.034925 0.405516 -0.033934
v -0.006996 0.496797 -0.019067
v -0.035254 0.461828 0.027524
v -0.033222 0.410490 0.037650
v -0.031237 0.487138 -0.027246
v 0.022374 0.655705 -0.231192
v -0.033035 0.410847 0.030882
v -0.030232 0.484449 -0.046679
v -0.032128 0.458901 0.032453
v -0.031616 0.489135 -0.073209
v -0.031659 0.468732 0.039414
v -0.028106 0.483755 -0.036765
v -0.029583 0.489565 0.031220
v -0.029166 0.485739 0.040000
v -0.002890 0.502576 -0.130126
v -0.014136 0.496852 -0.055321
v 0.012659 0.720320 -0.124687
v -0.015416 0.037520 -0.150118
v -0.003131 0.517325 -0.210475
v -0.013557 0.036684 -0.150197
v -0.012014 0.054666 -0.158917
v 0.028967 0.705359 0.157019
v -0.011028 0.059166 -0.164304
v -0.011319 0.091920 -0.168750
v -0.009388 0.092970 -0.165694
v -0.009153 0.147233 -0.185237
v -0.005852 0.334720 -0.189702
v -0.008273 0.177237 -0.190267
v -0.005898 0.276755 -0.194995
v 0.077499 0.610348 0.262253
v -0.006740 0.265098 -0.190284
v -0.008194 0.061914 -0.165189
v -0.008409 0.100889 -0.174581
v -0.004903 0.495927 0.081015
v -0.008463 0.142525 -0.180884
v -0.005172 0.366721 -0.186226
v -0.004295 0.345423 -0.185533
v 0.003771 0.496450 0.042765
v -0.004543 0.229816 -0.185275
v -0.008831 0.250893 0.189423
v -0.007871 0.271378 0.194734
v -0.002777 0.510961 0.204126
v -0.007058 0.345476 0.185232
v -0.009249 0.458291 0.166504
v -0.003834 0.431195 -0.166424
v -0.008726 0.347737 0.189634
v -0.008005 0.165521 0.119147
v -0.006419 0.078498 -0.164401
v -0.004603 0.304036 -0.114306
v -0.003771 0.224588 -0.193578
v -0.003872 0.333342 -0.110285
v -0.007625 0.208466 0.112805
v -0.008019 0.484977 0.157634
v -0.007179 0.400847 0.174293
v -0.008215 0.375412 0.182570
v -0.007283 0.229097 0.115377
v -0.006888 0.311020 0.112717
v -0.006186 0.160485 0.122523
v -0.003853 0.401531 -0.114771
v -0.003743 0.491440 -0.168114
v -0.004951 0.480374 -0.164284
v -0.002754 0.174524 -0.192745
v -0.003011 0.274905 -0.188112
v -0.005696 0.170845 0.189390
v -0.004286 0.135725 -0.186216
v -0.006256 0.452532 0.160751
v -0.004588 0.162749 -0.183092
v -0.008263 0.480233 0.169050
v -0.003116 0.227624 -0.119805
v -0.000469 0.352905 -0.189548
v -0.004909 0.122914 -0.174732
v -0.005660 0.193283 -0.119180
v -0.007455 0.475146 0.072463
v -0.004283 0.452536 -0.113915
v -0.001355 0.367634 -0.117022
v -0.006142 0.195353 0.192485
v -0.006316 0.383012 0.110884
v -0.004299 0.243317 -0.114446
v -0.006431 0.307725 0.109768
v -0.002142 0.412823 -0.167894
v -0.003037 0.484227 -0.155337
v -0.002350 0.440476 -0.169061
v -0.006891 0.408614 0.176612
v -0.007393 0.452887 0.070409
v -0.004855 0.484084 -0.058619
v -0.000431 0.280638 -0.195643
v -0.006120 0.409547 0.115247
v -0.005300 0.301866 0.114564
v -0.007354 0.479533 0.108662
v -0.001730 0.403503 -0.115948
v -0.006299 0.454611 0.108115
v -0.004601 0.483732 -0.077550
v -0.006165 0.417927 0.070565
v -0.005383 0.215707 0.185728
v -0.005110 0.164534 0.116534
v -0.008289 0.437607 0.070256
v -0.004301 0.167245 -0.121631
v -0.003437 0.488769 -0.039289
v -0.006634 0.450637 0.169925
v -0.003123 0.448856 -0.110673
v -0.003023 0.457072 -0.068035
v -0.004163 0.166771 -0.124448
v -0.003637 0.483879 -0.113591
v -0.004889 0.474503 0.062860
v -0.002134 0.223826 -0.116195
v -0.005985 0.482516 0.099911
v -0.005105 0.422318 0.065775
v -0.002661 0.434689 -0.075982
v -0.001624 0.297252 -0.116677
v -0.005403 0.450211 0.074926
v -0.002469 0.445331 -0.118166
v -0.005566 0.447474 0.116485
v -0.005308 0.485244 0.056621
v -0.003599 0.481504 -0.105319
v -0.002560 0.392125 -0.074342
v -0.005120 0.389353 0.070697
v -0.005575 0.480240 0.113055
v -0.004536 0.090618 -0.169693
v -0.003763 0.157352 0.122220
v -0.002714 0.227016 0.110751
v -0.004882 0.476410 0.167810
v -0.004975 0.448725 0.066454
v -0.002237 0.190491 -0.122448
v -0.004376 0.405495 0.109576
v -0.001432 0.298491 -0.110165
v -0.001862 0.392234 -0.073048
v -0.004765 0.343566 0.191035
v -0.003861 0.313217 0.109037
v -0.005508 0.487411 0.156333
v -0.000355 0.380622 -0.109869
v -0.000393 0.354277 -0.183734
v -0.004383 0.424448 0.167156
v -0.001862 0.458683 -0.157679
v -0.002582 0.165161 -0.123166
v -0.003484 0.230959 0.115522
v -0.002566 0.194772 -0.116706
v -0.003273 0.396456 0.066579
v -0.002760 0.478065 -0.078048
v -0.003564 0.380076 0.184915
v -0.003793 0.371052 0.113834
v -0.004468 0.485292 0.073840
v -0.004125 0.452636 0.071391
v -0.001975 0.134072 -0.182230
v 0.003213 0.502513 0.100049
v -0.003728 0.433025 0.113804
v -0.003366 0.413011 0.068170
v -0.000382 0.507586 0.156239
v -0.000637 0.441212 -0.112652
v -0.004000 0.466322 0.108071
v -0.000016 0.485955 -0.107453
v 0.003808 0.506368 -0.163151
v -0.002080 0.309594 0.112312
v -0.000878 0.184730 -0.120923
v 0.001153 0.275391 -0.190286
v -0.001559 0.480284 -0.066505
v -0.000332 0.236057 -0.116799
v -0.002724 0.359363 0.186677
v 0.000411 0.429057 -0.165067
v -0.003295 0.417379 0.171783
v 0.001431 0.348700 -0.188234
v -0.000438 0.177719 -0.187788
v -0.002659 0.201234 0.187111
v 0.000569 0.293794 -0.114596
v -0.002930 0.183404 0.190591
v -0.000254 0.461869 -0.163606
v -0.002790 0.274127 0.194069
v -0.002927 0.161161 0.118577
v -0.002670 0.277084 0.189395
v 0.001391 0.395758 -0.176806
v 0.001449 0.268969 -0.192893
v 0.010070 0.493876 -0.045906
v 0.003890 0.498977 -0.086639
v 0.067771 0.515196 -0.200231
v 0.047015 0.495919 0.089845
v 0.022254 0.484807 -0.029724
v 0.071954 0.665713 0.211844
v 0.021800 0.482606 -0.043556
v 0.021020 0.463685 0.037539
v 0.022000 0.485129 0.031344
v 0.074188 0.517402 0.193543
v 0.021633 0.476376 -0.072862
v 0.021326 0.474698 -0.035067
v 0.021934 0.471557 -0.073800
v 0.023437 0.462775 0.025720
v 0.032036 0.476281 0.042283
v 0.101107 0.602780 -0.256564
v 0.022933 0.484678 -0.065598
v 0.026057 0.443538 -0.074968
v 0.024467 0.461370 -0.028828
v 0.021448 0.479400 0.037520
v 0.022550 0.467634 -0.069874
v 0.024023 0.484111 -0.074672
v 0.022464 0.464021 0.065742
v 0.027137 0.433513 -0.072032
v 0.052364 0.489382 -0.008868
v 0.023535 0.474213 -0.073918
v 0.029800 0.484148 -0.058306
v 0.025706 0.385563 -0.035316
v 0.023167 0.474698 -0.070451
v 0.027176 0.464509 -0.076255
v 0.026044 0.413656 0.068056
v 0.025944 0.460230 -0.066258
v 0.024401 0.416561 0.035006
v 0.026037 0.484266 0.056493
v 0.025483 0.443834 0.073825
v 0.026032 0.484145 0.072464
v 0.033268 0.491706 0.021337
v 0.030679 0.482944 0.024897
v 0.031772 0.475101 -0.027339
v 0.024904 0.480360 0.062898
v 0.027180 0.414959 0.064310
v 0.028752 0.378343 -0.031437
v 0.026213 0.465150 0.042643
v 0.034477 0.482002 0.054204
v 0.025329 0.439943 0.041266
v 0.029455 0.380747 -0.044094
v 0.024031 0.460670 -0.038983
v 0.026215 0.477678 -0.064086
v 0.031731 0.344593 -0.038438
v 0.029935 0.339866 0.044503
v 0.027131 0.473380 -0.075735
v 0.028239 0.364258 0.032531
v 0.034576 0.320075 -0.037552
v 0.030395 0.450103 0.060517
v 0.029375 0.426572 0.073501
v 0.029525 0.437839 -0.068448
v 0.029574 0.432475 -0.073544
v 0.029884 0.376311 0.029767
v 0.030481 0.417375 -0.042924
v 0.030128 0.292367 0.039157
v 0.032187 0.351634 0.044870
v 0.031498 0.469365 -0.066983
v 0.030472 0.326426 0.071165
v 0.029977 0.469732 -0.040826
v 0.030558 0.454749 -0.071956
v 0.033137 0.411091 0.028283
v 0.030055 0.412258 0.042784
v 0.036962 0.483256 -0.050900
v 0.031893 0.307724 0.065932
v 0.031055 0.391372 0.060442
v 0.030240 0.467697 0.026451
v 0.030904 0.343746 0.063754
v 0.033432 0.478652 -0.073170
v 0.032501 0.326705 0.072274
v 0.038061 0.299158 -0.045497
v 0.037632 0.338170 -0.043654
v 0.033830 0.301920 0.046760
v 0.039610 0.257561 0.068154
v 0.031387 0.278906 0.043026
v 0.034871 0.484583 -0.025320
v 0.031477 0.090305 0.072057
v 0.041123 0.279341 0.060500
v 0.033638 0.284022 0.045801
v 0.035152 0.232705 0.064701
v 0.032377 0.283705 0.035485
v 0.034258 0.238737 0.056016
v 0.036717 0.262652 0.059881
v 0.032105 0.279430 0.045934
v 0.031776 0.476855 0.062417
v 0.039479 0.264345 -0.040822
v 0.033462 0.480356 0.070988
v 0.037462 0.373414 -0.033500
v 0.033272 0.248998 0.042061
v 0.034567 0.362699 0.071827
v 0.032868 0.115643 0.063125
v 0.034524 0.203659 0.041608
v 0.031750 0.471411 0.070686
v 0.037423 0.253769 0.065415
v 0.034825 0.446829 -0.038631
v 0.035983 0.369285 -0.043608
v 0.033221 0.092025 0.065827
v 0.033834 0.186285 0.068602
v 0.035370 0.083689 0.069357
v 0.036126 0.426548 -0.032888
v 0.033135 0.180500 0.064001
v 0.041597 0.275386 -0.038024
v 0.034942 0.128765 0.065183
v 0.036129 0.217175 0.046424
v 0.034728 0.450511 0.041197
v 0.034907 0.464782 0.036102
v 0.037112 0.481366 -0.067613
v 0.035180 0.403111 0.041272
v 0.036094 0.127181 0.058709
v 0.037492 0.327914 -0.036479
v 0.035286 0.367054 0.036037
v 0.037074 0.225106 0.037531
v 0.061744 0.493318 -0.097549
v 0.037803 0.306604 0.035814
v 0.035840 0.174027 0.046068
v 0.035364 0.122525 0.046559
v 0.037794 0.409099 0.063232
v 0.035612 0.087379 0.072370
v 0.035706 0.443308 0.065258
v 0.036885 0.417865 0.035308
v 0.036086 0.159663 0.042654
v 0.037636 0.379221 0.061316
v 0.037553 0.114960 0.041591
v 0.037592 0.152507 0.068210
v 0.038285 0.473570 -0.044735
v 0.038201 0.348371 0.062505
v 0.039918 0.369839 -0.038162
v 0.037979 0.121124 0.046824
v 0.037613 0.464200 -0.034376
v 0.039395 0.386081 0.068934
v 0.039081 0.236754 0.042463
v 0.039409 0.399298 -0.036804
v 0.038601 0.187239 0.061746
v 0.038001 0.231235 0.055297
v 0.084998 0.549762 0.222309
v 0.046374 0.234228 -0.040426
v 0.036479 0.475509 0.039651
v 0.038255 0.134515 0.065290
v 0.043020 0.319491 -0.047381
v 0.038444 0.190028 0.069902
v 0.039335 0.139881 0.041023
v 0.037467 0.309634 0.041756
v 0.042178 0.485462 0.037128
v 0.039295 0.264366 0.039677
v 0.039434 0.104428 0.067135
v 0.042035 0.335228 -0.043444
v 0.039325 0.128324 0.060219
v 0.041179 0.242432 0.062072
v 0.040910 0.181257 0.043332
v 0.041327 0.479245 -0.036106
v 0.040058 0.360100 0.066163
v 0.047530 0.282221 -0.049481
v 0.040197 0.154088 0.047160
v 0.045663 0.273571 -0.048087
v 0.039927 0.482692 0.048991
v 0.041059 0.120894 0.043391
v 0.040752 0.184956 0.066397
v 0.042220 0.325185 0.068425
v 0.044291 0.483962 -0.050590
v 0.044367 0.262332 0.064466
v 0.048136 0.249090 -0.037987
v 0.046459 0.484978 -0.068494
v 0.049509 0.239305 -0.042855
v 0.047551 0.285544 -0.041819
v 0.043774 0.309678 0.064358
v 0.096270 0.548863 -0.221924
v 0.048077 0.484005 -0.035183
v 0.048232 0.286496 -0.046800
v 0.055682 0.214805 -0.039667
v 0.059357 0.333675 -0.073123
v 0.059371 0.341342 -0.048354
v 0.053972 0.254594 -0.041563
v 0.045603 0.262552 0.061060
v 0.056357 0.240100 -0.040173
v 0.056348 0.482258 -0.074634
v 0.055984 0.202934 -0.047061
v 0.054051 0.480626 -0.043283
v 0.056953 0.195972 -0.042898
v 0.056598 0.476778 -0.036748
v 0.056373 0.483180 -0.064404
v 0.056334 0.368259 -0.072674
v 0.060246 0.213517 -0.045525
v 0.056751 0.179571 -0.048508
v 0.061929 0.311730 -0.045316
v 0.057577 0.419788 -0.073159
v 0.061650 0.482632 -0.049207
v 0.056139 0.481828 0.059713
v 0.060181 0.480406 0.051790
v 0.058390 0.402643 0.063307
v 0.063757 0.483885 0.037115
v 0.065019 0.288148 -0.052566
v 0.060445 0.222330 -0.041900
v 0.057593 0.437524 0.063611
v 0.115622 0.696654 -0.110661
v 0.061091 0.391462 -0.066175
v 0.062349 0.355497 -0.066760
v 0.059934 0.378023 -0.037590
v 0.060209 0.349966 -0.076298
v 0.057362 0.480721 0.067452
v 0.060718 0.368026 0.064083
v 0.059153 0.155482 -0.045540
v 0.058879 0.385911 -0.043876
v 0.060051 0.430338 -0.075042
v 0.058466 0.437966 0.058799
v 0.059006 0.451793 -0.071977
v 0.060808 0.390313 0.055023
v 0.058300 0.425198 -0.038880
v 0.061063 0.324836 0.063230
v 0.059898 0.463442 -0.073169
v 0.060501 0.456165 0.066662
v 0.060837 0.324390 0.067214
v 0.058118 0.468559 0.067909
v 0.063517 0.324584 -0.071909
v 0.062979 0.486978 -0.024091
v 0.061444 0.437286 -0.068038
v 0.061758 0.300551 -0.052260
v 0.060470 0.427982 -0.043407
v 0.058385 0.458084 -0.038461
v 0.059607 0.435630 -0.034911
v 0.062100 0.325652 -0.052936
v 0.061590 0.448854 -0.044364
v 0.061853 0.448747 0.056785
v 0.064577 0.483873 -0.079970
v 0.062300 0.359119 0.056426
v 0.063860 0.158974 -0.041985
v 0.060923 0.465270 0.060338
v 0.062173 0.430606 0.055870
v 0.065476 0.345332 -0.049828
v 0.065213 0.388657 -0.076533
v 0.063522 0.156197 -0.046448
v 0.067201 0.460543 -0.063204
v 0.107043 0.694202 0.143220
v 0.062549 0.206353 -0.043398
v 0.064903 0.426674 -0.066254
v 0.061357 0.457563 -0.043101
v 0.063317 0.187291 -0.050580
v 0.065019 0.468594 -0.076745
v 0.067084 0.361209 -0.076067
v 0.062900 0.329135 0.067913
v 0.067286 0.476618 -0.029389
v 0.065945 0.410152 -0.075928
v 0.066481 0.334802 -0.037752
v 0.066984 0.451056 -0.077861
v 0.068746 0.284013 -0.046585
v 0.063351 0.407557 0.056551
v 0.064919 0.456424 0.068682
v 0.067619 0.263446 -0.052082
v 0.064732 0.318684 -0.074757
v 0.064917 0.482807 0.071529
v 0.065756 0.468750 0.058130
v 0.066710 0.423819 -0.032864
v 0.067647 0.371003 -0.035641
v 0.065640 0.188077 -0.048383
v 0.065608 0.401163 -0.066105
v 0.067829 0.291357 -0.057286
v 0.063368 0.390555 0.065084
v 0.069447 0.299294 -0.074303
v 0.067006 0.435503 -0.045860
v 0.069069 0.297534 -0.043169
v 0.065775 0.480981 0.049866
v 0.067126 0.454282 -0.031632
v 0.066971 0.279648 -0.075778
v 0.065400 0.309816 0.068552
v 0.068037 0.464311 -0.043170
v 0.066817 0.327218 -0.073515
v 0.069794 0.251053 -0.060009
v 0.067924 0.482104 -0.060525
v 0.068417 0.363635 -0.070650
v 0.068748 0.435733 -0.074335
v 0.068757 0.260850 -0.075960
v 0.070155 0.486382 -0.052263
v 0.068964 0.396830 -0.045048
v 0.134762 0.515054 0.148912
v 0.069535 0.478064 -0.045451
v 0.066275 0.439421 0.062675
v 0.068088 0.450796 -0.044268
v 0.069281 0.483645 0.066004
v 0.069331 0.294177 -0.076280
v 0.072556 0.228495 -0.087861
v 0.070707 0.266016 -0.080579
v 0.070413 0.269883 -0.074245
v 0.071091 0.231302 -0.084081
v 0.070271 0.314051 -0.043491
v 0.070381 0.386873 -0.037040
v 0.070454 0.482947 -0.076335
v 0.069875 0.481250 -0.030736
v 0.070478 0.434966 -0.033486
v 0.069340 0.468882 -0.064075
v 0.114809 0.502901 -0.131514
v 0.071452 0.290270 -0.056368
v 0.070111 0.339342 -0.045290
v 0.065520 0.494380 0.015250
v 0.070976 0.261798 -0.051356
v 0.070412 0.453205 -0.035050
v 0.074435 0.233816 -0.087841
v 0.073616 0.228304 -0.081843
v 0.073661 0.258613 -0.079862
v 0.072490 0.260270 -0.056238
v 0.098698 0.497610 0.045476
v 0.078302 0.225416 -0.086835
v 0.081471 0.494730 -0.047133
v 0.077959 0.188336 -0.090295
v 0.074266 0.483868 -0.031773
v 0.159996 0.703367 -0.007807
v 0.079383 0.202839 -0.092621
v 0.078352 0.126733 -0.095991
v 0.083128 0.181374 -0.086397
v 0.079719 0.156785 -0.088906
v 0.080544 0.154038 -0.096218
v 0.084988 0.192468 -0.088909
v 0.081180 0.138024 -0.093840
v 0.084255 0.144774 -0.097427
v 0.084762 0.127495 -0.096935
v 0.087897 0.146353 -0.092392
v 0.087654 0.148469 -0.096246
v 0.137984 0.652782 -0.190192
v 0.106184 0.492027 0.002159
v 0.102760 0.486590 -0.003733
v 0.102144 0.387876 -0.000252
v 0.102657 0.260337 -0.001356
v 0.102746 0.379037 -0.004006
v 0.101801 0.480236 -0.000631
v 0.128835 0.501719 0.002193
v 0.105725 0.315877 -0.005802
v 0.105821 0.240758 -0.005410
v 0.122704 0.517801 -0.165285
v 0.128816 0.552817 0.188782
v 0.109162 0.491860 -0.006268
v 0.106077 0.258247 0.002620
v 0.104429 0.397502 0.001991
v 0.106652 0.206139 -0.002255
v 0.118978 0.507373 0.129933
v 0.109822 0.193728 0.000559
v 0.108631 0.455192 -0.003882
v 0.112138 0.202970 0.000842
v 0.110673 0.404399 0.002048
v 0.111778 0.162114 -0.004159
v 0.138946 0.503233 -0.012448
v 0.110613 0.328484 -0.004568
v 0.112343 0.340820 -0.000081
v 0.113245 0.168593 -0.007497
v 0.112467 0.228850 -0.004879
v 0.115607 0.489393 -0.000945
v 0.111165 0.468594 -0.000049
v 0.113625 0.232739 -0.000592
v 0.112362 0.446309 -0.001869
v 0.151623 0.700944 0.073415
v 0.116663 0.157711 -0.006015
v 0.116405 0.156810 -0.001901
v 0.119290 0.162106 -0.003332
v 0.144963 0.544725 -0.161745
v 0.120543 0.402292 -0.129081
v 0.119571 0.474460 -0.131392
v 0.121819 0.374050 -0.133649
v 0.120263 0.408136 0.128740
v 0.122730 0.489173 -0.128785
v 0.121323 0.490841 0.129984
v 0.125287 0.310000 -0.133204
v 0.180308 0.510105 -0.077270
v 0.123099 0.350589 0.129389
v 0.123347 0.484678 0.124685
v 0.125380 0.257057 0.136053
v 0.124380 0.387241 0.133144
v 0.151537 0.512632 -0.126049
v 0.124363 0.487674 0.132951
v 0.121814 0.492399 -0.135354
v 0.124882 0.344584 -0.136393
v 0.124508 0.431861 0.125160
v 0.128187 0.268979 -0.138819
v 0.127587 0.258630 0.131966
v 0.127094 0.238274 -0.136707
v 0.126513 0.448089 0.130776
v 0.127058 0.382744 -0.135543
v 0.126664 0.336340 0.129317
v 0.126471 0.494053 -0.135223
v 0.131550 0.505268 0.123886
v 0.127793 0.212656 -0.140566
v 0.128989 0.278043 -0.133018
v 0.127684 0.307864 0.136629
v 0.125411 0.399487 -0.127204
v 0.129699 0.223240 0.138672
v 0.127100 0.493029 -0.130349
v 0.129997 0.215312 -0.137205
v 0.129179 0.195949 -0.142336
v 0.129503 0.226459 0.134534
v 0.129965 0.346793 -0.133935
v 0.128628 0.359181 0.130840
v 0.131082 0.229529 0.140167
v 0.132120 0.220516 -0.139954
v 0.130326 0.491157 0.129265
v 0.147517 0.632907 0.211847
v 0.180367 0.517584 0.094199
v 0.131894 0.255747 -0.136689
v 0.133262 0.226801 0.137170
v 0.132331 0.237822 0.134184
v 0.182980 0.616861 -0.176006
v 0.142331 0.035384 -0.007923
v 0.143311 0.493664 -0.000864
v 0.147521 0.494319 0.051963
v 0.167306 0.610096 -0.212088
v 0.143953 0.036703 -0.006809
v 0.151778 0.495656 -0.004389
v 0.145049 0.493530 0.056521
v 0.151258 0.459862 0.002294
v 0.148749 0.458214 -0.001097
v 0.145899 0.486031 0.055477
v 0.210746 0.637889 -0.127878
v 0.148549 0.468591 0.058411
v 0.155750 0.491507 0.003318
v 0.152732 0.066048 -0.005969
v 0.168870 0.507046 0.016191
v 0.148803 0.494037 0.056552
v 0.180795 0.554085 0.137665
v 0.154399 0.056822 -0.009097
v 0.149198 0.482764 0.053926
v 0.210235 0.558950 -0.185713
v 0.151232 0.466006 0.054960
v 0.157229 0.060394 -0.005904
v 0.154192 0.448254 0.052905
v 0.159445 0.418545 0.057236
v 0.159891 0.494935 -0.001813
v 0.161523 0.415575 -0.003954
v 0.158806 0.083914 -0.002892
v 0.159748 0.101915 -0.007118
v 0.157409 0.481288 -0.003551
v 0.199370 0.514024 -0.013845
v 0.158442 0.094784 -0.001656
v 0.185719 0.642988 0.156289
v 0.163058 0.415398 0.058531
v 0.160596 0.085346 -0.006242
v 0.161440 0.422253 0.053691
v 0.161538 0.481305 -0.000882
v 0.165351 0.393427 0.000040
v 0.161600 0.453711 0.002186
v 0.168029 0.397245 0.002937
v 0.162989 0.441686 -0.002439
v 0.169961 0.116384 -0.007472
v 0.165216 0.398671 0.055902
v 0.164820 0.398165 0.059748
v 0.170180 0.132095 -0.001117
v 0.167114 0.401958 0.057252
v 0.175091 0.367368 -0.004275
v 0.173056 0.139567 -0.005528
v 0.176427 0.135750 0.000584
v 0.171925 0.394404 0.000183
v 0.173595 0.118532 -0.003333
v 0.178020 0.344908 0.001724
v 0.177254 0.340675 -0.003039
v 0.182997 0.174808 -0.004960
v 0.180720 0.350213 0.001578
v 0.181529 0.349920 -0.002666
v 0.177425 0.216088 0.000378
v 0.178412 0.175631 -0.003504
v 0.182479 0.151449 -0.002605
v 0.184043 0.271216 -0.005164
v 0.180736 0.177232 0.000989
v 0.181681 0.271317 0.000518
v 0.185077 0.178964 0.000136
v 0.187044 0.280151 0.002935
v 0.186153 0.218493 -0.001335
v 0.188639 0.284839 -0.003610
v 0.189692 0.273295 0.000371
v 0.217146 0.550614 0.084190
v 0.224595 0.654981 -0.050633
v 0.204043 0.547374 -0.112308
v 0.235491 0.601061 0.142932
v 0.194131 0.563071 0.200769
v 0.229820 0.550221 -0.025193
v 0.241873 0.639557 0.053928
v 0.271689 0.574999 -0.007253
v 0.067045 0.434289 -0.066410
vn -0.2259 0.2601 0.9388
vn -0.4338 0.5964 0.6754
vn -0.3704 -0.5205 0.7694
vn -0.0359 -0.8466 0.5310
vn -0.1909 -0.7331 0.6528
vn 0.2369 -0.8414 0.4857
vn 0.7360 0.0019 0.6770
vn 0.9991 -0.0103 -0.0413
vn 0.3230 0.1027 0.9408
vn 0.7810 -0.0403 -0.6232
vn 0.3202 -0.8356 0.4464
vn 0.3735 -0.8676 0.3283
vn 0.6318 -0.4654 0.6199
vn 0.1436 0.0535 0.9882
vn 0.0671 -0.0384 0.9970
vn 0.8986 -0.4290 -0.0923
vn -0.9626 -0.0486 0.2666
vn -0.1304 -0.9533 0.2724
vn 0.6983 -0.0502 -0.7141
vn 0.9986 0.0489 -0.0180
vn -0.9636 -0.0018 -0.2672
vn -0.2576 0.0061 -0.9662
vn 0.0341 -0.0265 -0.9991
vn 0.9799 -0.0185 0.1987
vn 0.4598 -0.0722 -0.8851
vn 0.2926 -0.5660 -0.7707
vn -0.8668 0.3387 0.3660
vn -0.5874 0.5626 0.5818
vn -0.5110 0.8025 0.3079
vn 0.6387 0.0479 0.7680
vn -0.7223 0.0503 0.6898
vn -0.6455 -0.3773 0.6641
vn -0.9740 -0.1768 -0.1416
vn 0.2941 -0.9269 0.2332
vn 0.0003 -0.9862 0.1653
vn -0.0630 -0.9912 -0.1161
vn -0.1012 -0.9895 -0.1032
vn -0.9977 -0.0396 0.0554
vn -0.1798 0.0688 0.9813
vn 0.2441 -0.1475 0.9585
vn -0.4949 -0.0409 0.8680
vn -0.9482 0.0009 0.3177
vn 0.7614 -0.0165 0.6480
vn 0.4952 -0.8633 -0.0974
vn -0.2209 -0.6535 -0.7240
vn -0.9531 0.2598 -0.1553
vn -0.8625 -0.4973 0.0937
vn -0.6768 0.7336 0.0621
vn -0.6431 -0.0839 0.7612
vn -0.4987 -0.0071 0.8668
vn 0.7934 0.0093 0.6087
vn 0.8762 -0.2275 0.4249
vn -0.1613 -0.9830 -0.0882
vn 0.9830 -0.1508 0.1045
vn 0.1608 -0.3182 -0.9343
vn 0.2542 -0.0908 0.9629
vn 0.3369 0.0737 0.9387
vn -0.7416 0.0103 0.6708
vn 0.6438 -0.7309 0.2265
vn 0.6291 -0.7748 -0.0631
vn 0.9610 -0.2709 -0.0558
vn 0.7134 -0.0457 0.6993
vn 0.9575 -0.0385 -0.2857
vn 0.8314 -0.3045 0.4647
vn -0.8625 0.0791 -0.4998
vn -0.9484 -0.0520 0.3127
vn -0.9497 0.0035 0.3131
vn -0.5955 0.1223 0.7940
vn 0.9160 -0.0964 0.3894
vn -0.8274 -0.0400 0.5601
vn -0.4709 -0.8202 -0.3249
vn 0.5005 -0.1633 -0.8502
vn -0.9372 0.0345 -0.3471
vn -0.7683 -0.0618 -0.6371
vn 0.3503 -0.8660 -0.3568
vn -0.3895 0.1100 -0.9144
vn 0.0694 -0.2648 -0.9618
vn -0.9583 -0.1091 -0.2643
vn -0.7025 0.0081 -0.7116
vn 0.3783 0.0381 -0.9249
vn -0.4103 0.9116 -0.0265
vn 0.0133 -0.9576 0.2879
vn -0.5811 0.0414 0.8128
vn -0.9967 0.0052 -0.0810
vn -0.5204 -0.0898 0.8492
vn -0.6980 -0.0462 0.7146
vn 0.0642 0.0047 0.9979
vn -0.3370 0.0447 0.9404
vn 0.6971 0.0188 0.7167
vn 0.9870 -0.0902 0.1333
vn 0.7015 -0.0680 0.7094
vn -0.2816 -0.1678 -0.9447
vn -0.9749 -0.1689 -0.1452
vn -0.7027 -0.0406 0.7103
vn -0.9928 -0.1033 -0.0600
vn -0.0510 -0.2188 0.9744
vn -0.7609 0.0102 0.6488
vn 0.9099 -0.0063 0.4148
vn 0.5077 0.0087 0.8615
vn 0.9866 -0.1213 -0.1094
vn -0.9969 -0.0696 0.0358
vn -0.9504 -0.0164 0.3106
vn 0.7783 -0.0084 0.6279
vn 0.9949 -0.0015 -0.1007
vn 0.8737 0.0033 -0.4864
vn 0.9804 0.0091 -0.1968
vn 0.9149 -0.0216 0.4031
vn 0.8214 -0.0181 -0.5701
vn 0.0777 -0.1599 -0.9841
vn -0.7121 -0.2364 -0.6611
vn -0.0317 -0.9118 -0.4094
vn 0.9740 0.0384 -0.2232
vn -0.5541 -0.0426 -0.8313
vn 0.9972 -0.0688 -0.0307
vn 0.7910 -0.2990 0.5338
vn 0.1665 -0.9769 0.1343
vn 0.1088 -0.9896 -0.0946
vn -0.0381 -0.9728 0.2285
vn 0.0452 -0.9934 0.1052
vn 0.9960 0.0426 -0.0787
vn 0.1784 -0.2452 0.9529
vn 0.6053 0.0311 0.7954
vn -0.4564 -0.0956 0.8846
vn 0.9942 -0.0283 -0.1038
vn 0.7486 0.0274 0.6625
vn 0.8506 -0.0620 0.5221
vn -0.7870 0.0416 0.6156
vn -0.0469 0.0030 0.9989
vn -0.9902 -0.0171 -0.1388
vn 0.8874 0.2351 -0.3966
vn 0.4255 0.1655 0.8897
vn 0.6627 0.1777 -0.7275
vn -0.9995 0.0081 0.0299
vn -0.6312 -0.0104 -0.7755
vn -0.6971 -0.0247 0.7166
vn -0.3075 -0.3178 -0.8969
vn -0.9397 -0.3336 0.0748
vn -0.3916 -0.1291 -0.9110
vn -0.9974 -0.0636 0.0346
vn -0.9290 -0.3697 -0.0171
vn -0.4614 -0.1038 0.8811
vn 0.1084 -0.8823 0.4581
vn 0.2981 -0.0003 0.9545
vn 0.9870 -0.0956 0.1295
vn -0.3130 0.0117 -0.9497
vn -0.9936 -0.0681 -0.0896
vn -0.9039 0.0441 -0.4255
vn 0.8213 0.0693 -0.5663
vn 0.4638 -0.0001 -0.8859
vn 0.9969 0.0371 0.0696
vn 0.7777 0.2487 -0.5774
vn 0.8661 -0.0301 0.4990
vn 0.9790 -0.1863 -0.0823
vn 0.4641 -0.0261 -0.8854
vn -0.2359 -0.0651 -0.9696
vn -0.4951 -0.0177 -0.8687
vn 0.6447 0.0724 -0.7610
vn -0.9899 -0.0702 0.1234
vn -0.9426 -0.1183 -0.3122
vn -0.3984 -0.1420 0.9061
vn -0.8050 -0.1549 0.5727
vn 0.4217 -0.0297 0.9063
vn 0.6137 -0.0142 0.7894
vn -0.7163 0.0185 0.6975
vn -0.7742 -0.0587 0.6303
vn -0.0450 -0.0454 0.9980
vn 0.5445 -0.8387 -0.0069
vn 0.4572 -0.8712 -0.1786
vn 0.4994 -0.0411 0.8654
vn -0.7759 -0.0100 0.6308
vn 0.9598 -0.2717 0.0701
vn -0.1843 -0.1077 0.9770
vn -0.8158 0.0353 -0.5773
vn -0.9550 0.0077 -0.2966
vn -0.7557 -0.0456 0.6534
vn 0.8602 -0.0974 0.5006
vn -0.9511 0.0630 0.3025
vn -0.2898 -0.3811 0.8780
vn -0.9724 0.0423 -0.2297
vn 0.8864 -0.0703 0.4576
vn 0.8763 -0.0055 -0.4818
vn 0.9605 0.0071 -0.2781
vn -0.6420 -0.0524 0.7649
vn 0.4749 -0.3748 0.7962
vn 0.9210 0.0878 0.3795
vn -0.6548 -0.7480 -0.1083
vn 0.5715 -0.6602 -0.4874
vn 0.1322 0.0614 -0.9893
vn -0.5072 -0.0923 -0.8569
vn -0.6870 -0.0040 -0.7267
vn -0.3084 -0.1024 -0.9457
vn 0.8488 0.0348 -0.5275
vn -0.1233 -0.8489 -0.5140
vn -0.7133 -0.3959 -0.5783
vn -0.2974 -0.1115 -0.9482
vn 0.3589 0.2374 -0.9027
vn 0.9022 -0.0393 -0.4295
vn -0.9445 -0.1580 -0.2879
vn -0.9978 0.0623 -0.0216
vn 0.0025 -0.1071 0.9942
vn -0.2789 -0.2986 -0.9127
vn -0.9607 -0.0555 0.2719
vn -0.9861 -0.0782 -0.1464
vn -0.9901 0.1081 -0.0900
vn -0.3046 -0.1064 -0.9465
vn -0.9608 0.0454 -0.2736
vn -0.9422 -0.0602 0.3296
vn -0.5801 0.1995 -0.7898
vn 0.1792 0.2389 -0.9544
vn -0.8458 -0.4144 0.3360
vn 0.2726 -0.0619 -0.9601
vn 0.0226 0.0448 -0.9987
vn 0.6877 0.0388 -0.7250
vn 0.8589 -0.2096 0.4673
vn 0.9999 0.0104 -0.0015
vn 0.0382 -0.9989 -0.0280
vn 0.5311 -0.8387 0.1206
vn 0.0711 -0.9579 -0.2782
vn -0.6085 -0.6569 -0.4452
vn -0.3557 -0.8770 0.3231
vn -0.4000 0.0007 -0.9165
vn -0.7716 -0.3203 0.5496
vn -0.9995 -0.0057 -0.0303
vn -0.1429 -0.1513 -0.9781
vn 0.2931 -0.1570 -0.9431
vn 0.9325 -0.3253 0.1568
vn -0.9918 0.0710 0.1063
vn 0.1525 0.0164 -0.9882
vn -0.3263 -0.1438 -0.9343
vn 0.0535 -0.9923 -0.1119
vn 0.9116 -0.1045 0.3976
vn -0.5649 0.7353 -0.3744
vn 0.9844 0.1547 0.0834
vn 0.0464 0.1093 -0.9929
vn 0.9717 0.2207 -0.0843
vn 0.2864 -0.0263 0.9577
vn -0.3921 -0.0425 0.9189
vn 0.9989 -0.0464 0.0107
vn -0.8937 -0.0783 -0.4417
vn -0.2098 0.0355 -0.9771
vn 0.9141 -0.0000 -0.4054
vn -0.7155 -0.5037 0.4841
vn 0.1818 -0.8739 0.4508
vn -0.9220 0.2777 0.2698
vn -0.1946 -0.9790 0.0604
vn 0.1389 -0.8392 -0.5258
vn 0.4731 -0.6783 -0.5622
vn 0.5423 -0.8140 -0.2082
vn -0.7141 0.3840 -0.5853
vn -0.1333 -0.7325 -0.6676
vn 0.9957 -0.0782 -0.0490
vn 0.3035 -0.1246 -0.9446
vn 0.9881 -0.0049 0.1538
vn 0.1921 -0.2547 -0.9478
vn -0.3803 0.5876 -0.7142
vn -0.5199 -0.4799 -0.7066
vn 0.0523 -0.4837 0.8737
vn 0.2824 0.2788 0.9179
vn 0.2350 -0.8169 0.5268
vn -0.4718 0.2472 0.8463
vn -0.9992 0.0274 -0.0293
vn -0.8647 0.0819 0.4955
vn 0.4337 0.2098 0.8763
vn -0.6273 -0.4464 0.6381
vn -0.5169 -0.8146 0.2631
vn -0.2126 -0.8899 0.4036
vn -0.9606 0.0130 0.2775
vn -0.2199 0.1376 0.9658
vn -0.5651 -0.2140 -0.7968
vn -0.4514 -0.7059 0.5459
vn -0.1413 -0.9717 0.1894
vn -0.5988 0.0528 0.7992
vn 0.6262 -0.0032 0.7797
vn -0.5364 0.0295 0.8434
vn -0.3880 -0.0418 -0.9207
vn -0.3721 -0.5193 -0.7694
vn -0.9665 -0.0967 0.2379
vn -0.9897 -0.0436 -0.1366
vn -0.1430 -0.1378 0.9801
vn -0.1162 0.0012 0.9932
vn 0.9388 -0.0630 0.3385
vn 0.3822 0.0061 -0.9241
vn 0.9005 -0.1649 0.4024
vn 0.7934 -0.0509 -0.6065
vn 0.2757 0.0100 -0.9612
vn -0.6413 -0.0687 -0.7642
vn 0.9610 0.0037 0.2764
vn 0.3058 0.8786 0.3667
vn 0.0435 0.9989 0.0155
vn 0.0708 0.9192 0.3874
vn -0.7391 -0.0145 -0.6735
vn -0.8668 0.0247 -0.4980
vn 0.5814 0.6678 0.4649
vn 0.8765 0.1354 0.4620
vn 0.8010 0.5802 0.1478
vn -0.6101 -0.1168 -0.7836
vn -0.3978 -0.9000 0.1785
vn 0.4047 -0.7420 0.5345
vn 0.2212 -0.0081 0.9752
vn -0.5863 0.0332 0.8094
vn 0.5606 -0.0516 0.8265
vn -0.9990 0.0175 -0.0420
vn -0.9965 -0.0666 -0.0496
vn 0.2592 -0.1826 0.9484
vn -0.5992 -0.3843 0.7023
vn -0.1811 0.0182 -0.9833
vn -0.9476 -0.0372 0.3174
vn 0.1952 -0.7372 0.6469
vn -0.8672 -0.1917 0.4595
vn 0.3861 0.3306 -0.8612
vn 0.5189 -0.3571 -0.7767
vn -0.2757 -0.9548 0.1113
vn -0.8269 -0.0141 -0.5621
vn 0.9849 -0.0216 0.1720
vn -0.7123 0.1522 -0.6852
vn -0.9039 -0.0298 -0.4267
vn 0.0453 0.0198 -0.9988
vn -0.8598 -0.0615 -0.5069
vn -0.9695 0.0131 -0.2449
vn 0.9681 0.1064 -0.2270
vn 0.8221 0.0216 -0.5689
vn -0.4142 -0.0079 -0.9101
vn 0.9922 -0.0351 0.1200
vn 0.3535 -0.1153 -0.9283
vn 0.3946 0.0825 0.9152
vn 0.7993 0.3554 0.4845
vn -0.7314 0.0684 0.6785
vn -0.5168 0.0873 0.8517
vn -0.0829 0.9881 -0.1292
vn -0.7788 0.2226 -0.5864
vn 0.0442 0.9989 -0.0159
vn 0.7685 -0.0431 0.6383
vn 0.9317 -0.1868 -0.3116
vn 0.5682 0.0735 0.8196
vn 0.3271 0.2454 0.9126
vn 0.3007 -0.7366 0.6058
vn -0.8169 -0.4076 0.4080
vn 0.8963 -0.0538 -0.4401
vn -0.9971 -0.0237 -0.0722
vn -0.2973 -0.0456 0.9537
vn -0.9389 0.0461 0.3410
vn -0.0812 -0.0324 0.9962
vn -0.7851 0.0386 0.6182
vn -0.1864 -0.0016 0.9825
vn 0.8799 0.0356 0.4738
vn -0.9753 -0.0491 -0.2155
vn -0.9763 -0.0177 -0.2159
vn -0.8058 -0.0182 0.5919
vn -0.9965 -0.0490 0.0674
vn -0.9575 -0.1822 0.2236
vn -0.2532 -0.4225 0.8703
vn -0.2387 -0.9685 0.0709
vn -0.3957 -0.0910 -0.9139
vn -0.0582 -0.7437 -0.6660
vn -0.2543 -0.0202 -0.9669
vn -0.8356 -0.0106 -0.5493
vn -0.9736 0.0507 -0.2226
vn -0.4866 -0.0733 -0.8706
vn -0.9090 -0.0659 -0.4115
vn -0.0071 -0.0880 -0.9961
vn 0.2683 -0.0914 -0.9590
vn 0.8097 -0.0533 -0.5844
vn -0.9297 -0.3343 -0.1549
vn -0.2907 -0.0355 -0.9562
vn -0.9807 -0.0566 -0.1869
vn 0.5491 -0.1262 -0.8262
vn -0.0065 -0.9683 0.2499
vn -0.0803 -0.9676 -0.2392
vn -0.5658 -0.8004 -0.1979
vn -0.1895 0.0326 0.9813
vn 0.1901 -0.7771 0.5999
vn -0.8978 0.1743 0.4044
vn 0.4910 -0.0067 0.8711
vn 0.3863 -0.1084 0.9160
vn -0.5897 -0.0057 0.8076
vn 0.1593 -0.0017 0.9872
vn 0.9122 0.0102 0.4097
vn -0.4011 0.0288 0.9156
vn -0.2875 -0.0190 0.9576
vn 0.4975 0.0409 0.8665
vn -0.9440 0.0079 0.3299
vn -0.9994 -0.0266 0.0239
vn 0.9536 -0.0178 0.3007
vn -0.4796 -0.5855 -0.6536
vn 0.0712 0.0999 0.9924
vn -0.9282 -0.0324 0.3707
vn 0.7390 -0.6724 0.0416
vn -0.4388 -0.1182 -0.8908
vn -0.8448 -0.2252 0.4853
vn -0.9876 -0.1417 -0.0679
vn -0.6637 -0.0617 -0.7455
vn 0.0931 0.0653 -0.9935
vn -0.9450 -0.2781 0.1724
vn -0.4439 -0.1004 -0.8904
vn -0.7350 0.0262 -0.6776
vn -0.1209 -0.9742 0.1905
vn -0.0209 -0.9035 -0.4281
vn 0.5432 -0.8380 0.0513
vn 0.8026 0.0900 -0.5897
vn 0.9660 -0.0352 -0.2562
vn -0.3420 -0.0396 -0.9389
vn -0.8914 0.0840 -0.4454
vn 0.8341 0.1661 -0.5260
vn -0.7325 0.1666 -0.6601
vn -0.7112 0.1898 -0.6769
vn 0.3690 -0.0626 -0.9273
vn 0.1685 -0.2469 0.9543
vn 0.9779 -0.0018 0.2090
vn 0.7332 -0.3710 0.5699
vn -0.9740 0.0762 0.2132
vn -0.2853 -0.0017 0.9584
vn -0.2783 -0.0450 0.9594
vn 0.8338 -0.1478 0.5319
vn 0.8926 -0.0381 0.4492
vn 0.6667 -0.0154 0.7451
vn -0.9768 0.0516 -0.2080
vn -0.8803 -0.1531 0.4491
vn -0.1064 -0.0581 0.9926
vn 0.7271 -0.0270 0.6860
vn 0.8851 0.0243 -0.4648
vn 0.7971 -0.0727 0.5995
vn 0.7476 -0.3237 -0.5799
vn 0.8394 -0.3170 0.4415
vn -0.9960 0.0337 0.0827
vn 0.1070 -0.0284 0.9939
vn -0.8034 -0.5531 0.2204
vn -0.0700 -0.0134 0.9975
vn 0.0088 -0.0460 0.9989
vn -0.9299 0.0203 0.3673
vn 0.9939 -0.0805 0.0758
vn -0.9962 0.0571 0.0662
vn -0.9989 -0.0036 -0.0476
vn 0.8386 -0.0050 0.5448
vn 0.8809 0.0007 -0.4733
vn 0.9866 -0.1505 0.0629
vn 0.4470 -0.6747 -0.5873
vn 0.7639 -0.5620 0.3172
vn -0.4958 0.0543 -0.8667
vn -0.5574 0.2941 -0.7764
vn 0.3985 -0.2498 -0.8825
vn 0.6438 -0.0156 0.7650
vn -0.6366 -0.0878 0.7662
vn 0.9894 -0.0867 0.1161
vn 0.5848 -0.0984 0.8052
vn 0.6423 0.1096 0.7586
vn 0.9605 0.0160 -0.2779
vn 0.7780 0.1582 0.6080
vn 0.6323 0.0060 -0.7747
vn 0.1308 0.0702 -0.9889
vn -0.4171 0.0030 -0.9089
vn 0.9726 0.2054 0.1086
vn -0.3898 -0.7461 -0.5398
vn 0.4555 -0.2924 -0.8408
vn -0.3464 -0.7886 -0.5081
vn 0.6247 0.0421 -0.7797
vn -0.8549 -0.2778 0.4382
vn 0.3378 -0.1515 0.9290
vn 0.9744 0.1015 0.2006
vn -0.2993 -0.3214 0.8984
vn 0.2326 -0.0031 -0.9726
vn -0.8962 -0.0023 -0.4436
vn -0.6956 0.0091 -0.7184
vn 0.2463 0.0901 -0.9650
vn -0.8864 -0.2938 0.3578
vn -0.9998 0.0082 0.0203
vn -0.9050 -0.1329 -0.4042
vn -0.2317 0.0026 -0.9728
vn -0.9951 0.0086 -0.0985
vn -0.4964 0.0596 -0.8660
vn 0.7238 0.6682 -0.1723
vn 0.7264 0.5702 -0.3837
vn 0.3233 0.8960 -0.3045
vn 0.4203 0.9054 -0.0602
vn 0.6794 0.2504 -0.6897
vn -0.7505 -0.0374 -0.6598
vn -0.3199 0.3381 -0.8851
vn -0.8464 -0.0249 -0.5319
vn -0.5883 -0.1153 0.8004
vn -0.3594 -0.8562 0.3712
vn 0.8562 0.0388 0.5151
vn -0.5131 -0.0181 0.8581
vn 0.6582 0.0159 0.7526
vn -0.2257 0.0878 0.9702
vn 0.5984 -0.1809 0.7805
vn 0.9126 -0.0322 0.4075
vn -0.7932 -0.5823 0.1783
vn -0.6990 -0.0461 0.7136
vn -0.9273 0.0278 -0.3732
vn 0.7912 -0.2215 0.5700
vn 0.3166 -0.9372 0.1464
vn 0.9686 0.0909 -0.2314
vn 0.6925 0.0390 -0.7204
vn -0.9984 -0.0565 -0.0092
vn -0.4070 0.0023 -0.9134
vn -0.9659 -0.0695 0.2495
vn 0.9455 0.0321 -0.3242
vn -0.8706 0.0436 0.4901
vn -0.5882 -0.0125 0.8086
vn 0.2184 0.0146 0.9757
vn 0.5467 -0.1377 -0.8259
vn 0.9666 -0.1097 0.2317
vn -0.6121 -0.7422 0.2730
vn 0.2672 -0.8814 -0.3895
vn 0.2889 -0.2748 0.9171
vn -0.2931 0.9198 -0.2608
vn 0.0359 -0.6932 -0.7198
vn -0.2566 -0.0526 -0.9651
vn -0.3712 0.0052 -0.9285
vn 0.1229 -0.0704 -0.9899
vn 0.6311 -0.0073 -0.7757
vn 0.4619 -0.8083 -0.3650
vn -0.0552 -0.9723 -0.2273
vn -0.0944 -0.9793 -0.1793
vn 0.9726 -0.1862 -0.1390
vn -0.3931 -0.3797 0.8375
vn -0.9953 -0.0046 -0.0972
vn -0.4128 -0.1482 0.8987
vn -0.6971 -0.0419 0.7157
vn 0.6845 -0.0205 0.7287
vn -0.7759 -0.0777 0.6261
vn -0.5025 -0.3905 0.7713
vn 0.3060 -0.9473 -0.0947
vn 0.2147 -0.0380 0.9759
vn 0.8772 -0.1026 0.4691
vn -0.3462 -0.9377 -0.0288
vn -0.7396 -0.6636 0.1125
vn -0.3807 -0.7868 -0.4859
vn -0.3232 -0.9412 0.0980
vn -0.9912 0.0259 0.1295
vn -0.9387 -0.0462 -0.3416
vn -0.8572 -0.0361 0.5137
vn 0.8399 -0.5422 -0.0232
vn 0.9986 0.0168 -0.0506
vn 0.4791 0.0264 -0.8774
vn 0.2637 0.0913 -0.9603
vn -0.6708 -0.5666 -0.4786
vn 0.8024 0.0790 -0.5915
vn 0.6093 -0.4969 -0.6179
vn -0.6005 -0.4272 -0.6760
vn 0.4163 0.0221 -0.9090
vn -0.7443 0.0334 -0.6670
vn -0.7508 0.0260 -0.6600
vn -0.0783 -0.9935 -0.0830
vn -0.4849 -0.7244 -0.4900
vn -0.8136 -0.2580 0.5210
vn 0.2878 -0.0694 0.9552
vn 0.3629 -0.9317 -0.0140
vn 0.9882 -0.0103 0.1530
vn -0.2083 -0.8789 -0.4290
vn 0.7707 0.0107 0.6371
vn 0.5127 0.2248 0.8286
vn -0.2555 0.2501 0.9339
vn -0.0223 -0.3360 0.9416
vn 0.2410 0.1743 -0.9547
vn 0.9933 0.0109 0.1149
vn 0.5060 -0.8594 -0.0738
vn -0.7851 -0.6142 0.0793
vn -0.9279 0.1438 -0.3439
vn 0.2505 0.1354 -0.9586
vn -0.7812 0.1253 -0.6116
vn -0.3116 0.1946 -0.9301
vn 0.0947 0.7337 -0.6729
vn -0.1019 0.9089 -0.4044
vn -0.0950 -0.8178 -0.5677
vn 0.2400 -0.8139 -0.5292
vn 0.1356 -0.5437 -0.8282
vn -0.0557 0.7192 0.6926
vn -0.1402 0.9036 0.4048
vn -0.5769 -0.0268 0.8164
vn 0.8825 -0.2267 0.4121
vn 0.7728 -0.0479 -0.6328
vn -0.8169 -0.2227 -0.5321
vn -0.9060 -0.2935 0.3051
vn -0.1406 -0.2561 -0.9564
vn -0.9922 0.0010 -0.1249
vn 0.2521 -0.0090 -0.9677
vn -0.2916 -0.0190 -0.9564
vn 0.1857 -0.5479 -0.8157
vn 0.4127 0.8889 0.1985
vn 0.6426 -0.5167 -0.5657
vn 0.6498 -0.0427 -0.7589
vn 0.4981 -0.8057 0.3207
vn -0.5309 -0.7989 0.2825
vn -0.5446 -0.6511 0.5286
vn -0.9899 -0.0772 0.1189
vn -0.0829 -0.0449 0.9955
vn 0.9050 -0.0105 0.4252
vn -0.8384 -0.1336 0.5284
vn -0.1432 0.0014 0.9897
vn -0.9236 0.0297 0.3823
vn 0.8310 -0.0068 -0.5562
vn 0.0530 -0.9893 0.1360
vn -0.3289 -0.9400 0.0910
vn -0.9224 -0.3783 0.0774
vn 0.6826 -0.4301 -0.5908
vn -0.2903 0.1974 -0.9364
vn 0.6258 -0.0054 -0.7800
vn 0.1529 -0.8305 -0.5356
vn -0.8941 -0.0196 0.4475
vn -0.5417 -0.2228 -0.8105
vn -0.3679 -0.3405 0.8653
vn -0.4225 -0.7664 0.4839
vn -0.9335 -0.1597 -0.3211
vn -0.9389 -0.2894 0.1863
vn 0.1512 -0.9823 -0.1109
vn -0.3254 -0.8640 0.3841
vn 0.7518 -0.0586 0.6568
vn -0.5774 -0.8158 0.0330
vn -0.6395 -0.7508 -0.1654
vn -0.4603 -0.8657 0.1968
vn -0.5970 0.7649 -0.2420
vn 0.4628 -0.0390 0.8856
vn 0.9758 -0.0125 -0.2182
vn -0.3862 -0.0199 0.9222
vn 0.0456 -0.0096 0.9989
vn -0.7500 0.0340 0.6606
vn 0.9847 -0.0486 0.1671
vn -0.3151 0.8995 0.3027
vn -0.2438 0.0158 -0.9697
vn 0.5260 -0.0164 -0.8503
vn -0.7651 -0.4173 0.4904
vn 0.7970 0.4282 0.4260
vn 0.5464 0.2844 0.7877
vn -0.6904 -0.5606 0.4573
vn 0.5432 0.2415 0.8041
vn -0.5333 -0.2087 0.8198
vn 0.0981 0.9951 -0.0092
vn 0.4442 -0.8073 0.3885
vn 0.2639 -0.7617 -0.5917
vn 0.9643 0.0012 -0.2647
vn 0.8071 -0.0942 0.5829
vn 0.7444 -0.1723 -0.6452
vn 0.9223 -0.0523 -0.3829
vn 0.2970 -0.9057 0.3025
vn 0.6557 -0.0983 -0.7486
vn 0.9186 -0.1704 0.3567
vn 0.4474 -0.2123 0.8688
vn 0.9398 -0.3350 0.0671
vn 0.3992 -0.1237 0.9085
vn -0.6328 0.1005 0.7677
vn -0.7879 0.1438 -0.5988
vn -0.9702 0.1731 0.1697
vn -0.3989 0.1137 -0.9099
vn -0.9928 -0.1165 -0.0272
vn -0.0485 0.0158 -0.9987
vn 0.9843 0.0525 -0.1687
vn 0.3909 -0.0210 -0.9202
vn 0.0692 -0.0358 -0.9970
vn -0.0650 0.1305 -0.9893
vn 0.3785 -0.1128 -0.9187
vn -0.3619 -0.9313 -0.0403
vn 0.3233 0.0005 -0.9463
vn 0.1143 -0.9772 -0.1791
vn 0.0117 -0.3863 -0.9223
vn 0.6473 0.0191 -0.7620
vn 0.3805 -0.1262 -0.9161
vn -0.4698 -0.8681 -0.1601
vn -0.9450 0.1054 0.3097
vn 0.8544 -0.2034 0.4781
vn 0.2355 -0.6975 0.6767
vn -0.1488 -0.9273 0.3436
vn -0.7387 0.0059 0.6741
vn 0.0484 -0.8009 0.5968
vn -0.0967 -0.9877 0.1232
vn 0.1279 -0.1619 0.9785
vn 0.8384 -0.4416 -0.3195
vn 0.3685 -0.7577 0.5385
vn -0.7465 -0.3779 0.5477
vn -0.9801 -0.1601 -0.1175
vn -0.7929 -0.0703 0.6053
vn -0.9889 -0.0570 -0.1372
vn 0.9961 0.0551 -0.0694
vn 0.9284 0.0913 -0.3602
vn -0.2006 -0.0604 -0.9778
vn -0.0321 0.1337 -0.9905
vn -0.7522 -0.0546 -0.6566
vn -0.7767 -0.2206 0.5900
vn 0.0010 -0.1514 0.9885
vn 0.9280 -0.0472 0.3695
vn 0.9463 0.0364 -0.3213
vn 0.9477 0.0124 0.3188
vn -0.0035 -0.3455 -0.9384
vn 0.7862 0.0059 -0.6179
vn 0.8200 -0.0097 -0.5723
vn 0.8450 -0.0106 0.5347
vn -0.8127 -0.1306 -0.5678
vn -0.6315 -0.0321 -0.7747
vn 0.9659 0.0896 -0.2429
vn 0.8210 -0.0177 -0.5706
vn 0.7914 0.1229 -0.5989
vn 0.0800 -0.2575 0.9630
vn -0.8569 0.2770 0.4348
vn -0.8166 -0.2839 0.5025
vn 0.4680 -0.3859 0.7950
vn 0.2514 -0.8956 -0.3670
vn -0.2599 -0.9601 -0.1029
vn -0.1583 -0.9751 -0.1556
vn 0.5603 -0.6767 -0.4777
vn 0.5686 0.2485 -0.7841
vn -0.2330 -0.9708 -0.0563
vn 0.3116 -0.9478 0.0673
vn -0.1549 -0.8287 0.5378
vn 0.8208 0.1942 -0.5371
vn -0.5136 0.0174 0.8579
vn -0.0880 -0.1312 0.9874
vn -0.8690 -0.0568 -0.4915
vn 0.1419 -0.2028 -0.9689
vn -0.3234 0.0848 -0.9425
vn 0.9376 -0.0325 -0.3461
vn 0.4518 0.0582 -0.8902
vn -0.7075 0.0045 -0.7067
vn -0.7913 0.0506 -0.6094
vn 0.6998 -0.4611 -0.5456
vn 0.6962 0.1052 0.7101
vn 0.5143 0.0264 -0.8572
vn 0.9839 -0.0643 0.1667
vn -0.3538 -0.9150 -0.1938
vn -0.7879 -0.0044 0.6158
vn 0.4451 -0.8897 -0.1016
vn 0.7841 -0.1636 0.5986
vn -0.6582 -0.1562 0.7364
vn 0.3933 0.7601 -0.5172
vn 0.9849 -0.0278 -0.1708
vn 0.1092 -0.0240 -0.9937
vn -0.1989 0.0133 -0.9799
vn 0.1167 0.0466 -0.9921
vn -0.9989 -0.0144 0.0456
vn -0.4758 0.0365 -0.8788
vn -0.5053 -0.8467 -0.1664
vn -0.6082 0.0338 0.7931
vn 0.7840 -0.1052 0.6118
vn 0.3298 -0.0254 0.9437
vn -0.6513 -0.6614 0.3720
vn 0.1621 -0.4989 -0.8514
vn 0.6826 0.5105 -0.5229
vn 0.2949 -0.7258 0.6215
vn 0.9828 0.0336 -0.1815
vn 0.0912 -0.1426 0.9856
vn -0.1679 0.1693 -0.9712
vn 0.7779 -0.1151 0.6178
vn 0.9960 -0.0067 -0.0892
vn 0.3591 0.2639 -0.8952
vn 0.5175 0.5342 0.6685
vn 0.1864 0.7728 0.6067
vn -0.4783 -0.0498 0.8768
vn -0.1032 -0.9892 -0.1043
vn 0.4546 -0.2172 -0.8638
vn 0.7849 -0.4001 -0.4731
vn 0.9701 -0.1316 -0.2041
vn 0.9769 -0.0047 0.2137
vn 0.5553 -0.0103 -0.8316
vn -0.7771 -0.4459 0.4442
vn 0.4712 -0.1768 0.8641
vn -0.8351 -0.2453 0.4924
vn 0.1984 -0.0854 0.9764
vn -0.8403 0.0969 -0.5334
vn -0.1460 -0.1724 0.9741
vn -0.7325 -0.1220 0.6697
vn -0.5969 -0.6545 -0.4640
vn 0.6694 -0.6068 -0.4287
vn 0.9139 0.0184 -0.4056
vn 0.0192 -0.0699 -0.9974
vn 0.3430 0.0118 -0.9393
vn 0.9905 0.0355 0.1332
vn 0.4294 -0.0940 -0.8982
vn -0.3452 -0.9085 -0.2353
vn -0.2940 -0.8487 -0.4396
vn 0.7368 -0.6679 0.1051
vn 0.5503 -0.0028 0.8349
vn -0.7973 -0.0137 0.6034
vn -0.8325 -0.2106 0.5124
vn 0.9672 -0.0163 -0.2535
vn 0.4216 -0.6864 0.5926
vn 0.5897 -0.7838 0.1949
vn -0.0476 -0.5568 0.8293
vn 0.9893 0.0534 -0.1359
vn 0.9997 -0.0055 -0.0226
vn 0.2280 -0.0596 -0.9718
vn 0.6234 -0.5333 -0.5718
vn -0.3898 -0.4376 -0.8103
vn 0.3047 -0.9516 0.0407
vn 0.4620 0.0129 0.8868
vn 0.9680 -0.0442 0.2472
vn 0.2598 0.0411 0.9648
vn -0.9363 0.0625 0.3457
vn -0.3979 -0.0284 0.9170
vn 0.9186 0.0957 -0.3835
vn 0.7116 -0.3423 -0.6136
vn -0.8148 -0.4852 -0.3175
vn -0.9218 -0.2072 -0.3277
vn 0.8260 -0.1007 -0.5546
vn 0.5123 -0.0353 0.8581
vn 0.6149 0.0616 0.7862
vn 0.6628 0.1822 0.7263
vn -0.8847 -0.1545 -0.4398
vn 0.2822 -0.8805 -0.3808
vn -0.9378 -0.0039 0.3471
vn 0.2495 -0.6459 -0.7215
vn -0.2293 -0.0397 -0.9725
vn 0.8689 0.1379 -0.4753
vn 0.8232 -0.5673 0.0226
vn 0.7512 0.1097 -0.6509
vn 0.6583 0.0469 0.7513
vn 0.9981 0.0146 -0.0595
vn -0.9602 -0.0328 0.2773
vn 0.8494 -0.0597 0.5243
vn -0.3100 -0.0144 0.9506
vn 0.4414 -0.8100 0.3861
vn -0.5190 0.1000 -0.8489
vn -0.8650 0.0859 -0.4944
vn -0.5217 0.0522 -0.8515
vn -0.9719 0.0253 -0.2340
vn -0.1166 -0.6383 -0.7609
vn 0.0161 -0.9734 0.2284
vn 0.1549 -0.9695 -0.1900
vn -0.0248 -0.8407 -0.5409
vn 0.4101 -0.9115 -0.0318
vn 0.2747 -0.1360 -0.9519
vn 0.9789 -0.1686 -0.1154
vn 0.3685 -0.7291 0.5768
vn -0.7451 -0.6284 0.2233
vn -0.1174 -0.9738 0.1946
vn -0.3808 -0.3550 0.8538
vn -0.0309 -0.3337 0.9422
vn 0.7298 -0.0351 -0.6827
vn 0.8610 -0.2116 -0.4625
vn 0.4301 -0.9025 -0.0200
vn -0.6275 0.0154 0.7785
vn -0.9978 0.0042 -0.0661
vn 0.2338 -0.0803 0.9690
vn 0.8469 -0.1907 -0.4965
vn 0.6068 -0.0051 -0.7949
vn -0.3949 -0.0934 -0.9140
vn -0.9480 0.0124 -0.3180
vn -0.1083 -0.9341 -0.3403
vn 0.3239 0.0183 -0.9459
vn 0.9627 0.0749 0.2600
vn -0.4437 -0.0032 -0.8962
vn -0.9134 -0.1282 -0.3863
vn 0.0062 -0.0283 0.9996
vn 0.8318 -0.0359 0.5540
vn 0.5626 -0.1792 0.8071
vn -0.1655 0.0647 0.9841
vn 0.1005 0.0685 0.9926
vn 0.4257 0.0686 -0.9023
vn 0.9479 -0.0272 -0.3175
vn -0.2440 -0.0188 -0.9696
vn -0.1552 -0.8338 -0.5298
vn -0.8895 -0.0067 -0.4568
vn 0.6031 -0.7974 -0.0187
vn -0.1451 -0.8795 0.4532
vn -0.5679 -0.8227 0.0269
vn 0.9827 -0.1428 -0.1179
vn -0.0800 0.0137 0.9967
vn -0.8774 -0.0882 0.4716
vn 0.3932 -0.0391 0.9186
vn -0.0718 -0.0526 0.9960
vn -0.9504 -0.0576 -0.3055
vn 0.9876 0.0197 0.1555
vn 0.7913 -0.0016 0.6114
vn -0.3548 -0.2747 -0.8937
vn 0.0859 -0.9733 -0.2128
vn -0.7818 -0.1407 0.6074
vn 0.8740 -0.0505 -0.4832
vn 0.2135 -0.0219 -0.9767
vn -0.3976 -0.0613 -0.9155
vn 0.1034 -0.1609 -0.9815
vn 0.9682 0.2110 -0.1345
vn 0.5607 -0.7515 0.3477
vn 0.9611 -0.2535 -0.1101
vn 0.1663 -0.3413 0.9251
vn -0.1658 -0.9128 -0.3733
vn -0.7030 0.0157 -0.7110
vn 0.2430 0.0022 -0.9700
vn -0.4277 -0.8842 -0.1877
vn -0.8803 -0.0573 -0.4710
vn -0.8190 -0.1379 0.5569
vn 0.8439 -0.2373 0.4811
vn 0.5578 0.0021 0.8300
vn 0.9589 -0.0925 -0.2684
vn -0.8893 -0.3681 0.2713
vn -0.2997 -0.0261 -0.9537
vn -0.0817 -0.0330 -0.9961
vn 0.5907 0.1546 0.7920
vn -0.2683 -0.1205 0.9558
vn -0.9983 0.0101 0.0568
vn 0.7772 0.0940 -0.6222
vn 0.6563 0.1273 0.7437
vn 0.9484 -0.1779 -0.2624
vn 0.6081 -0.1483 0.7799
vn 0.9544 0.0348 0.2964
vn -0.7973 0.2314 0.5575
vn 0.8891 -0.2170 -0.4030
vn -0.7648 0.0504 -0.6423
vn -0.2610 -0.0058 -0.9653
vn -0.1142 -0.0964 0.9888
vn 0.4195 -0.6743 0.6078
vn -0.1850 -0.5413 0.8202
vn 0.2528 -0.1039 0.9619
vn -0.8259 0.0045 0.5638
vn 0.1457 -0.9127 0.3818
vn -0.7321 -0.5927 -0.3357
vn -0.3774 -0.8352 -0.4000
vn -0.1597 -0.9869 0.0221
vn -0.7717 0.5478 -0.3232
vn -0.5380 0.0132 -0.8429
vn -0.8475 -0.2463 -0.4702
vn -0.2812 0.0414 -0.9588
vn -0.0189 -0.9667 -0.2553
vn 0.2755 -0.0331 0.9607
vn 0.6649 -0.0100 0.7468
vn 0.9442 -0.0492 0.3256
vn 0.3496 -0.8482 -0.3979
vn 0.2974 -0.9547 -0.0100
vn -0.0793 -0.4907 -0.8677
vn -0.9597 -0.2251 -0.1682
vn -0.9867 -0.0576 0.1522
vn 0.8345 -0.4842 -0.2630
vn -0.9998 0.0146 0.0164
vn -0.0374 0.2029 -0.9785
vn 0.9848 0.1222 -0.1234
vn -0.9752 -0.2005 0.0943
vn -0.1776 -0.3179 0.9313
vn -0.7321 -0.1957 0.6525
vn -0.3897 -0.4408 -0.8086
vn 0.9978 -0.0521 -0.0418
vn -0.7921 -0.0187 0.6101
vn -0.3162 -0.0395 0.9479
vn -0.9804 0.0204 0.1960
vn 0.9985 0.0221 0.0501
vn 0.1795 -0.0269 0.9834
vn -0.8976 -0.0599 0.4367
vn -0.9094 -0.0647 0.4108
vn 0.0840 -0.7707 -0.6316
vn -0.8578 0.0267 -0.5133
vn -0.9863 -0.0413 0.1597
vn -0.9711 -0.1443 0.1902
vn 0.9740 -0.0987 -0.2040
vn -0.9985 0.0294 -0.0460
vn -0.7473 0.1947 0.6353
vn -0.6961 -0.0380 0.7170
vn -0.9578 -0.0104 0.2872
vn -0.8130 -0.0193 -0.5820
vn -0.9423 0.0016 -0.3348
vn -0.3812 -0.0397 -0.9236
vn -0.2277 -0.0587 -0.9720
vn 0.9958 -0.0696 0.0602
vn 0.6300 -0.7616 0.1518
vn -0.7465 -0.4680 0.4730
vn -0.2788 -0.2755 -0.9200
vn 0.5610 0.1147 -0.8198
vn 0.3810 0.0199 -0.9244
vn -0.7525 -0.0649 -0.6554
vn 0.4889 -0.6470 0.5851
vn 0.4400 -0.3399 0.8312
vn 0.1986 -0.9798 0.0234
vn 0.4338 -0.6046 0.6681
vn 0.4161 -0.5134 0.7505
vn -0.3814 -0.0798 -0.9210
vn -0.2024 -0.0511 -0.9780
vn -0.9564 -0.0200 -0.2914
vn 0.9874 -0.0702 -0.1415
vn -0.3704 -0.0075 0.9288
vn 0.0330 -0.1311 -0.9908
vn -0.2786 -0.4499 -0.8485
vn -0.9221 -0.3397 0.1852
vn -0.2883 -0.0250 0.9572
vn -0.5552 -0.0610 0.8295
vn 0.9499 0.1864 0.2508
vn 0.7616 0.0550 0.6457
vn -0.0215 -0.4506 -0.8924
vn 0.8101 0.0892 -0.5794
vn 0.2174 0.0494 -0.9748
vn -0.2327 -0.0841 0.9689
vn 0.9208 -0.0912 0.3791
vn 0.8462 -0.1675 0.5059
vn -0.5959 0.0522 0.8013
vn -0.9927 -0.0417 0.1135
vn -0.3836 -0.0160 0.9234
vn -0.1228 -0.9080 -0.4006
vn 0.2089 0.0666 -0.9757
vn 0.6941 -0.1890 -0.6946
vn -0.5641 -0.2415 0.7896
vn 0.5045 -0.8265 -0.2499
vn 0.8116 0.0799 -0.5787
vn -0.1820 -0.0447 -0.9823
vn -0.5697 -0.8218 -0.0086
vn -0.9065 0.0076 -0.4222
vn 0.1288 -0.0022 -0.9917
vn 0.3270 0.0718 -0.9423
vn 0.2947 -0.0375 0.9549
vn 0.3748 -0.2042 0.9043
vn 0.4315 -0.7988 -0.4192
vn 0.9800 0.0502 -0.1924
vn 0.1090 0.9412 -0.3197
vn -0.1296 -0.0287 -0.9912
vn 0.7728 -0.2640 0.5772
vn 0.9901 -0.0332 0.1366
vn 0.9545 -0.0050 -0.2982
vn 0.5335 -0.5168 0.6695
vn 0.1704 -0.9167 -0.3615
vn 0.6220 -0.0248 -0.7826
vn 0.8137 -0.1447 0.5629
vn 0.7562 0.0993 -0.6468
vn 0.7534 -0.6190 0.2219
vn -0.2326 -0.4138 -0.8802
vn 0.2360 -0.0202 -0.9715
vn -0.6952 -0.0027 -0.7188
vn -0.3469 0.0413 -0.9370
vn 0.1560 -0.7609 -0.6298
vn 0.1839 -0.1024 0.9776
vn 0.1307 -0.0792 0.9883
vn -0.8535 -0.0873 0.5138
vn -0.3447 -0.0325 -0.9382
vn -0.0951 0.0240 -0.9952
vn -0.7127 -0.1228 -0.6907
vn -0.9561 -0.2569 0.1407
vn -0.9821 -0.1742 0.0712
vn -0.0706 -0.0360 0.9969
vn 0.1624 -0.0047 0.9867
vn 0.3149 -0.0422 -0.9482
vn -0.3382 0.0572 -0.9393
vn 0.4297 -0.0820 -0.8992
vn -0.9364 0.1038 0.3351
vn -0.1810 -0.2300 0.9562
vn -0.2041 -0.2301 0.9515
vn -0.6986 -0.1576 -0.6979
vn -0.8000 -0.0685 -0.5961
vn -0.9884 -0.1121 0.1026
vn 0.1700 -0.0210 0.9852
vn 0.7655 0.0442 0.6420
vn 0.9920 -0.0351 0.1213
vn 0.0878 -0.2565 0.9625
vn -0.5613 -0.3510 -0.7495
vn -0.2061 -0.2800 0.9376
vn -0.8806 0.0451 -0.4718
vn 0.3367 -0.5964 0.7287
vn 0.3725 -0.5354 0.7580
vn -0.1527 -0.3142 -0.9370
vn 0.7631 -0.0948 0.6392
vn -0.4476 0.0164 0.8941
vn 0.6789 -0.0773 0.7301
vn 0.5715 0.1727 0.8022
vn 0.1972 -0.8885 -0.4143
vn -0.9703 -0.1609 0.1804
vn -0.9519 -0.1977 0.2343
vn -0.9928 -0.1048 0.0576
vn 0.1958 -0.2364 0.9517
vn -0.5245 -0.2119 0.8246
vn -0.6025 -0.0551 0.7962
vn -0.6158 -0.1982 0.7626
vn -0.5697 -0.0567 0.8199
vn -0.9874 -0.0763 0.1384
vn -0.9235 -0.2806 -0.2617
vn -0.2098 0.0003 -0.9777
vn -0.7607 -0.0348 -0.6482
vn 0.3164 0.0075 -0.9486
vn 0.0014 0.4747 -0.8801
vn 0.8179 0.0442 -0.5736
vn 0.2525 -0.8576 0.4482
vn -0.6626 -0.5967 -0.4526
vn -0.8294 0.0658 -0.5548
vn 0.1513 0.2155 -0.9647
vn 0.6139 0.4087 -0.6753
vn 0.5186 -0.5906 -0.6183
vn -0.2276 -0.8094 0.5413
vn 0.9968 -0.0579 0.0550
vn -0.2596 -0.0372 -0.9650
vn 0.4255 0.0943 -0.9000
vn 0.7505 -0.1635 0.6403
vn -0.7611 -0.0561 0.6462
vn -0.3363 -0.6032 0.7232
vn -0.6638 -0.3574 -0.6570
vn 0.4855 -0.0658 0.8718
vn 0.3358 -0.0166 0.9418
vn -0.4474 -0.0847 0.8903
vn 0.6877 -0.5515 0.4722
vn 0.7173 -0.0518 -0.6949
vn -0.3025 -0.2608 -0.9168
vn 0.7306 -0.3057 -0.6106
vn 0.0101 -0.8074 0.5899
vn 0.4021 -0.0293 0.9151
vn 0.5628 -0.0356 -0.8258
vn 0.9720 -0.0460 -0.2303
vn -0.0129 -0.0144 0.9998
vn -0.1296 -0.1268 -0.9834
vn -0.6916 0.0085 -0.7222
vn 0.9276 -0.3708 -0.0453
vn 0.8081 -0.0345 0.5881
vn 0.4144 0.1195 -0.9022
vn 0.0228 -0.1418 0.9896
vn 0.2142 0.0152 -0.9767
vn -0.7943 -0.5022 -0.3418
vn 0.4747 0.0805 -0.8765
vn -0.1353 0.0483 -0.9896
vn 0.5741 0.1557 -0.8039
vn -0.7486 -0.6496 0.1330
vn -0.7363 0.0229 -0.6763
vn 0.2868 -0.2949 0.9115
vn 0.0283 -0.7762 -0.6298
vn -0.3272 -0.1429 -0.9341
vn -0.6810 0.0674 -0.7292
vn -0.5874 -0.2595 -0.7666
vt 0.845636 0.353042
vt 0.562184 0.414974
vt 0.001532 0.393959
vt 0.906140 0.397320
vt 0.866257 0.450446
vt 0.712263 0.414974
vt 0.645164 0.451593
vt 0.856835 0.208314
vt 0.001526 0.175005
vt 0.040742 0.379315
vt 0.839774 0.420954
vt 0.080631 0.445881
vt 0.798214 0.472093
vt 0.730843 0.358064
vt 0.001623 0.152801
vt 0.036911 0.236640
vt 0.802680 0.365902
vt 0.050897 0.321460
vt 0.089411 0.416223
vt 0.770143 0.242447
vt 0.480453 0.519195
vt 0.703415 0.484984
vt 0.595743 0.548370
vt 0.841052 0.121309
vt 0.048407 0.101058
vt 0.073693 0.728341
vt 0.149743 0.474626
vt 0.712160 0.007869
vt 0.112117 0.544169
vt 0.935641 0.474621
vt 0.823320 0.440867
vt 0.357243 0.743619
vt 0.729096 0.057815
vt 0.356095 0.735928
vt 0.201951 0.908329
vt 0.514445 0.919441
vt 0.137260 0.020151
vt 0.860342 0.209630
vt 0.086287 0.342346
vt 0.718837 0.042876
vt 0.390114 0.779917
vt 0.308020 0.693260
vt 0.373316 0.767621
vt 0.147861 0.707480
vt 0.125448 0.638331
vt 0.323321 0.714911
vt 0.143331 0.715247
vt 0.718538 0.047192
vt 0.259651 0.646622
vt 0.739864 0.076794
vt 0.128049 0.656967
vt 0.156503 0.748798
vt 0.401220 0.798762
vt 0.408788 0.019819
vt 0.041645 0.091468
vt 0.001801 0.565770
vt 0.094355 0.216340
vt 0.728563 0.064763
vt 0.733315 0.070179
vt 0.302792 0.685850
vt 0.097994 0.560485
vt 0.263826 0.657610
vt 0.144674 0.710456
vt 0.297479 0.694042
vt 0.112328 0.608033
vt 0.724036 0.057418
vt 0.126924 0.666457
vt 0.245601 0.632259
vt 0.736632 0.084105
vt 0.679502 0.001707
vt 0.212716 0.542222
vt 0.154254 0.769863
vt 0.702762 0.035051
vt 0.086705 0.553525
vt 0.733071 0.079864
vt 0.076973 0.867052
vt 0.085064 0.174876
vt 0.007839 0.075365
vt 0.427137 0.830988
vt 0.698666 0.029390
vt 0.107489 0.610539
vt 0.552562 0.034907
vt 0.152998 0.277399
vt 0.848606 0.524320
vt 0.238085 0.634225
vt 0.082075 0.529347
vt 0.404546 0.807965
vt 0.155094 0.758815
vt 0.424445 0.834422
vt 0.162608 0.791046
vt 0.086447 0.545953
vt 0.074633 0.528343
vt 0.730098 0.083335
vt 0.455083 0.870087
vt 0.204583 0.603420
vt 0.729398 0.090846
vt 0.495140 0.905711
vt 0.682453 0.009935
vt 0.157646 0.805415
vt 0.688087 0.027311
vt 0.908886 0.085425
vt 0.129111 0.025218
vt 0.678922 0.006013
vt 0.502332 0.916673
vt 0.931061 0.255534
vt 0.169274 0.914450
vt 0.133280 0.328858
vt 0.161312 0.824042
vt 0.912962 0.093493
vt 0.058138 0.494527
vt 0.199895 0.607321
vt 0.059378 0.488787
vt 0.455339 0.878737
vt 0.171259 0.844661
vt 0.465969 0.878046
vt 0.682971 0.018151
vt 0.120669 0.024597
vt 0.562848 0.203399
vt 0.866106 0.225647
vt 0.671696 0.010404
vt 0.053227 0.492058
vt 0.722918 0.090881
vt 0.185637 0.907856
vt 0.497386 0.927526
vt 0.172604 0.884961
vt 0.724501 0.096382
vt 0.172547 0.580127
vt 0.720530 0.096707
vt 0.039542 0.464910
vt 0.664126 0.010567
vt 0.170398 0.879021
vt 0.914772 0.107390
vt 0.424858 0.929626
vt 0.095895 0.867052
vt 0.041219 0.086154
vt 0.090410 0.191839
vt 0.021788 0.565683
vt 0.045350 0.469311
vt 0.502640 0.617556
vt 0.733304 0.567796
vt 0.611434 0.069673
vt 0.562841 0.273215
vt 0.126222 0.928651
vt 0.048150 0.042830
vt 0.107860 0.794675
vt 0.882770 0.293335
vt 0.172797 0.351113
vt 0.881835 0.001524
vt 0.878706 0.001528
vt 0.713597 0.104452
vt 0.140189 0.558072
vt 0.577894 0.230962
vt 0.642153 0.001867
vt 0.167014 0.909781
vt 0.023693 0.434330
vt 0.142768 0.563904
vt 0.021911 0.426959
vt 0.708426 0.104065
vt 0.012710 0.423490
vt 0.755503 0.103656
vt 0.387752 0.613012
vt 0.713212 0.035417
vt 0.180223 0.494390
vt 0.737474 0.103248
vt 0.104174 0.113765
vt 0.001729 0.871471
vt 0.153991 0.829800
vt 0.387872 0.865571
vt 0.727416 0.037324
vt 0.147754 0.462222
vt 0.412239 0.003603
vt 0.088062 0.174601
vt 0.019309 0.583820
vt 0.901246 0.527978
vt 0.222773 0.581921
vt 0.243112 0.754051
vt 0.010651 0.818191
vt 0.076368 0.540490
vt 0.748447 0.125193
vt 0.489703 0.014003
vt 0.007471 0.871212
vt 0.737093 0.097506
vt 0.208810 0.713034
vt 0.739861 0.099112
vt 0.105414 0.118375
vt 0.206867 0.714909
vt 0.916481 0.570029
vt 0.265897 0.582890
vt 0.489703 0.016047
vt 0.074757 0.541849
vt 0.176818 0.654217
vt 0.105532 0.128718
vt 0.007475 0.822269
vt 0.757796 0.154902
vt 0.098157 0.645895
vt 0.399667 0.924346
vt 0.024603 0.587826
vt 0.707749 0.106923
vt 0.893304 0.002544
vt 0.315290 0.836624
vt 0.018190 0.709256
vt 0.012472 0.831914
vt 0.232012 0.746030
vt 0.752496 0.124112
vt 0.485556 0.014657
vt 0.174410 0.657491
vt 0.077083 0.541902
vt 0.847303 0.101749
vt 0.868047 0.003349
vt 0.121975 0.551793
vt 0.003835 0.408895
vt 0.706517 0.106773
vt 0.880529 0.100927
vt 0.107335 0.131980
vt 0.233544 0.752165
vt 0.001607 0.001823
vt 0.103684 0.101461
vt 0.092026 0.171316
vt 0.020940 0.622885
vt 0.251626 0.739951
vt 0.096135 0.653875
vt 0.014064 0.731991
vt 0.101836 0.149490
vt 0.705605 0.106343
vt 0.006807 0.416264
vt 0.099633 0.643666
vt 0.839367 0.074143
vt 0.830298 0.033872
vt 0.142831 0.809704
vt 0.166858 0.469204
vt 0.170124 0.037959
vt 0.120243 0.742362
vt 0.193717 0.680490
vt 0.016442 0.677744
vt 0.101386 0.160995
vt 0.224875 0.719408
vt 0.837188 0.079143
vt 0.702747 0.107241
vt 0.901210 0.001524
vt 0.001761 0.409035
vt 0.866801 0.001528
vt 0.363066 0.863778
vt 0.140861 0.814237
vt 0.419234 0.001741
vt 0.039163 0.109894
vt 0.062457 0.084492
vt 0.397288 0.928054
vt 0.092382 0.180199
vt 0.172146 0.470659
vt 0.171812 0.035529
vt 0.019927 0.743812
vt 0.291035 0.812258
vt 0.043799 0.031952
vt 0.107860 0.833089
vt 0.208927 0.412484
vt 0.110436 0.718686
vt 0.296871 0.788379
vt 0.879005 0.093259
vt 0.105352 0.145672
vt 0.081861 0.596647
vt 0.211659 0.696589
vt 0.832716 0.048281
vt 0.120597 0.738268
vt 0.127312 0.784035
vt 0.340129 0.840415
vt 0.283608 0.779534
vt 0.026879 0.621445
vt 0.373426 0.903484
vt 0.875674 0.082820
vt 0.314919 0.845916
vt 0.138183 0.819690
vt 0.363371 0.869779
vt 0.875171 0.079180
vt 0.347156 0.882047
vt 0.101056 0.170281
vt 0.833211 0.062186
vt 0.261122 0.758738
vt 0.824121 0.030355
vt 0.354394 0.864500
vt 0.170124 0.034033
vt 0.788040 0.001593
vt 0.089902 0.805415
vt 0.833224 0.364816
vt 0.932981 0.003901
vt 0.563533 0.003661
vt 0.977691 0.380652
vt 0.562528 0.001918
vt 0.979737 0.380908
vt 0.591919 0.985265
vt 0.361085 0.878970
vt 0.171738 0.032200
vt 0.177921 0.468477
vt 0.935098 0.001856
vt 0.083240 0.050860
vt 0.565755 0.001623
vt 0.589979 0.988466
vt 0.977644 0.353651
vt 0.941639 0.001581
vt 0.079372 0.053019
vt 0.145398 0.018277
vt 0.475152 0.684960
vt 0.131625 0.028541
vt 0.981590 0.296770
vt 0.824067 0.024127
vt 0.936629 0.246315
vt 0.054876 0.044686
vt 0.977726 0.001713
vt 0.144882 0.329953
vt 0.270582 0.011764
vt 0.660600 0.987490
vt 0.986133 0.312501
vt 0.695081 0.988888
vt 0.985636 0.278220
vt 0.085737 0.052639
vt 0.980500 0.069773
vt 0.271703 0.026723
vt 0.981431 0.029274
vt 0.986872 0.331294
vt 0.641972 0.990522
vt 0.983656 0.115235
vt 0.135494 0.030282
vt 0.659415 0.994985
vt 0.623835 0.993705
vt 0.075996 0.058106
vt 0.141991 0.023678
vt 0.818977 0.032939
vt 0.270582 0.033963
vt 0.980145 0.042795
vt 0.179803 0.031965
vt 0.082147 0.058238
vt 0.108794 0.041069
vt 0.984144 0.195592
vt 0.003996 0.622403
vt 0.982564 0.176204
vt 0.107593 0.044895
vt 0.003203 0.611940
vt 0.812559 0.022049
vt 0.156461 0.330573
vt 0.179803 0.027354
vt 0.988320 0.134623
vt 0.838780 0.985537
vt 0.003203 0.653286
vt 0.124423 0.039160
vt 0.933796 0.985238
vt 0.064912 0.082140
vt 0.154398 0.330456
vt 0.179059 0.028184
vt 0.076820 0.063255
vt 0.986779 0.039854
vt 0.680378 0.993602
vt 0.064991 0.046477
vt 0.158225 0.327360
vt 0.901826 0.988694
vt 0.087174 0.059784
vt 0.990968 0.203451
vt 0.770078 0.990116
vt 0.687262 0.996681
vt 0.128328 0.037754
vt 0.870588 0.990161
vt 0.785400 0.995323
vt 0.108996 0.050988
vt 0.750508 0.995169
vt 0.003913 0.156808
vt 0.085499 0.839155
vt 0.038786 0.031016
vt 0.594200 0.352224
vt 0.118412 0.144187
vt 0.919860 0.213734
vt 0.001912 0.951539
vt 0.191052 0.312937
vt 0.246751 0.001523
vt 0.562163 0.292146
vt 0.021463 0.882677
vt 0.300965 0.436486
vt 0.159204 0.870484
vt 0.244314 0.845076
vt 0.141147 0.035491
vt 0.842239 0.354095
vt 0.185967 0.222406
vt 0.608971 0.001773
vt 0.092118 0.064767
vt 0.519707 0.152697
vt 0.711479 0.188062
vt 0.049138 0.001783
vt 0.337324 0.882765
vt 0.881148 0.034490
vt 0.212619 0.328090
vt 0.269373 0.001553
vt 0.201779 0.817189
vt 0.796920 0.286827
vt 0.073693 0.859061
vt 0.802044 0.024123
vt 0.157827 0.030295
vt 0.901389 0.316807
vt 0.167460 0.163693
vt 0.014800 0.002953
vt 0.211130 0.372343
vt 0.203777 0.835226
vt 0.119869 0.815033
vt 0.217398 0.262523
vt 0.765225 0.232942
vt 0.879440 0.648691
vt 0.259439 0.942056
vt 0.257883 0.944759
vt 0.633212 0.005419
vt 0.230853 0.944579
vt 0.273931 0.510881
vt 0.011779 0.006035
vt 0.232109 0.946607
vt 0.632011 0.001523
vt 0.414894 0.015458
vt 0.310036 0.010032
vt 0.583103 0.054123
vt 0.112009 0.023899
vt 0.101990 0.020548
vt 0.591232 0.047561
vt 0.078226 0.027506
vt 0.976518 0.128507
vt 0.034297 0.001601
vt 0.225166 0.280291
vt 0.209089 0.391627
vt 0.977184 0.169461
vt 0.531746 0.002105
vt 0.946830 0.665413
vt 0.367646 0.569586
vt 0.700286 0.168679
vt 0.070354 0.018403
vt 0.205882 0.361978
vt 0.588551 0.043745
vt 0.626211 0.402549
vt 0.172824 0.107162
vt 0.978697 0.137804
vt 0.535877 0.009615
vt 0.136644 0.006437
vt 0.605473 0.041121
vt 0.709992 0.973490
vt 0.232892 0.936036
vt 0.325383 0.543766
vt 0.694228 0.409984
vt 0.923685 0.556045
vt 0.177636 0.769284
vt 0.183235 0.051258
vt 0.842449 0.015251
vt 0.970294 0.163840
vt 0.011724 0.001530
vt 0.202063 0.945188
vt 0.181791 0.252339
vt 0.595338 0.029114
vt 0.170462 0.153799
vt 0.890520 0.315199
vt 0.377493 0.617693
vt 0.062706 0.934971
vt 0.705502 0.098462
vt 0.448411 0.037425
vt 0.621649 0.058307
vt 0.204463 0.940778
vt 0.682285 0.974504
vt 0.654045 0.069171
vt 0.006638 0.001528
vt 0.192203 0.945417
vt 0.307528 0.006116
vt 0.446664 0.043927
vt 0.613572 0.043806
vt 0.576609 0.058220
vt 0.161587 0.010125
vt 0.631756 0.065269
vt 0.790588 0.636534
vt 0.425013 0.950187
vt 0.074118 0.929011
vt 0.550428 0.972915
vt 0.577593 0.054040
vt 0.137755 0.016634
vt 0.608912 0.047004
vt 0.975721 0.088261
vt 0.116950 0.010672
vt 0.899034 0.097020
vt 0.435978 0.007555
vt 0.714331 0.184262
vt 0.615858 0.029191
vt 0.443138 0.951759
vt 0.170668 0.095579
vt 0.410492 0.952000
vt 0.615934 0.025814
vt 0.713925 0.965884
vt 0.417889 0.013727
vt 0.306461 0.008706
vt 0.141970 0.009305
vt 0.905006 0.121129
vt 0.047937 0.931746
vt 0.710290 0.098868
vt 0.141147 0.051943
vt 0.446309 0.048235
vt 0.181431 0.245308
vt 0.606366 0.032161
vt 0.705454 0.166029
vt 0.226177 0.936786
vt 0.702989 0.970142
vt 0.568765 0.058452
vt 0.181594 0.007422
vt 0.439766 0.044345
vt 0.164154 0.102093
vt 0.375517 0.946872
vt 0.181521 0.002435
vt 0.443510 0.040596
vt 0.914480 0.160155
vt 0.438674 0.946647
vt 0.917119 0.975419
vt 0.103219 0.174996
vt 0.014699 0.918327
vt 0.188602 0.274289
vt 0.019111 0.928643
vt 0.192422 0.287870
vt 0.715721 0.093568
vt 0.222080 0.392164
vt 0.851763 0.005841
vt 0.520475 0.008614
vt 0.149520 0.006437
vt 0.811605 0.011725
vt 0.657438 0.079052
vt 0.209931 0.059933
vt 0.156070 0.938638
vt 0.191225 0.257095
vt 0.862486 0.083181
vt 0.969597 0.092986
vt 0.857239 0.054591
vt 0.965798 0.121744
vt 0.693393 0.148332
vt 0.440717 0.019539
vt 0.612761 0.058141
vt 0.976523 0.033435
vt 0.709776 0.044617
vt 0.972717 0.061980
vt 0.206522 0.059841
vt 0.135320 0.937619
vt 0.685136 0.968825
vt 0.193910 0.934965
vt 0.670667 0.971369
vt 0.638971 0.971921
vt 0.162121 0.934978
vt 0.020380 0.926105
vt 0.189652 0.283583
vt 0.917429 0.142713
vt 0.569774 0.052956
vt 0.129593 0.697675
vt 0.446994 0.017588
vt 0.212835 0.364719
vt 0.304039 0.007617
vt 0.685410 0.966050
vt 0.974203 0.030075
vt 0.709059 0.046772
vt 0.202013 0.058906
vt 0.113727 0.935324
vt 0.704387 0.096692
vt 0.082080 0.933900
vt 0.099072 0.058582
vt 0.518618 0.968149
vt 0.710587 0.091980
vt 0.616066 0.059703
vt 0.893784 0.271647
vt 0.800702 0.016082
vt 0.575408 0.048579
vt 0.912536 0.119285
vt 0.051981 0.927070
vt 0.528141 0.973520
vt 0.599064 0.969748
vt 0.122893 0.931201
vt 0.893231 0.293572
vt 0.866051 0.973794
vt 0.388286 0.942268
vt 0.088218 0.931572
vt 0.564741 0.972149
vt 0.583579 0.042363
vt 0.904445 0.078887
vt 0.141845 0.048231
vt 0.582396 0.225709
vt 0.608242 0.025414
vt 0.074484 0.066273
vt 0.867372 0.966456
vt 0.168426 0.105298
vt 0.611498 0.018122
vt 0.698298 0.177563
vt 0.065553 0.012681
vt 0.890966 0.046785
vt 0.917628 0.155418
vt 0.120908 0.936426
vt 0.202013 0.063161
vt 0.697675 0.094870
vt 0.538674 0.016999
vt 0.666342 0.116884
vt 0.602281 0.052691
vt 0.880305 0.111806
vt 0.436606 0.004026
vt 0.312823 0.007826
vt 0.229585 0.077716
vt 0.723615 0.196654
vt 0.699485 0.152332
vt 0.123679 0.702937
vt 0.891220 0.157593
vt 0.755549 0.971260
vt 0.278873 0.934994
vt 0.613642 0.026860
vt 0.446463 0.949668
vt 0.924823 0.971529
vt 0.542512 0.965733
vt 0.709736 0.090966
vt 0.927931 0.049706
vt 0.193651 0.279092
vt 0.095363 0.181094
vt 0.497665 0.975326
vt 0.022102 0.920281
vt 0.806066 0.011780
vt 0.537052 0.017282
vt 0.204728 0.062800
vt 0.624574 0.964213
vt 0.660144 0.112291
vt 0.446371 0.022490
vt 0.609269 0.059410
vt 0.886033 0.142823
vt 0.706481 0.042707
vt 0.597902 0.042399
vt 0.567122 0.055557
vt 0.441882 0.046981
vt 0.920250 0.159844
vt 0.722189 0.188002
vt 0.874982 0.123389
vt 0.968819 0.050848
vt 0.450014 0.032494
vt 0.637703 0.078022
vt 0.151177 0.930364
vt 0.627430 0.971559
vt 0.361228 0.939152
vt 0.085429 0.559857
vt 0.453274 0.043680
vt 0.188030 0.250247
vt 0.302864 0.937981
vt 0.716895 0.082041
vt 0.760517 0.963240
vt 0.284051 0.940859
vt 0.626302 0.003922
vt 0.448054 0.012025
vt 0.441935 0.001570
vt 0.159641 0.107640
vt 0.355051 0.942499
vt 0.727217 0.081072
vt 0.612064 0.023826
vt 0.908005 0.969587
vt 0.413989 0.573445
vt 0.881136 0.258593
vt 0.156150 0.031965
vt 0.054414 0.055310
vt 0.803819 0.020109
vt 0.705301 0.092905
vt 0.929787 0.046507
vt 0.555105 0.966112
vt 0.852387 0.014474
vt 0.147951 0.005626
vt 0.594041 0.034367
vt 0.805255 0.015399
vt 0.662674 0.084117
vt 0.293665 0.005645
vt 0.632259 0.965015
vt 0.911672 0.127436
vt 0.737601 0.962829
vt 0.626271 0.001522
vt 0.416985 0.011750
vt 0.442613 0.006451
vt 0.142630 0.741356
vt 0.313034 0.931506
vt 0.789664 0.974822
vt 0.704136 0.091778
vt 0.538673 0.011977
vt 0.573282 0.963823
vt 0.095524 0.062578
vt 0.241736 0.024887
vt 0.529889 0.969364
vt 0.574296 0.255958
vt 0.089156 0.582276
vt 0.188283 0.244721
vt 0.627452 0.049790
vt 0.493105 0.966813
vt 0.199804 0.285865
vt 0.720268 0.087336
vt 0.619313 0.063883
vt 0.882237 0.244753
vt 0.094499 0.058727
vt 0.514420 0.966442
vt 0.239869 0.033171
vt 0.714607 0.089221
vt 0.214030 0.356283
vt 0.590987 0.034499
vt 0.899858 0.051555
vt 0.241736 0.041954
vt 0.197731 0.281637
vt 0.498268 0.970469
vt 0.116290 0.664781
vt 0.907852 0.106330
vt 0.347366 0.934026
vt 0.824161 0.973826
vt 0.930556 0.051305
vt 0.570525 0.966860
vt 0.310664 0.938699
vt 0.447829 0.005859
vt 0.717707 0.085044
vt 0.096801 0.608605
vt 0.643339 0.072091
vt 0.884626 0.141986
vt 0.969874 0.030233
vt 0.703196 0.046797
vt 0.900914 0.079735
vt 0.640279 0.046813
vt 0.793796 0.006821
vt 0.866051 0.205025
vt 0.624511 0.069101
vt 0.966010 0.168137
vt 0.220317 0.385050
vt 0.231669 0.269020
vt 0.762853 0.215581
vt 0.847224 0.009128
vt 0.154245 0.813808
vt 0.767660 0.244672
vt 0.314873 0.011924
vt 0.411111 0.570063
vt 0.612882 0.064904
vt 0.805004 0.018804
vt 0.148349 0.803187
vt 0.760212 0.235285
vt 0.536858 0.013533
vt 0.599341 0.964468
vt 0.771419 0.971865
vt 0.295356 0.929535
vt 0.862956 0.199432
vt 0.747552 0.230430
vt 0.219703 0.075071
vt 0.319404 0.009308
vt 0.792059 0.001523
vt 0.859898 0.185615
vt 0.800489 0.971280
vt 0.222371 0.079078
vt 0.733631 0.211836
vt 0.139773 0.735293
vt 0.453256 0.041407
vt 0.094301 0.588110
vt 0.594360 0.038971
vt 0.863827 0.050825
vt 0.861436 0.968804
vt 0.131178 0.704685
vt 0.877122 0.108188
vt 0.452203 0.029658
vt 0.109525 0.627472
vt 0.156150 0.024278
vt 0.051472 0.044340
vt 0.368649 0.614548
vt 0.177901 0.158444
vt 0.788877 0.966415
vt 0.450513 0.005972
vt 0.447278 0.001784
vt 0.155822 0.111911
vt 0.827425 0.968984
vt 0.629922 0.073376
vt 0.647221 0.063238
vt 0.469660 0.525525
vt 0.856631 0.189112
vt 0.588670 0.234426
vt 0.193189 0.243302
vt 0.072967 0.075815
vt 0.535385 0.177180
vt 0.141889 0.775510
vt 0.741831 0.213674
vt 0.896472 0.163380
vt 0.761527 0.968288
vt 0.050370 0.049849
vt 0.804522 0.027005
vt 0.391699 0.594082
vt 0.218310 0.354253
vt 0.901372 0.044303
vt 0.887012 0.128057
vt 0.725316 0.969275
vt 0.652041 0.067180
vt 0.796538 0.001532
vt 0.855365 0.183078
vt 0.102720 0.614334
vt 0.737308 0.964084
vt 0.224862 0.303019
vt 0.424528 0.558260
vt 0.616268 0.070474
vt 0.189791 0.840197
vt 0.745746 0.213463
vt 0.234327 0.387146
vt 0.176068 0.067047
vt 0.434216 0.001993
vt 0.313696 0.009142
vt 0.146124 0.774996
vt 0.200577 0.244546
vt 0.542776 0.169778
vt 0.099366 0.189364
vt 0.204994 0.275606
vt 0.601872 0.064870
vt 0.590885 0.065361
vt 0.204194 0.262834
vt 0.137043 0.734357
vt 0.723137 0.177307
vt 0.949577 0.013991
vt 0.226660 0.346934
vt 0.639578 0.735097
vt 0.914281 0.340255
vt 0.971623 0.612395
vt 0.213887 0.267099
vt 0.960778 0.942926
vt 0.590349 0.052897
vt 0.365242 0.126004
vt 0.970643 0.665031
vt 0.916530 0.352923
vt 0.966387 0.660195
vt 0.979195 0.549395
vt 0.952955 0.266763
vt 0.972594 0.595528
vt 0.921485 0.337337
vt 0.956303 0.385936
vt 0.233272 0.355279
vt 0.203706 0.850305
vt 0.953843 0.194820
vt 0.548314 0.946154
vt 0.963216 0.673005
vt 0.978381 0.565342
vt 0.951366 0.321119
vt 0.968805 0.716593
vt 0.971794 0.708013
vt 0.918792 0.361406
vt 0.972898 0.532725
vt 0.949180 0.184047
vt 0.920157 0.331806
vt 0.973509 0.013896
vt 0.970150 0.559338
vt 0.966234 0.792009
vt 0.953025 0.108804
vt 0.958079 0.351119
vt 0.135394 0.596677
vt 0.967993 0.765668
vt 0.964755 0.690124
vt 0.955496 0.390217
vt 0.612185 0.242476
vt 0.982452 0.578542
vt 0.972147 0.779596
vt 0.918633 0.376211
vt 0.163512 0.028463
vt 0.974642 0.553699
vt 0.290548 0.001533
vt 0.459166 0.977300
vt 0.972948 0.001529
vt 0.981392 0.955317
vt 0.237721 0.188124
vt 0.949763 0.232124
vt 0.970829 0.545139
vt 0.454239 0.952236
vt 0.965490 0.578820
vt 0.948787 0.129163
vt 0.968814 0.519565
vt 0.964322 0.496774
vt 0.951468 0.048732
vt 0.968093 0.535622
vt 0.915078 0.389114
vt 0.972594 0.846301
vt 0.963515 0.407706
vt 0.107895 0.546881
vt 0.183665 0.679674
vt 0.958628 0.255132
vt 0.967007 0.940763
vt 0.371768 0.131397
vt 0.863831 0.001526
vt 0.888349 0.049849
vt 0.970111 0.946112
vt 0.217741 0.279152
vt 0.826606 0.387737
vt 0.216634 0.237089
vt 0.590962 0.390398
vt 0.070406 0.492761
vt 0.851786 0.049202
vt 0.671312 0.301604
vt 0.964636 0.473512
vt 0.135637 0.043792
vt 0.537556 0.956632
vt 0.920331 0.354560
vt 0.218913 0.244244
vt 0.587216 0.391938
vt 0.163821 0.020781
vt 0.136561 0.611035
vt 0.976712 0.567800
vt 0.972286 0.931552
vt 0.860845 0.006350
vt 0.590250 0.946481
vt 0.958758 0.714631
vt 0.001523 0.091182
vt 0.922044 0.390452
vt 0.245267 0.783355
vt 0.962454 0.134405
vt 0.915940 0.401056
vt 0.970724 0.892794
vt 0.964943 0.507846
vt 0.950888 0.089343
vt 0.566776 0.949828
vt 0.959591 0.690950
vt 0.777265 0.948228
vt 0.964837 0.900633
vt 0.984376 0.586294
vt 0.839778 0.018195
vt 0.647090 0.279004
vt 0.966059 0.553720
vt 0.429603 0.958138
vt 0.975401 0.016965
vt 0.233326 0.346342
vt 0.954688 0.023317
vt 0.954690 0.049338
vt 0.960617 0.753605
vt 0.629678 0.949328
vt 0.961617 0.940226
vt 0.816364 0.940913
vt 0.369878 0.126343
vt 0.849226 0.053458
vt 0.982499 0.595706
vt 0.589698 0.001526
vt 0.886471 0.046735
vt 0.225774 0.284728
vt 0.157723 0.640435
vt 0.202210 0.853544
vt 0.159116 0.036931
vt 0.960491 0.491467
vt 0.239713 0.353779
vt 0.951092 0.024124
vt 0.091766 0.532910
vt 0.980156 0.582825
vt 0.003844 0.751556
vt 0.487885 0.958505
vt 0.135851 0.038991
vt 0.921566 0.345736
vt 0.005993 0.771219
vt 0.524221 0.953571
vt 0.122953 0.585549
vt 0.962750 0.502896
vt 0.950891 0.068768
vt 0.478994 0.955738
vt 0.914460 0.407457
vt 0.968425 0.913671
vt 0.225504 0.754984
vt 0.961977 0.169000
vt 0.458461 0.961953
vt 0.924661 0.340504
vt 0.961216 0.800774
vt 0.677049 0.949084
vt 0.923878 0.334519
vt 0.429670 0.961429
vt 0.972475 0.018655
vt 0.236041 0.337721
vt 0.098223 0.157658
vt 0.962920 0.018375
vt 0.307537 0.881156
vt 0.163821 0.029967
vt 0.161188 0.651760
vt 0.286560 0.003009
vt 0.820881 0.067503
vt 0.925587 0.383041
vt 0.963674 0.530027
vt 0.214277 0.753969
vt 0.969472 0.913302
vt 0.920251 0.407645
vt 0.856053 0.006815
vt 0.454113 0.025932
vt 0.190688 0.711554
vt 0.966556 0.539430
vt 0.278977 0.001531
vt 0.964663 0.052761
vt 0.287485 0.853126
vt 0.820854 0.062774
vt 0.923929 0.374877
vt 0.620378 0.959922
vt 0.981353 0.600362
vt 0.053692 0.472543
vt 0.003844 0.795131
vt 0.135851 0.049945
vt 0.568639 0.956399
vt 0.853716 0.065997
vt 0.981440 0.598123
vt 0.058884 0.480367
vt 0.064454 0.490881
vt 0.979878 0.593673
vt 0.957570 0.718958
vt 0.594990 0.950167
vt 0.961685 0.925644
vt 0.802478 0.948515
vt 0.088459 0.525045
vt 0.577191 0.061688
vt 0.366911 0.112452
vt 0.223394 0.257297
vt 0.829357 0.938680
vt 0.589392 0.002396
vt 0.889718 0.058853
vt 0.853218 0.001526
vt 0.453911 0.021628
vt 0.980319 0.596966
vt 0.060418 0.484657
vt 0.161823 0.037456
vt 0.958004 0.495934
vt 0.242024 0.356383
vt 0.260162 0.365799
vt 0.190319 0.858267
vt 0.926397 0.397604
vt 0.824419 0.076133
vt 0.721506 0.961730
vt 0.661739 0.954857
vt 0.159116 0.041954
vt 0.248942 0.353566
vt 0.199243 0.857543
vt 0.708773 0.959107
vt 0.782494 0.955792
vt 0.227303 0.769848
vt 0.953831 0.491096
vt 0.247585 0.352389
vt 0.275044 0.859833
vt 0.247677 0.358544
vt 0.197543 0.855356
vt 0.186366 0.852054
vt 0.172380 0.089063
vt 0.255574 0.378656
vt 0.380448 0.120271
vt 0.812575 0.952229
vt 0.822712 0.070755
vt 0.670043 0.961728
vt 0.923961 0.417504
vt 0.001523 0.111665
vt 0.797178 0.959260
vt 0.450332 0.016542
vt 0.630774 0.079896
vt 0.149399 0.113243
vt 0.280650 0.915493
vt 0.274732 0.351972
vt 0.191377 0.869050
vt 0.306588 0.887279
vt 0.091708 0.161148
vt 0.002377 0.104710
vt 0.923142 0.405836
vt 0.745898 0.958750
vt 0.264064 0.282097
vt 0.098416 0.136112
vt 0.289756 0.867391
vt 0.955421 0.499563
vt 0.254566 0.824973
vt 0.577919 0.001526
vt 0.832691 0.961884
vt 0.451267 0.011752
vt 0.236488 0.280612
vt 0.723652 0.005809
vt 0.411525 0.766478
vt 0.724266 0.352216
vt 0.258984 0.822803
vt 0.232545 0.260743
vt 0.829018 0.948312
vt 0.282989 0.867750
vt 0.834260 0.392883
vt 0.593351 0.394660
vt 0.283448 0.879570
vt 0.251328 0.351206
vt 0.828800 0.957336
vt 0.237136 0.270484
vt 0.203777 0.863704
vt 0.298462 0.896320
vt 0.290507 0.896302
vt 0.255142 0.349264
vt 0.199020 0.861608
vt 0.924853 0.036622
vt 0.088873 0.901939
vt 0.968666 0.021934
vt 0.241221 0.166517
vt 0.563284 0.400410
vt 0.998308 0.058589
vt 0.842239 0.419444
vt 0.587216 0.407554
vt 0.699292 0.113624
vt 0.247768 0.246606
vt 0.509887 0.751350
vt 0.859734 0.123979
vt 0.001948 0.910319
vt 0.150910 0.903490
vt 0.911073 0.490527
vt 0.222077 0.082457
vt 0.563281 0.333724
vt 0.003329 0.911235
vt 0.001896 0.415408
vt 0.861543 0.124175
vt 0.010842 0.891756
vt 0.863851 0.137011
vt 0.805941 0.720503
vt 0.015701 0.886717
vt 0.015571 0.436652
vt 0.867508 0.154748
vt 0.018090 0.851811
vt 0.870188 0.152110
vt 0.365441 0.104913
vt 0.122847 0.051233
vt 0.031149 0.792417
vt 0.031518 0.593869
vt 0.034901 0.760411
vt 0.037414 0.654903
vt 0.427846 0.537488
vt 0.937943 0.736319
vt 0.392546 0.124816
vt 0.033406 0.667481
vt 0.018297 0.883814
vt 0.014778 0.439801
vt 0.030914 0.478442
vt 0.024511 0.842054
vt 0.915432 0.013582
vt 0.975055 0.194798
vt 0.290890 0.384370
vt 0.115652 0.873155
vt 0.616167 0.095501
vt 0.920242 0.001558
vt 0.123865 0.048180
vt 0.028289 0.797653
vt 0.874679 0.177876
vt 0.099420 0.751664
vt 0.028277 0.560216
vt 0.409669 0.129871
vt 0.028957 0.582805
vt 0.735724 0.089389
vt 0.977703 0.172931
vt 0.903737 0.144478
vt 0.962464 0.961432
vt 0.405506 0.037078
vt 0.290393 0.342993
vt 0.386452 0.114476
vt 0.801567 0.420967
vt 0.047286 0.609510
vt 0.052491 0.630644
vt 0.741758 0.130792
vt 0.591411 0.241977
vt 0.075698 0.882684
vt 0.324473 0.508439
vt 0.158846 0.001525
vt 0.720671 0.361824
vt 0.050331 0.709749
vt 0.046036 0.830536
vt 0.122808 0.007746
vt 0.755686 0.198056
vt 0.011496 0.493121
vt 0.055174 0.711697
vt 0.748604 0.151655
vt 0.065121 0.524423
vt 0.871675 0.148314
vt 0.016796 0.457358
vt 0.987387 0.745890
vt 0.070360 0.603782
vt 0.039290 0.710215
vt 0.887887 0.069514
vt 0.988184 0.776856
vt 0.070638 0.570052
vt 0.217839 0.001531
vt 0.040273 0.859549
vt 0.668984 0.332960
vt 0.046170 0.769210
vt 0.051427 0.741575
vt 0.705868 0.140436
vt 0.077506 0.590756
vt 0.716997 0.159265
vt 0.095523 0.675682
vt 0.065226 0.518728
vt 0.698682 0.119721
vt 0.980116 0.848815
vt 0.114494 0.883841
vt 0.581547 0.374622
vt 0.591818 0.381610
vt 0.109998 0.872862
vt 0.007568 0.441186
vt 0.998311 0.092773
vt 0.005993 0.541767
vt 0.057252 0.552358
vt 0.040798 0.763250
vt 0.172324 0.001533
vt 0.397672 0.122830
vt 0.129973 0.008642
vt 0.038638 0.525080
vt 0.870553 0.470394
vt 0.044521 0.513129
vt 0.035653 0.804632
vt 0.619721 0.307389
vt 0.038915 0.825042
vt 0.821747 0.040589
vt 0.372548 0.103461
vt 0.123865 0.059934
vt 0.048818 0.541534
vt 0.880849 0.184818
vt 0.049142 0.853468
vt 0.123842 0.004854
vt 0.986957 0.664958
vt 0.168637 0.980534
vt 0.095137 0.737588
vt 0.034606 0.574739
vt 0.033625 0.501742
vt 0.876991 0.168133
vt 0.082329 0.034086
vt 0.991464 0.628897
vt 0.700638 0.082561
vt 0.912969 0.005755
vt 0.634126 0.108555
vt 0.977760 0.902745
vt 0.978806 0.812767
vt 0.317031 0.981896
vt 0.128220 0.007770
vt 0.043382 0.550647
vt 0.734183 0.117666
vt 0.111592 0.750230
vt 0.894472 0.087058
vt 0.991039 0.681719
vt 0.092122 0.672997
vt 0.463493 0.011968
vt 0.696782 0.072529
vt 0.014385 0.512511
vt 0.725297 0.099807
vt 0.102995 0.878674
vt 0.001637 0.437641
vt 0.997070 0.083465
vt 0.102191 0.831247
vt 0.014362 0.483185
vt 0.754623 0.177923
vt 0.048439 0.777193
vt 0.650748 0.125243
vt 0.863733 0.021634
vt 0.255667 0.242463
vt 0.712192 0.123892
vt 0.082569 0.661888
vt 0.041620 0.650862
vt 0.941152 0.104649
vt 0.121405 0.776596
vt 0.731436 0.176005
vt 0.717658 0.155727
vt 0.134551 0.849898
vt 0.977578 0.850707
vt 0.355049 0.981894
vt 0.935126 0.056999
vt 0.127221 0.824509
vt 0.726689 0.118911
vt 0.394300 0.029282
vt 0.675503 0.152824
vt 0.355084 0.076978
vt 0.211382 0.062646
vt 0.039118 0.572774
vt 0.831192 0.443657
vt 0.060883 0.524347
vt 0.945965 0.364227
vt 0.392310 0.032716
vt 0.660908 0.137786
vt 0.078910 0.034097
vt 0.741008 0.080854
vt 0.990266 0.601240
vt 0.262206 0.261419
vt 0.758260 0.193507
vt 0.979796 0.898817
vt 0.039178 0.002421
vt 0.882351 0.041784
vt 0.891963 0.014070
vt 0.729348 0.148117
vt 0.148503 0.107031
vt 0.104089 0.977168
vt 0.743440 0.079223
vt 0.987945 0.600682
vt 0.440233 0.981048
vt 0.975522 0.935810
vt 0.988739 0.012926
vt 0.641594 0.102720
vt 0.003801 0.069995
vt 0.894303 0.088925
vt 0.989419 0.660925
vt 0.090417 0.030579
vt 0.127615 0.855064
vt 0.928888 0.027542
vt 0.990249 0.068224
vt 0.675851 0.146231
vt 0.742896 0.168357
vt 0.341011 0.001981
vt 0.983875 0.738443
vt 0.242465 0.982977
vt 0.397836 0.034162
vt 0.351081 0.076903
vt 0.697289 0.089017
vt 0.651055 0.129016
vt 0.997123 0.038686
vt 0.399329 0.979074
vt 0.973575 0.894918
vt 0.131394 0.815418
vt 0.942014 0.064444
vt 0.263057 0.021198
vt 0.283752 0.360663
vt 0.983870 0.001526
vt 0.637583 0.090871
vt 0.040840 0.005497
vt 0.982275 0.933433
vt 0.755689 0.211631
vt 0.295900 0.001544
vt 0.695756 0.175353
vt 0.217602 0.063316
vt 0.993592 0.103163
vt 0.939035 0.029775
vt 0.263712 0.039956
vt 0.136892 0.849883
vt 0.245781 0.829636
vt 0.022105 0.469288
vt 0.951312 0.371754
vt 0.062558 0.515876
vt 0.700746 0.119675
vt 0.070301 0.590207
vt 0.942663 0.298093
vt 0.603356 0.287058
vt 0.762581 0.201361
vt 0.123424 0.001528
vt 0.991108 0.040246
vt 0.657268 0.125384
vt 0.986664 0.625617
vt 0.129261 0.979764
vt 0.114839 0.773894
vt 0.005993 0.687486
vt 0.938283 0.109011
vt 0.001862 0.062748
vt 0.243875 0.987962
vt 0.887129 0.076499
vt 0.755151 0.211759
vt 0.154542 0.097803
vt 0.295961 0.003037
vt 0.725932 0.358213
vt 0.752512 0.150157
vt 0.939433 0.206788
vt 0.091164 0.679133
vt 0.219608 0.004292
vt 0.037689 0.862278
vt 0.588646 0.287239
vt 0.882389 0.057010
vt 0.330904 0.987797
vt 0.161978 0.001531
vt 0.463493 0.045950
vt 0.414879 0.128085
vt 0.735561 0.094420
vt 0.091177 0.740005
vt 0.040447 0.794829
vt 0.647151 0.320437
vt 0.097836 0.852072
vt 0.701523 0.078671
vt 0.005074 0.464560
vt 0.102411 0.979337
vt 0.743100 0.081349
vt 0.945594 0.293854
vt 0.710101 0.141048
vt 0.083597 0.030053
vt 0.133880 0.983739
vt 0.741453 0.085850
vt 0.694269 0.166620
vt 0.991976 0.095649
vt 0.386991 0.002136
vt 0.730157 0.124146
vt 0.692926 0.337765
vt 0.756607 0.164210
vt 0.942334 0.145445
vt 0.004035 0.667810
vt 0.728478 0.170180
vt 0.964341 0.188610
vt 0.697292 0.079196
vt 0.913679 0.001720
vt 0.288873 0.378122
vt 0.997354 0.001523
vt 0.995469 0.036123
vt 0.002945 0.518424
vt 0.821819 0.034274
vt 0.039539 0.512474
vt 0.935657 0.006312
vt 0.304367 0.401201
vt 0.251725 0.840957
vt 0.263712 0.012947
vt 0.941579 0.079782
vt 0.004035 0.703231
vt 0.736913 0.182345
vt 0.353468 0.079777
vt 0.208813 0.063320
vt 0.993254 0.078110
vt 0.314884 0.459126
vt 0.573926 0.271314
vt 0.041404 0.001664
vt 0.881494 0.040510
vt 0.395057 0.984627
vt 0.936675 0.044582
vt 0.244314 0.821682
vt 0.908911 0.016201
vt 0.442544 0.988321
vt 0.045586 0.004082
vt 0.955077 0.001524
vt 0.240195 0.130600
vt 0.108846 0.901334
vt 0.721765 0.159910
vt 0.943262 0.210575
vt 0.123187 0.982007
vt 0.744781 0.084526
vt 0.167407 0.002460
vt 0.402535 0.123884
vt 0.076281 0.657633
vt 0.256861 0.234020
vt 0.868895 0.022895
vt 0.146167 0.112309
vt 0.389022 0.011740
vt 0.001564 0.067304
vt 0.095125 0.030398
vt 0.177633 0.984748
vt 0.711583 0.349480
vt 0.755461 0.158287
vt 0.094579 0.820574
vt 0.701006 0.073759
vt 0.655687 0.321553
vt 0.758247 0.185388
vt 0.091799 0.733774
vt 0.002945 0.543406
vt 0.825952 0.049697
vt 0.052698 0.556878
vt 0.845276 0.450477
vt 0.238845 0.986229
vt 0.125922 0.008642
vt 0.861759 0.459982
vt 0.735669 0.117765
vt 0.611594 0.384420
vt 0.101710 0.854618
vt 0.786805 0.399705
vt 0.747153 0.133062
vt 0.060126 0.520702
vt 0.949174 0.367764
vt 0.045086 0.637244
vt 0.782272 0.400530
vt 0.463000 0.021974
vt 0.698579 0.064691
vt 0.094573 0.784332
vt 0.076449 0.650602
vt 0.610313 0.238923
vt 0.444021 0.128761
vt 0.274793 0.250813
vt 0.402526 0.036399
vt 0.531069 0.036964
vt 0.375171 0.013857
vt 0.888408 0.026850
vt 0.493461 0.024520
vt 0.734220 0.099511
vt 0.990916 0.951590
vt 0.045049 0.025485
vt 0.409118 0.001577
vt 0.493012 0.014992
vt 0.258704 0.209920
vt 0.863668 0.452092
vt 0.297384 0.076246
vt 0.071222 0.197474
vt 0.865940 0.046691
vt 0.881188 0.030351
vt 0.921268 0.209901
vt 0.197538 0.915219
vt 0.552094 0.029912
vt 0.346462 0.381006
vt 0.247834 0.020974
vt 0.594501 0.223658
vt 0.925039 0.028288
vt 0.392392 0.815408
vt 0.390514 0.029203
vt 0.895538 0.097965
vt 0.876525 0.748810
vt 0.565878 0.052093
vt 0.433193 0.119977
vt 0.382880 0.820754
vt 0.387037 0.015224
vt 0.462751 0.065235
vt 0.286704 0.251708
vt 0.607912 0.094153
vt 0.948019 0.925527
vt 0.941283 0.948093
vt 0.401425 0.478430
vt 0.620663 0.082318
vt 0.864691 0.013202
vt 0.168864 0.021351
vt 0.701179 0.089152
vt 0.894111 0.102801
vt 0.382959 0.809563
vt 0.620278 0.082692
vt 0.146144 0.026177
vt 0.169814 0.023974
vt 0.218386 0.006541
vt 0.869636 0.011690
vt 0.936927 0.924327
vt 0.245355 0.858098
vt 0.233191 0.878407
vt 0.422712 0.014890
vt 0.616745 0.083458
vt 0.735572 0.283707
vt 0.523300 0.014738
vt 0.856785 0.019015
vt 0.113126 0.035233
vt 0.898814 0.004644
vt 0.705887 0.081436
vt 0.376034 0.796591
vt 0.412089 0.020824
vt 0.946904 0.942110
vt 0.611947 0.094552
vt 0.141978 0.028584
vt 0.874214 0.013915
vt 0.516475 0.008023
vt 0.169814 0.016740
vt 0.205065 0.006541
vt 0.856244 0.011008
vt 0.073820 0.052724
vt 0.009490 0.611332
vt 0.987374 0.375935
vt 0.549151 0.032542
vt 0.909674 0.005054
vt 0.947361 0.082480
vt 0.247834 0.041954
vt 0.580521 0.187322
vt 0.592193 0.236221
vt 0.933551 0.131995
vt 0.993690 0.213394
vt 0.161986 0.753177
vt 0.327147 0.279206
vt 0.145562 0.024087
vt 0.618953 0.081243
vt 0.215509 0.005622
vt 0.866766 0.010793
vt 0.533882 0.013854
vt 0.857962 0.019957
vt 0.418108 0.128761
vt 0.291388 0.234485
vt 0.320823 0.738288
vt 0.622205 0.079641
vt 0.866689 0.013850
vt 0.092614 0.043751
vt 0.876554 0.005286
vt 0.009490 0.582460
vt 0.232458 0.078750
vt 0.985803 0.429436
vt 0.283902 0.229988
vt 0.129858 0.045112
vt 0.882311 0.013560
vt 0.946060 0.875452
vt 0.431238 0.027534
vt 0.011987 0.599629
vt 0.235086 0.075412
vt 0.982110 0.397486
vt 0.246007 0.076949
vt 0.920369 0.180840
vt 0.445144 0.037075
vt 0.558683 0.001671
vt 0.985338 0.354893
vt 0.925135 0.954183
vt 0.252874 0.888036
vt 0.315124 0.314496
vt 0.930225 0.945125
vt 0.248781 0.879703
vt 0.917497 0.022442
vt 0.103738 0.067926
vt 0.890546 0.089497
vt 0.979608 0.189020
vt 0.714598 0.086043
vt 0.436242 0.032836
vt 0.003995 0.965411
vt 0.992053 0.358819
vt 0.989646 0.428133
vt 0.702862 0.066857
vt 0.316613 0.731546
vt 0.609190 0.086557
vt 0.434401 0.019146
vt 0.365958 0.012198
vt 0.949236 0.900140
vt 0.603460 0.087208
vt 0.961412 0.288422
vt 0.310229 0.740523
vt 0.369719 0.801226
vt 0.456595 0.042261
vt 0.864207 0.017119
vt 0.285851 0.230154
vt 0.288199 0.708762
vt 0.581705 0.077226
vt 0.953759 0.794027
vt 0.615460 0.079025
vt 0.083777 0.046983
vt 0.867286 0.006760
vt 0.944097 0.819869
vt 0.270756 0.689320
vt 0.701654 0.061842
vt 0.996443 0.391183
vt 0.036122 0.963517
vt 0.234150 0.072429
vt 0.984312 0.416001
vt 0.548389 0.028142
vt 0.115872 0.026033
vt 0.905464 0.006736
vt 0.129858 0.057937
vt 0.546265 0.032537
vt 0.122581 0.027359
vt 0.910490 0.002044
vt 0.204057 0.775926
vt 0.940129 0.832478
vt 0.334812 0.770400
vt 0.964591 0.249705
vt 0.951773 0.743768
vt 0.700501 0.138148
vt 0.182302 0.756522
vt 0.586048 0.075926
vt 0.083980 0.036293
vt 0.290029 0.226870
vt 0.212924 0.071189
vt 0.982576 0.521981
vt 0.371318 0.812075
vt 0.576100 0.041870
vt 0.967973 0.194306
vt 0.189267 0.239688
vt 0.453942 0.051961
vt 0.100004 0.034513
vt 0.286884 0.223666
vt 0.129296 0.048248
vt 0.216476 0.810626
vt 0.599841 0.081640
vt 0.726504 0.079125
vt 0.557122 0.038212
vt 0.300524 0.240472
vt 0.986935 0.541853
vt 0.994399 0.453336
vt 0.098357 0.963966
vt 0.031965 0.059654
vt 0.242021 0.865016
vt 0.989566 0.503691
vt 0.490448 0.045253
vt 0.524004 0.001920
vt 0.076103 0.042932
vt 0.213725 0.068861
vt 0.250060 0.677783
vt 0.277458 0.708667
vt 0.966098 0.333794
vt 0.574537 0.071163
vt 0.160304 0.708586
vt 0.954812 0.753644
vt 0.831327 0.001523
vt 0.205614 0.065278
vt 0.349911 0.067115
vt 0.988312 0.595417
vt 0.954689 0.729468
vt 0.100883 0.028201
vt 0.702702 0.144276
vt 0.249727 0.028357
vt 0.915075 0.018323
vt 0.105884 0.067035
vt 0.304781 0.267062
vt 0.698242 0.103925
vt 0.631612 0.113381
vt 0.951854 0.464807
vt 0.996439 0.572484
vt 0.217209 0.958049
vt 0.955092 0.734731
vt 0.095629 0.028708
vt 0.700054 0.146967
vt 0.154067 0.690651
vt 0.926438 0.078020
vt 0.352629 0.073634
vt 0.950051 0.615856
vt 0.161957 0.687093
vt 0.947718 0.734429
vt 0.907066 0.076161
vt 0.944023 0.622834
vt 0.841201 0.001524
vt 0.903194 0.050668
vt 0.993157 0.589839
vt 0.946509 0.647838
vt 0.100400 0.030016
vt 0.087604 0.073380
vt 0.569881 0.002665
vt 0.440069 0.027045
vt 0.355822 0.011765
vt 0.007811 0.960655
vt 0.228820 0.647294
vt 0.700944 0.054317
vt 0.251732 0.072558
vt 0.091900 0.075029
vt 0.562735 0.008087
vt 0.710065 0.071196
vt 0.975022 0.296726
vt 0.706346 0.147913
vt 0.954141 0.697710
vt 0.177806 0.020709
vt 0.224113 0.068492
vt 0.550461 0.001527
vt 0.944889 0.085302
vt 0.944937 0.492199
vt 0.955230 0.649686
vt 0.248545 0.073844
vt 0.087604 0.077915
vt 0.013629 0.954586
vt 0.834169 0.003835
vt 0.349232 0.070726
vt 0.950021 0.638062
vt 0.972292 0.218777
vt 0.299192 0.733520
vt 0.966198 0.300794
vt 0.415582 0.962854
vt 0.945749 0.467038
vt 0.928077 0.063049
vt 0.951922 0.566514
vt 0.946684 0.457966
vt 0.697866 0.099805
vt 0.424468 0.958729
vt 0.976703 0.240438
vt 0.712916 0.082098
vt 0.944889 0.100245
vt 0.948467 0.560716
vt 0.704987 0.054992
vt 0.947813 0.088393
vt 0.926564 0.052787
vt 0.455896 0.032253
vt 0.619621 0.101377
vt 0.945747 0.505917
vt 0.635992 0.001954
vt 0.957285 0.663885
vt 0.666077 0.097686
vt 0.710583 0.157493
vt 0.221928 0.853483
vt 0.613594 0.081469
vt 0.025954 0.059647
vt 0.419389 0.010195
vt 0.230934 0.866143
vt 0.493461 0.047948
vt 0.070816 0.037624
vt 0.296426 0.223506
vt 0.202929 0.806987
vt 0.602824 0.079092
vt 0.939706 0.504676
vt 0.378335 0.965473
vt 0.970916 0.344827
vt 0.705506 0.063758
vt 0.192301 0.770064
vt 0.949104 0.672154
vt 0.134221 0.631297
vt 0.460674 0.001525
vt 0.315136 0.185533
vt 0.166932 0.711209
vt 0.645032 0.006656
vt 0.959406 0.618289
vt 0.656247 0.013132
vt 0.432879 0.008620
vt 0.962762 0.563879
vt 0.079696 0.956548
vt 0.700656 0.100547
vt 0.420581 0.956242
vt 0.627968 0.114993
vt 0.043431 0.956087
vt 0.211657 0.820297
vt 0.105647 0.568069
vt 0.957236 0.603067
vt 0.111338 0.958550
vt 0.428098 0.008442
vt 0.957656 0.555697
vt 0.611960 0.003800
vt 0.930797 0.057868
vt 0.455888 0.037275
vt 0.351583 0.956871
vt 0.568196 0.036239
vt 0.723477 0.067854
vt 0.179134 0.239694
vt 0.995820 0.499288
vt 0.144038 0.957704
vt 0.973241 0.300479
vt 0.654037 0.014477
vt 0.432490 0.005978
vt 0.718779 0.056553
vt 0.103738 0.063511
vt 0.185688 0.229729
vt 0.978290 0.200586
vt 0.104142 0.951437
vt 0.235324 0.067695
vt 0.541544 0.001532
vt 0.702897 0.151494
vt 0.133984 0.644696
vt 0.975107 0.269305
vt 0.943179 0.567955
vt 0.314760 0.960411
vt 0.996348 0.623148
vt 0.940496 0.614921
vt 0.268098 0.965009
vt 0.911841 0.082937
vt 0.421752 0.501651
vt 0.205064 0.625169
vt 0.705588 0.049883
vt 0.535285 0.028009
vt 0.423122 0.009569
vt 0.964517 0.181707
vt 0.457043 0.036123
vt 0.615163 0.101331
vt 0.370638 0.958825
vt 0.259715 0.697506
vt 0.966584 0.353663
vt 0.932669 0.066047
vt 0.311852 0.954399
vt 0.954694 0.581912
vt 0.624890 0.026830
vt 0.164249 0.715769
vt 0.424081 0.001849
vt 0.025954 0.071921
vt 0.599720 0.002410
vt 0.965644 0.170986
vt 0.233263 0.888779
vt 0.146613 0.671143
vt 0.402544 0.957017
vt 0.619908 0.107897
vt 0.969440 0.337066
vt 0.377182 0.961899
vt 0.929435 0.086463
vt 0.345605 0.069578
vt 0.256324 0.957393
vt 0.953337 0.625553
vt 0.711961 0.160530
vt 0.110288 0.590833
vt 0.645184 0.065805
vt 0.713572 0.071669
vt 0.104831 0.060356
vt 0.308408 0.255063
vt 0.176129 0.017009
vt 0.131663 0.953400
vt 0.542618 0.002839
vt 0.966843 0.393226
vt 0.231029 0.669858
vt 0.645179 0.011646
vt 0.628256 0.042430
vt 0.428208 0.001778
vt 0.966117 0.402355
vt 0.227141 0.661252
vt 0.433130 0.011228
vt 0.586975 0.005135
vt 0.973098 0.172978
vt 0.372799 0.016320
vt 0.428098 0.003994
vt 0.611820 0.011234
vt 0.317240 0.955357
vt 0.223390 0.064664
vt 0.176129 0.021976
vt 0.168702 0.950615
vt 0.467800 0.035177
vt 0.720753 0.078469
vt 0.308183 0.238955
vt 0.212931 0.064729
vt 0.343319 0.064912
vt 0.235304 0.952907
vt 0.709413 0.051623
vt 0.306056 0.219952
vt 0.205232 0.631908
vt 0.971473 0.438898
vt 0.709891 0.063295
vt 0.972713 0.389899
vt 0.185130 0.952717
vt 0.696787 0.142911
vt 0.323519 0.043318
vt 0.177636 0.845076
vt 0.475480 0.039956
vt 0.820055 0.060691
vt 0.315887 0.253851
vt 0.969549 0.388791
vt 0.713505 0.048488
vt 0.534528 0.036509
vt 0.599849 0.034274
vt 0.726165 0.024088
vt 0.654713 0.297430
vt 0.411874 0.556620
vt 0.976431 0.422896
vt 0.235068 0.954517
vt 0.978653 0.438359
vt 0.715795 0.054963
vt 0.548175 0.181524
vt 0.314531 0.211599
vt 0.971676 0.477524
vt 0.174776 0.606919
vt 0.319810 0.244498
vt 0.035961 0.073007
vt 0.817009 0.049909
vt 0.259739 0.077654
vt 0.172079 0.599389
vt 0.535990 0.035790
vt 0.739408 0.118212
vt 0.033250 0.069893
vt 0.289094 0.630916
vt 0.323793 0.251033
vt 0.541702 0.186549
vt 0.641180 0.089501
vt 0.317144 0.221983
vt 0.258173 0.223712
vt 0.628206 0.271923
vt 0.180365 0.616535
vt 0.976468 0.466504
vt 0.157875 0.588814
vt 0.739829 0.089206
vt 0.440347 0.543034
vt 0.621661 0.036631
vt 0.265474 0.235055
vt 0.592470 0.230744
vt 0.475480 0.028985
vt 0.326290 0.236373
vt 0.033250 0.077915
vt 0.277307 0.621756
vt 0.809702 0.042760
vt 0.565743 0.310752
vt 0.913010 0.041216
vt 0.922256 0.041609
vt 0.349591 0.340592
vt 0.920850 0.124876
vt 0.806941 0.002590
vt 0.349868 0.324283
vt 0.458965 0.524774
vt 0.717724 0.054228
vt 0.979691 0.457270
vt 0.916036 0.088243
vt 0.799596 0.004239
vt 0.547133 0.850954
vt 0.610552 0.255318
vt 0.267227 0.222746
vt 0.637167 0.282606
vt 0.606072 0.037870
vt 0.264125 0.216173
vt 0.066336 0.038495
vt 0.742990 0.097858
vt 0.381221 0.581238
vt 0.273917 0.732632
vt 0.645385 0.282509
vt 0.087132 0.179421
vt 0.064339 0.001525
vt 0.907858 0.043263
vt 0.151834 0.035124
vt 0.925841 0.161303
vt 0.814576 0.002913
vt 0.253677 0.077209
vt 0.608537 0.071106
vt 0.142217 0.568439
vt 0.371610 0.581262
vt 0.212773 0.673337
vt 0.886729 0.197430
vt 0.587368 0.220335
vt 0.920403 0.087167
vt 0.271003 0.240707
vt 0.569783 0.205715
vt 0.930510 0.136763
vt 0.646318 0.377608
vt 0.336566 0.603810
vt 0.931732 0.206630
vt 0.709695 0.406450
vt 0.273052 0.244494
vt 0.562651 0.195528
vt 0.913493 0.068887
vt 0.102389 0.002069
vt 0.796936 0.009619
vt 0.150414 0.041954
vt 0.928470 0.207585
vt 0.827445 0.001618
vt 0.064178 0.004406
vt 0.909423 0.056086
vt 0.103684 0.001525
vt 0.603988 0.034837
vt 0.726116 0.028278
vt 0.667326 0.100586
vt 0.067389 0.041199
vt 0.334145 0.261324
vt 0.163841 0.742986
vt 0.579182 0.218224
vt 0.272637 0.234154
vt 0.448262 0.532966
vt 0.331569 0.600582
vt 0.739781 0.116335
vt 0.305608 0.619688
vt 0.743754 0.109335
vt 0.327882 0.610716
vt 0.424169 0.544211
vt 0.711514 0.390947
vt 0.599007 0.324378
vt 0.311149 0.609122
vt 0.923108 0.075454
vt 0.593559 0.345126
vt 0.554508 0.173645
vt 0.321779 0.203971
vt 0.379282 0.131257
vt 0.934029 0.169696
vt 0.676111 0.392088
vt 0.255470 0.071107
vt 0.603771 0.066967
vt 0.979537 0.524465
vt 0.917745 0.058532
vt 0.610047 0.355031
vt 0.926146 0.094420
vt 0.405831 0.553592
vt 0.695378 0.376875
vt 0.246705 0.701792
vt 0.899536 0.240069
vt 0.603769 0.071453
vt 0.975838 0.527283
vt 0.139690 0.571293
vt 0.562978 0.200202
vt 0.676980 0.023601
vt 0.645914 0.097783
vt 0.282371 0.235089
vt 0.807940 0.801175
vt 0.266725 0.074124
vt 0.717960 0.052885
vt 0.539042 0.042090
vt 0.979484 0.474221
vt 0.222609 0.668604
vt 0.275324 0.230798
vt 0.591211 0.319368
vt 0.303469 0.614296
vt 0.158090 0.598936
vt 0.973905 0.494251
vt 0.395673 0.130544
vt 0.563785 0.187233
vt 0.905784 0.268545
vt 0.268991 0.720571
vt 0.826120 0.004214
vt 0.752923 0.120697
vt 0.336592 0.256044
vt 0.164590 0.739938
vt 0.895400 0.217746
vt 0.230893 0.685368
vt 0.001533 0.073087
vt 0.748511 0.092541
vt 0.709770 0.373458
vt 0.577967 0.199478
vt 0.199044 0.655983
vt 0.669778 0.018512
vt 0.464167 0.524618
vt 0.755050 0.403045
vt 0.618248 0.033114
vt 0.631958 0.365911
vt 0.719604 0.001530
vt 0.058123 0.004907
vt 0.985017 0.012063
vt 0.097263 0.001526
vt 0.796855 0.014773
vt 0.665118 0.020003
vt 0.481788 0.511709
vt 0.062897 0.614620
vt 0.967327 0.027388
vt 0.669217 0.305893
vt 0.301081 0.752189
vt 0.093612 0.185902
vt 0.872604 0.069056
vt 0.747639 0.002408
vt 0.055134 0.001525
vt 0.922450 0.054423
vt 0.577103 0.331216
vt 0.750803 0.110273
vt 0.750336 0.100451
vt 0.001529 0.077743
vt 0.977322 0.493553
vt 0.242639 0.686772
vt 0.273052 0.225524
vt 0.058226 0.040662
vt 0.453312 0.521204
vt 0.744146 0.407078
vt 0.150414 0.031643
vt 0.650736 0.369267
vt 0.985705 0.020006
vt 0.809213 0.007364
vt 0.318660 0.763548
vt 0.728198 0.031677
vt 0.669495 0.098410
vt 0.685307 0.319266
vt 0.971663 0.028377
vt 0.321685 0.598273
vt 0.612915 0.328418
vt 0.747023 0.089534
vt 0.743694 0.393850
vt 0.618029 0.030337
vt 0.562830 0.330165
vt 0.927598 0.040562
vt 0.354906 0.337214
vt 0.109243 0.151411
vt 0.751508 0.116909
vt 0.163472 0.740318
vt 0.972312 0.022403
vt 0.058776 0.655851
vt 0.932259 0.222908
vt 0.830054 0.005633
vt 0.727100 0.408041
vt 0.295205 0.613198
vt 0.587256 0.311637
vt 0.671234 0.102579
vt 0.296252 0.744151
vt 0.063370 0.042378
vt 0.489818 0.498879
vt 0.658839 0.016371
vt 0.781622 0.427610
vt 0.184558 0.623369
vt 0.329911 0.223321
vt 0.674407 0.022476
vt 0.644490 0.101834
vt 0.270593 0.715129
vt 0.058408 0.041886
vt 0.213531 0.664300
vt 0.707550 0.004253
vt 0.975202 0.020657
vt 0.057026 0.675781
vt 0.334525 0.230773
vt 0.471215 0.043920
vt 0.737189 0.197554
vt 0.650086 0.345807
vt 0.405483 0.796408
vt 0.858492 0.023100
vt 0.131964 0.130681
vt 0.452537 0.418418
vt 0.161986 0.731003
vt 0.335030 0.238862
vt 0.574131 0.305318
vt 0.741613 0.188675
vt 0.605962 0.343306
vt 0.307543 0.605970
vt 0.599541 0.319047
vt 0.567595 0.315983
vt 0.873903 0.076412
vt 0.748444 0.001530
vt 0.981402 0.003945
vt 0.362671 0.352626
vt 0.321518 0.768424
vt 0.063183 0.641054
vt 0.063726 0.711260
vt 0.341658 0.790582
vt 0.062882 0.671091
vt 0.707295 0.001531
vt 0.341772 0.784472
vt 0.976088 0.023707
vt 0.060187 0.707761
vt 0.004847 0.076221
vt 0.728555 0.385058
vt 0.662680 0.344522
vt 0.003246 0.082697
vt 0.328661 0.206399
vt 0.381150 0.124301
vt 0.482707 0.013150
vt 0.556268 0.173836
vt 0.177151 0.629982
vt 0.165721 0.738325
vt 0.576363 0.293777
vt 0.109880 0.150797
vt 0.618940 0.318203
vt 0.752955 0.116138
vt 0.002899 0.087197
vt 0.673766 0.024875
vt 0.193634 0.634189
vt 0.722662 0.040553
vt 0.361937 0.136895
vt 0.923136 0.324915
vt 0.746774 0.404612
vt 0.704208 0.373782
vt 0.346961 0.300228
vt 0.774982 0.415765
vt 0.667207 0.017161
vt 0.109880 0.153832
vt 0.601307 0.310215
vt 0.164346 0.737855
vt 0.065868 0.705969
vt 0.364612 0.816029
vt 0.059627 0.711059
vt 0.257718 0.041954
vt 0.703853 0.003594
vt 0.578761 0.040240
vt 0.349249 0.793999
vt 0.663052 0.014032
vt 0.775263 0.418750
vt 0.388758 0.322929
vt 0.584290 0.037047
vt 0.697355 0.001529
vt 0.373593 0.819521
vt 0.933551 0.081075
vt 0.477478 0.047679
vt 0.513166 0.001524
vt 0.347972 0.232373
vt 0.950719 0.012493
vt 0.257131 0.018601
vt 0.062694 0.754257
vt 0.929917 0.100789
vt 0.471215 0.055939
vt 0.167817 0.736589
vt 0.728542 0.181123
vt 0.660552 0.881551
vt 0.067912 0.739519
vt 0.388533 0.838571
vt 0.057304 0.819242
vt 0.054784 0.089626
vt 0.957663 0.012489
vt 0.257718 0.014484
vt 0.044474 0.093751
vt 0.575683 0.036854
vt 0.410147 0.848833
vt 0.954311 0.005613
vt 0.048590 0.089636
vt 0.057567 0.787371
vt 0.063491 0.791038
vt 0.580994 0.034375
vt 0.401317 0.841090
vt 0.051211 0.091796
vt 0.059383 0.807653
vt 0.065444 0.801378
vt 0.433197 0.880952
vt 0.062540 0.819470
vt 0.446978 0.893029
vt 0.050972 0.095391
vt 0.045389 0.097106
vt 0.436458 0.875087
vt 0.432736 0.875769
vt 0.475839 0.878636
vt 0.643320 0.266895
vt 0.947358 0.024207
vt 0.819440 0.981257
vt 0.674681 0.001530
vt 0.416342 0.117776
vt 0.998236 0.271381
vt 0.942587 0.029387
vt 0.813958 0.983467
vt 0.608289 0.274861
vt 0.439426 0.040225
vt 0.132010 0.976879
vt 0.391582 0.109539
vt 0.709489 0.977821
vt 0.365997 0.095631
vt 0.574523 0.975919
vt 0.245974 0.977334
vt 0.700158 0.981026
vt 0.410536 0.120766
vt 0.807242 0.980161
vt 0.649884 0.001530
vt 0.468904 0.025972
vt 0.466247 0.899332
vt 0.409322 0.270844
vt 0.711634 0.136415
vt 0.993690 0.296259
vt 0.312923 0.976575
vt 0.633190 0.982975
vt 0.392519 0.976378
vt 0.553692 0.980878
vt 0.693415 0.072724
vt 0.362680 0.098655
vt 0.897072 0.350462
vt 0.654739 0.116138
vt 0.271703 0.867052
vt 0.458727 0.456421
vt 0.614556 0.274954
vt 0.432952 0.044720
vt 0.386360 0.267999
vt 0.723402 0.156794
vt 0.572067 0.975056
vt 0.367575 0.090211
vt 0.395063 0.107606
vt 0.516970 0.978075
vt 0.431117 0.403604
vt 0.864276 0.028753
vt 0.503624 0.977714
vt 0.358566 0.083385
vt 0.780418 0.986884
vt 0.165315 0.972644
vt 0.362662 0.083333
vt 0.219131 0.966796
vt 0.402607 0.106069
vt 0.355528 0.083660
vt 0.470134 0.982071
vt 0.468904 0.015772
vt 0.808354 0.016609
vt 0.416200 0.253231
vt 0.299591 0.971948
vt 0.391778 0.100178
vt 0.286516 0.967271
vt 0.469038 0.972513
vt 0.476958 0.985920
vt 0.405176 0.971010
vt 0.664889 0.004196
vt 0.129110 0.965128
vt 0.425333 0.040228
vt 0.426103 0.117092
vt 0.725433 0.147819
vt 0.151119 0.967847
vt 0.417120 0.115416
vt 0.401049 0.966931
vt 0.370785 0.087663
vt 0.174744 0.968355
vt 0.743187 0.859521
vt 0.465236 0.986836
vt 0.480585 0.968860
vt 0.358206 0.079122
vt 0.481526 0.965987
vt 0.464237 0.983340
vt 0.475937 0.964873
vt 0.362624 0.080096
vt 0.388194 0.093879
vt 0.253136 0.867052
vt 0.659067 0.070490
vt 0.088297 0.003391
vt 0.889277 0.223618
vt 0.911021 0.296970
vt 0.069931 0.001598
vt 0.876040 0.196548
vt 0.341998 0.009890
vt 0.891770 0.130153
vt 0.066460 0.006052
vt 0.730108 0.044051
vt 0.183326 0.009957
vt 0.915510 0.311665
vt 0.322508 0.009695
vt 0.870119 0.045420
vt 0.103835 0.003806
vt 0.853775 0.132328
vt 0.443166 0.176048
vt 0.908111 0.188982
vt 0.400209 0.754897
vt 0.877166 0.050268
vt 0.928775 0.286185
vt 0.379058 0.022758
vt 0.674206 0.346539
vt 0.003138 0.057969
vt 0.320079 0.689458
vt 0.346952 0.016763
vt 0.258639 0.842683
vt 0.742828 0.075479
vt 0.214756 0.001540
vt 0.672180 0.026070
vt 0.401690 0.132600
vt 0.323062 0.014265
vt 0.582043 0.293330
vt 0.142936 0.114409
vt 0.870738 0.048942
vt 0.603187 0.094779
vt 0.003352 0.998056
vt 0.676600 0.142399
vt 0.912197 0.316546
vt 0.159998 0.996592
vt 0.862584 0.168054
vt 0.215764 0.885792
vt 0.358548 0.717503
vt 0.891272 0.104425
vt 0.240136 0.995951
vt 0.834610 0.092912
vt 0.219621 0.597332
vt 0.933012 0.283346
vt 0.827225 0.061139
vt 0.116897 0.002387
vt 0.618352 0.314371
vt 0.212529 0.895021
vt 0.001527 0.040284
vt 0.599590 0.089650
vt 0.367202 0.733435
vt 0.873829 0.206738
vt 0.119571 0.994304
vt 0.914290 0.203115
vt 0.281500 0.651711
vt 0.001621 0.994456
vt 0.702136 0.038233
vt 0.185476 0.001775
vt 0.680181 0.138817
vt 0.442415 0.394633
vt 0.878048 0.027865
vt 0.412278 0.773860
vt 0.299823 0.997578
vt 0.815741 0.036428
vt 0.671724 0.005507
vt 0.230512 0.991015
vt 0.109163 0.006722
vt 0.365706 0.023697
vt 0.255255 0.635628
vt 0.087290 0.008622
vt 0.101786 0.989311
vt 0.385656 0.028706
vt 0.444953 0.029186
vt 0.938471 0.320913
vt 0.002689 0.990345
vt 0.061441 0.008616
vt 0.187517 0.006643
vt 0.676318 0.003928
vt 0.817629 0.038579
vt 0.297005 0.993411
vt 0.120062 0.004257
vt 0.808186 0.020270
vt 0.317540 0.997865
vt 0.445257 0.033854
vt 0.940680 0.316692
vt 0.192462 0.576462
vt 0.157671 0.990934
vt 0.212529 0.844192
vt 0.001532 0.060115
vt 0.297362 0.670173
vt 0.191160 0.582633
vt 0.384182 0.030717
vt 0.442853 0.028372
vt 0.815771 0.044943
vt 0.291512 0.993864
vt 0.148468 0.119932
vt 0.609592 0.099652
vt 0.399278 0.765908
vt 0.895569 0.820712
vt 0.930985 0.001970
vt 0.486081 0.351087
vt 0.670649 0.007206
vt 0.254167 0.991580
vt 0.441042 0.031414
vt 0.189443 0.580204
vt 0.199957 0.586050
vt 0.638744 0.208477
vt 0.117023 0.549836
vt 0.936753 0.495461
vt 0.628918 0.076639
vt 0.450979 0.901279
vt 0.555396 0.002670
vt 0.422930 0.265166
vt 0.440355 0.318279
vt 0.608178 0.279337
vt 0.993494 0.105784
vt 0.671323 0.230626
vt 0.938395 0.493602
vt 0.627008 0.077607
vt 0.477478 0.015936
vt 0.445906 0.908600
vt 0.825526 0.020531
vt 0.605749 0.284202
vt 0.552840 0.036308
vt 0.438888 0.323637
vt 0.424133 0.876834
vt 0.552408 0.012164
vt 0.422376 0.876371
vt 0.993625 0.114653
vt 0.114363 0.054183
vt 0.613007 0.287710
vt 0.555969 0.941005
vt 0.582684 0.184294
vt 0.627808 0.299081
vt 0.995112 0.133540
vt 0.162423 0.014101
vt 0.552839 0.042801
vt 0.542695 0.007725
vt 0.436615 0.266727
vt 0.191790 0.024602
vt 0.613166 0.073490
vt 0.134680 0.577111
vt 0.849874 0.001840
vt 0.454298 0.275016
vt 0.188051 0.014754
vt 0.548829 0.036173
vt 0.442789 0.322713
vt 0.997797 0.106695
vt 0.499633 0.391398
vt 0.125373 0.572487
vt 0.939093 0.471481
vt 0.115873 0.056414
vt 0.617941 0.286927
vt 0.994434 0.118290
vt 0.672726 0.155495
vt 0.450319 0.052045
vt 0.114363 0.065928
vt 0.994162 0.136198
vt 0.942528 0.466695
vt 0.609350 0.074673
vt 0.650144 0.305011
vt 0.992144 0.154937
vt 0.154813 0.018240
vt 0.675976 0.323538
vt 0.537825 0.001860
vt 0.833496 0.019311
vt 0.188051 0.025972
vt 0.853948 0.100895
vt 0.383190 0.850654
vt 0.711979 0.001550
vt 0.939687 0.441692
vt 0.603971 0.073681
vt 0.932604 0.423839
vt 0.156149 0.608675
vt 0.433007 0.899500
vt 0.834008 0.034101
vt 0.478694 0.236106
vt 0.602630 0.073033
vt 0.154781 0.599458
vt 0.843828 0.870823
vt 0.150986 0.017815
vt 0.997898 0.190965
vt 0.716155 0.001679
vt 0.938199 0.440531
vt 0.994159 0.183097
vt 0.675247 0.317791
vt 0.538253 0.005293
vt 0.838945 0.032828
vt 0.548154 0.021952
vt 0.367421 0.832926
vt 0.848440 0.060567
vt 0.542545 0.013397
vt 0.544738 0.024364
vt 0.849266 0.073535
vt 0.160928 0.624633
vt 0.936009 0.407196
vt 0.696122 0.331892
vt 0.995014 0.208478
vt 0.149008 0.021813
vt 0.694677 0.334986
vt 0.997487 0.209359
vt 0.175720 0.633283
vt 0.584429 0.067260
vt 0.148603 0.017430
vt 0.997925 0.205383
vt 0.340992 0.819533
vt 0.876259 0.147983
vt 0.177087 0.642864
vt 0.723628 0.021726
vt 0.941468 0.384615
vt 0.697133 0.023942
vt 0.577302 0.068541
vt 0.541112 0.022088
vt 0.870078 0.119959
vt 0.723786 0.016546
vt 0.941087 0.403547
vt 0.326607 0.800021
vt 0.542550 0.032635
vt 0.321282 0.799113
vt 0.932020 0.344370
vt 0.197510 0.674268
vt 0.924989 0.877041
vt 0.538883 0.031608
vt 0.889092 0.163466
vt 0.886694 0.164422
vt 0.563551 0.054087
vt 0.233264 0.700726
vt 0.201374 0.672035
vt 0.939467 0.368001
vt 0.689399 0.019010
vt 0.907361 0.245240
vt 0.266364 0.749537
vt 0.566225 0.061705
vt 0.203817 0.671751
vt 0.270898 0.745327
vt 0.550356 0.044532
vt 0.561405 0.060613
vt 0.936129 0.338762
vt 0.687375 0.014191
vt 0.850877 0.106121
vt 0.913056 0.233990
vt 0.922426 0.836945
vt 0.543334 0.045618
vt 0.850224 0.099513
vt 0.924989 0.801727
vt 0.925488 0.298262
vt 0.924377 0.839631
vt 0.908266 0.230126
vt 0.852638 0.108519
vt 0.922437 0.833013
vt 0.523576 0.328239
vt 0.635698 0.946113
vt 0.521436 0.149352
vt 0.615341 0.001851
vt 0.461338 0.130157
vt 0.845650 0.916580
vt 0.918995 0.918995
vt 0.560234 0.378338
vt 0.903366 0.857722
vt 0.529524 0.451917
vt 0.509556 0.213035
vt 0.749167 0.944426
vt 0.468116 0.073863
vt 0.918995 0.879260
vt 0.533119 0.041438
vt 0.881070 0.889110
vt 0.558656 0.218585
vt 0.679364 0.024801
vt 0.217802 0.661966
vt 0.278404 0.232929
s 1
usemtl Jellyfish_Tris_Material
f 88/187/1 44/84/2 83/174/3
f 186/438/4 487/1136/5 625/1473/6
f 611/1424/7 602/1407/8 572/1326/9
f 602/1407/8 611/1424/7 613/1429/10
f 946/2239/11 1032/2440/12 1086/2551/13
f 998/2360/14 1007/2382/15 1013/2396/16
f 998/2359/14 981/2309/17 1000/2363/18
f 1000/2363/18 1007/2383/15 998/2359/14
f 1014/2397/19 1006/2381/20 1013/2396/16
f 91/195/21 117/256/22 102/221/23
f 127/277/24 119/261/25 102/220/23
f 91/195/21 102/221/23 89/190/26
f 3/6/27 8/13/28 13/22/29
f 580/1348/30 501/1160/31 503/1165/32
f 492/1146/33 564/1306/34 503/1164/32
f 163/374/35 444/1034/36 479/1112/37
f 534/1234/38 557/1287/39 562/1302/40
f 532/1231/41 557/1287/39 534/1234/38
f 502/1162/42 585/1360/43 532/1232/41
f 479/1110/37 589/1370/44 551/1273/45
f 1/1/46 2/4/47 3/5/27
f 4/7/48 3/6/27 13/22/29
f 651/1543/49 650/1541/50 712/1688/51
f 586/1361/52 483/1124/53 479/1111/37
f 589/1371/44 479/1112/37 483/1128/53
f 587/1366/54 549/1266/55 586/1365/52
f 743/1755/56 759/1793/57 717/1699/58
f 1082/2542/59 1087/2552/60 1089/2558/61
f 1/2/46 3/6/27 4/7/48
f 875/2055/62 894/2109/63 896/2112/64
f 823/1936/65 808/1904/66 812/1910/67
f 759/1793/57 699/1656/68 717/1699/58
f 767/1808/69 699/1656/68 759/1793/57
f 829/1946/70 823/1936/65 812/1910/67
f 807/1902/71 869/2043/72 806/1901/73
f 845/1983/74 806/1901/73 869/2043/72
f 823/1936/65 829/1946/70 845/1983/74
f 869/2044/72 879/2068/75 896/2112/64
f 845/1983/74 841/1973/76 823/1936/65
f 841/1973/76 845/1983/74 869/2043/72
f 697/1650/77 684/1620/78 687/1625/79
f 745/1761/80 697/1650/77 687/1625/79
f 14/23/81 4/7/48 13/22/29
f 619/1452/82 807/1902/71 806/1901/73
f 354/825/83 350/818/84 364/840/85
f 660/1568/86 682/1616/87 658/1564/88
f 658/1564/88 682/1616/87 724/1719/89
f 423/983/90 429/999/91 379/876/92
f 379/877/92 422/980/93 397/918/94
f 379/876/92 429/999/91 422/982/93
f 675/1599/95 692/1635/96 665/1577/97
f 449/1045/98 415/962/99 437/1014/100
f 648/1538/101 660/1567/86 623/1471/102
f 724/1718/89 727/1726/103 739/1748/104
f 426/989/105 423/983/90 379/876/92
f 730/1732/106 761/1797/107 733/1737/108
f 653/1551/109 624/1472/110 483/1126/53
f 652/1549/111 762/1802/112 653/1552/109
f 624/1472/110 629/1485/113 623/1471/102
f 725/1721/114 762/1798/112 756/1786/115
f 942/2227/116 911/2148/117 640/1518/118
f 447/1041/119 640/1518/118 911/2148/117
f 1051/2478/120 1028/2429/121 1053/2483/122
f 1053/2483/122 1028/2429/121 1023/2418/123
f 160/362/124 159/360/125 157/357/126
f 136/302/127 151/343/128 147/331/129
f 69/138/130 66/129/131 75/155/132
f 147/332/129 140/315/133 143/320/134
f 140/315/133 147/332/129 148/334/135
f 76/156/136 65/127/137 58/111/138
f 950/2247/139 956/2258/140 952/2250/141
f 956/2257/140 968/2281/142 952/2251/141
f 952/2251/141 968/2281/142 954/2254/143
f 969/2285/144 954/2254/143 968/2281/142
f 24/46/145 22/42/146 18/32/147
f 24/45/145 27/51/148 34/65/149
f 34/65/149 27/51/148 42/81/150
f 57/110/151 69/138/130 58/112/138
f 58/112/138 69/138/130 76/157/136
f 1077/2529/152 1073/2520/153 1068/2511/154
f 960/2266/155 950/2247/139 944/2233/156
f 960/2265/155 944/2232/156 961/2267/157
f 643/1527/158 664/1575/159 657/1563/160
f 664/1575/159 668/1582/161 657/1563/160
f 729/1731/162 707/1678/163 657/1562/160
f 838/1967/164 816/1919/165 870/2045/166
f 1087/2552/60 1045/2468/167 978/2304/168
f 262/611/169 221/518/170 281/658/171
f 221/519/170 195/458/172 281/659/171
f 359/834/173 362/838/174 365/843/175
f 236/547/176 281/660/171 195/461/172
f 189/445/177 174/408/178 195/459/172
f 172/406/179 174/409/178 189/446/177
f 442/1026/180 433/1008/181 435/1012/182
f 797/1875/183 844/1980/184 852/1998/185
f 820/1929/186 844/1980/184 797/1875/183
f 849/1990/187 844/1981/184 820/1930/186
f 674/1597/188 661/1570/189 662/1571/190
f 369/854/191 406/940/192 392/908/193
f 1/1/46 5/8/194 2/4/47
f 285/669/195 308/729/196 312/737/197
f 828/1944/198 824/1937/199 850/1996/200
f 641/1520/201 644/1528/202 626/1474/203
f 641/1520/201 626/1474/203 628/1480/204
f 641/1519/205 628/1481/206 636/1500/207
f 641/1520/208 666/1578/209 644/1528/210
f 641/1522/205 636/1501/207 644/1529/202
f 645/1530/211 666/1579/212 688/1628/213
f 645/1530/211 688/1628/213 677/1603/214
f 680/1612/215 645/1530/211 677/1603/214
f 781/1845/216 726/1725/217 732/1736/218
f 781/1845/216 794/1869/219 799/1884/220
f 817/1922/221 789/1862/222 800/1886/223
f 553/1277/224 583/1354/225 600/1403/226
f 313/739/227 326/768/228 306/726/229
f 326/767/228 304/719/230 306/725/229
f 337/792/231 304/719/230 326/767/228
f 12/20/232 5/8/194 1/1/46
f 929/2193/233 924/2180/234 919/2166/235
f 570/1320/236 550/1268/237 601/1404/238
f 996/2354/239 988/2332/240 1008/2386/241
f 463/1079/242 465/1087/243 466/1089/244
f 908/2144/245 618/1449/246 945/2235/247
f 596/1392/248 505/1167/249 464/1081/250
f 588/1367/251 507/1173/252 606/1414/253
f 510/1181/254 507/1174/252 588/1369/251
f 78/160/255 15/24/256 5/8/194
f 180/425/257 1086/2551/13 475/1102/258
f 754/1782/259 186/438/4 625/1473/6
f 946/2239/11 754/1782/259 625/1473/6
f 528/1223/260 500/1159/261 491/1144/262
f 528/1222/260 491/1145/262 584/1357/263
f 17/29/264 7/12/265 37/71/266
f 489/1142/267 528/1222/260 544/1254/268
f 528/1223/260 489/1140/267 499/1158/269
f 79/163/270 116/255/271 163/374/35
f 105/227/272 110/237/273 120/262/274
f 127/276/24 120/262/274 110/237/273
f 981/2308/17 989/2335/275 1004/2376/276
f 976/2300/277 974/2294/278 984/2319/279
f 984/2319/279 974/2294/278 982/2313/280
f 984/2320/279 982/2310/280 991/2338/281
f 121/265/282 128/279/283 122/266/284
f 987/2331/285 979/2305/286 974/2295/278
f 7/12/265 17/29/264 2/3/47
f 532/1230/41 590/1374/287 557/1288/39
f 851/1997/288 343/804/289 467/1090/290
f 524/1212/291 502/1163/42 522/1209/292
f 1047/2471/293 1085/2547/294 1088/2553/295
f 163/375/35 479/1113/37 534/1234/38
f 551/1272/45 536/1238/296 534/1234/38
f 619/1456/82 951/2248/297 892/2104/298
f 265/620/299 184/435/300 255/590/301
f 529/1224/302 541/1249/303 555/1283/304
f 555/1280/304 541/1248/303 538/1240/305
f 541/1249/303 552/1275/306 538/1241/305
f 203/473/307 264/617/308 255/590/301
f 264/617/308 203/473/307 226/529/309
f 567/1314/310 541/1249/303 529/1224/302
f 582/1352/311 561/1297/312 538/1241/305
f 582/1352/311 538/1241/305 552/1275/306
f 203/474/307 227/532/313 226/530/309
f 591/1379/314 552/1274/306 567/1313/310
f 701/1662/315 720/1707/316 717/1700/58
f 669/1584/317 656/1561/318 638/1508/319
f 738/1747/320 736/1743/321 669/1585/317
f 656/1561/318 669/1584/317 685/1621/322
f 685/1622/322 669/1585/317 736/1743/321
f 776/1834/323 753/1780/324 767/1810/69
f 676/1602/325 665/1576/97 692/1633/96
f 730/1732/106 676/1601/325 761/1797/107
f 692/1634/96 761/1797/107 676/1601/325
f 698/1655/326 761/1797/107 692/1634/96
f 370/857/327 415/961/99 388/898/328
f 429/998/329 422/981/330 420/975/331
f 388/898/328 415/961/99 438/1015/332
f 415/961/99 449/1044/98 438/1015/332
f 252/584/333 242/562/334 233/542/335
f 266/621/336 233/543/335 214/498/337
f 252/584/333 282/662/338 242/562/334
f 252/584/333 233/542/335 266/623/336
f 348/815/339 368/852/340 357/830/341
f 368/853/340 348/814/339 366/846/342
f 708/1680/343 723/1717/344 750/1773/345
f 711/1687/346 723/1715/344 708/1681/343
f 197/464/347 233/543/335 202/471/348
f 197/464/347 214/498/337 233/543/335
f 694/1640/349 675/1599/95 708/1681/343
f 177/416/350 182/429/351 72/141/352
f 209/488/353 282/662/338 252/584/333
f 197/465/347 209/487/353 216/503/354
f 216/503/354 214/499/337 197/465/347
f 386/895/355 352/821/356 360/835/357
f 700/1660/358 675/1599/95 667/1581/359
f 673/1595/360 733/1737/108 700/1659/358
f 408/943/361 452/1053/362 437/1014/100
f 730/1732/106 733/1737/108 673/1595/360
f 673/1596/360 700/1660/358 667/1581/359
f 393/911/363 418/970/364 394/912/365
f 725/1720/114 686/1623/366 762/1799/112
f 653/1551/109 629/1485/113 624/1472/110
f 629/1486/113 653/1552/109 686/1624/366
f 334/783/367 444/1034/36 165/387/368
f 137/304/369 146/326/370 149/337/371
f 21/40/372 25/48/373 38/73/374
f 25/48/373 21/40/372 19/33/375
f 21/41/372 18/32/147 19/34/375
f 30/58/376 35/66/377 25/48/373
f 949/2246/378 948/2245/379 955/2256/380
f 938/2216/381 939/2218/382 949/2246/378
f 955/2256/380 948/2245/379 959/2263/383
f 334/783/367 447/1041/119 444/1034/36
f 640/1511/118 937/2211/384 936/2206/385
f 937/2212/384 941/2223/386 936/2207/385
f 936/2208/385 962/2268/387 942/2224/116
f 45/85/388 51/95/389 26/49/390
f 45/85/388 58/111/138 51/95/389
f 143/320/134 140/315/133 141/317/391
f 1061/2497/392 1052/2481/393 1041/2460/394
f 938/2217/381 940/2221/395 939/2219/382
f 162/368/396 137/305/369 55/105/397
f 137/308/369 162/370/396 154/352/398
f 1080/2539/399 1079/2537/400 1074/2522/401
f 1072/2519/402 1074/2523/401 1068/2512/154
f 1079/2537/400 1068/2511/154 1074/2522/401
f 48/91/403 45/86/388 42/81/150
f 1043/2465/404 1062/2499/405 1056/2486/406
f 859/2015/407 913/2153/408 905/2135/409
f 387/896/410 385/893/411 416/964/412
f 385/893/411 443/1027/413 416/964/412
f 385/892/411 446/1038/414 443/1028/413
f 385/893/411 432/1005/415 446/1039/414
f 210/490/416 192/453/417 240/557/418
f 260/605/419 240/557/418 192/453/417
f 287/673/420 291/685/421 240/555/418
f 287/675/420 240/556/418 260/604/419
f 893/2105/422 922/2176/423 905/2135/409
f 837/1965/424 838/1967/164 880/2072/425
f 837/1965/424 880/2072/425 798/1878/426
f 721/1708/427 729/1731/162 668/1583/161
f 262/613/169 253/586/428 228/533/429
f 262/612/169 307/727/430 253/588/428
f 373/862/431 359/834/173 365/843/175
f 837/1966/424 826/1941/432 838/1968/164
f 913/2152/408 906/2138/433 891/2100/434
f 748/1766/435 744/1759/436 769/1815/437
f 840/1972/438 837/1966/424 854/2005/439
f 893/2107/422 913/2152/408 883/2080/440
f 236/547/176 195/461/172 208/486/441
f 365/843/175 362/838/174 356/827/442
f 421/979/443 442/1026/180 419/974/444
f 793/1866/445 791/1864/446 783/1849/447
f 436/1013/448 410/948/449 390/902/450
f 410/947/449 359/834/173 373/862/431
f 435/1012/182 410/948/449 436/1013/448
f 811/1909/451 791/1864/446 793/1866/445
f 345/810/452 441/1023/453 396/917/454
f 854/2005/439 883/2079/440 895/2110/455
f 840/1971/438 854/2004/439 895/2111/455
f 174/409/178 172/406/179 171/404/456
f 174/410/178 171/405/456 283/664/457
f 333/782/458 283/663/457 274/637/459
f 877/2064/460 895/2111/455 891/2100/434
f 877/2063/460 821/1932/461 836/1964/462
f 821/1932/461 877/2063/460 847/1986/463
f 891/2100/434 847/1987/463 877/2064/460
f 369/855/191 358/833/464 344/806/465
f 369/855/191 392/907/193 358/833/464
f 172/406/179 170/403/466 171/404/456
f 384/891/467 355/826/468 362/838/174
f 384/891/467 362/838/174 395/913/469
f 1083/2543/470 1026/2423/471 813/1912/472
f 343/804/289 923/2178/473 813/1912/472
f 330/777/474 258/599/475 185/436/476
f 537/1239/477 546/1259/478 530/1227/479
f 315/741/480 193/454/481 320/748/482
f 269/627/483 320/748/482 193/454/481
f 1090/2559/484 907/2141/485 850/1994/200
f 206/480/486 207/482/487 200/468/488
f 276/645/489 207/483/487 206/479/486
f 206/479/486 259/601/490 276/645/489
f 332/781/491 320/749/482 294/695/492
f 254/589/493 257/596/494 225/527/495
f 318/746/496 294/695/492 320/749/482
f 205/477/497 256/592/498 234/545/499
f 341/800/500 318/746/496 314/740/501
f 639/1509/502 672/1592/503 671/1588/504
f 672/1593/503 680/1612/215 671/1589/504
f 12/21/232 14/23/81 70/139/505
f 842/1975/506 828/1945/198 794/1868/219
f 856/2009/507 828/1945/198 842/1975/506
f 856/2009/507 824/1938/199 828/1945/198
f 856/2009/507 822/1935/508 824/1938/199
f 848/1989/509 822/1934/508 860/2016/510
f 983/2318/511 978/2304/168 732/1736/218
f 460/1068/512 617/1440/513 595/1387/514
f 559/1294/515 519/1203/516 545/1255/517
f 545/1257/517 496/1152/518 575/1333/519
f 523/1210/520 570/1322/236 496/1152/518
f 542/1251/521 579/1346/522 581/1351/523
f 113/244/524 29/54/525 82/171/526
f 113/245/524 161/363/527 29/55/525
f 29/57/525 161/367/527 167/395/528
f 972/2291/529 973/2293/530 971/2290/531
f 1001/2366/532 1005/2378/533 992/2344/534
f 92/196/535 68/133/536 113/247/524
f 113/246/524 68/135/536 161/365/527
f 113/247/524 123/268/537 92/196/535
f 994/2347/538 1001/2366/532 992/2344/534
f 985/2326/539 973/2293/530 972/2291/529
f 115/251/540 84/177/541 94/201/542
f 596/1391/248 908/2144/245 460/1071/512
f 1003/2373/543 996/2355/239 1008/2385/241
f 161/364/527 68/134/536 40/76/544
f 167/392/528 241/560/545 278/651/546
f 278/649/546 321/750/547 167/393/528
f 278/650/546 328/771/548 321/751/547
f 40/78/544 100/216/549 161/365/527
f 493/1147/550 516/1197/551 470/1095/552
f 302/713/553 324/759/554 335/785/555
f 324/760/554 302/710/553 331/778/556
f 311/736/557 302/712/553 309/731/558
f 311/735/557 331/779/556 302/711/553
f 515/1194/559 481/1119/560 527/1220/561
f 451/1051/562 78/161/255 135/301/563
f 618/1449/246 187/442/564 785/1852/565
f 15/25/256 166/388/566 187/442/564
f 88/187/1 169/402/567 44/84/2
f 17/29/264 37/71/266 83/175/3
f 467/1090/290 199/467/568 169/402/567
f 611/1425/7 572/1327/9 486/1133/569
f 609/1420/570 607/1417/571 613/1429/10
f 163/373/35 498/1156/572 513/1190/573
f 513/1190/573 498/1156/572 489/1140/267
f 498/1156/572 511/1184/574 489/1140/267
f 1000/2364/18 1013/2395/16 1007/2384/15
f 1004/2375/276 1013/2395/16 1000/2364/18
f 120/263/274 107/232/575 105/226/272
f 993/2345/576 989/2335/275 979/2305/286
f 980/2307/577 974/2295/278 976/2301/277
f 1006/2379/20 987/2329/285 991/2339/281
f 951/2249/297 995/2352/578 980/2307/577
f 966/2278/579 851/1997/288 1047/2471/293
f 612/1427/580 565/1309/581 580/1347/30
f 1032/2440/12 1011/2392/582 1082/2542/59
f 7/12/265 81/170/583 16/27/584
f 555/1284/304 567/1313/310 587/1366/54
f 591/1379/314 567/1313/310 555/1284/304
f 538/1242/305 591/1377/314 555/1281/304
f 638/1507/319 646/1532/585 650/1540/50
f 670/1586/586 749/1771/587 712/1688/51
f 591/1378/314 538/1243/305 561/1298/312
f 646/1533/585 670/1586/586 650/1541/50
f 738/1747/320 712/1690/51 749/1770/587
f 830/1951/588 858/2012/589 875/2057/62
f 819/1926/590 830/1949/588 875/2054/62
f 864/2027/591 875/2055/62 882/2078/592
f 116/253/271 168/396/593 179/419/594
f 303/714/595 188/444/596 179/422/594
f 894/2109/63 869/2044/72 896/2112/64
f 741/1751/597 736/1743/321 749/1770/587
f 656/1561/318 685/1621/322 646/1534/585
f 646/1534/585 685/1621/322 687/1625/79
f 558/1292/598 518/1202/599 444/1031/36
f 819/1927/590 827/1942/600 830/1950/588
f 1027/2425/601 1022/2414/602 1025/2422/603
f 1027/2425/601 1025/2422/603 1039/2455/604
f 431/1004/605 168/398/593 351/820/606
f 415/961/99 368/853/340 417/968/607
f 6/10/608 10/18/609 11/19/610
f 364/842/85 391/904/611 401/930/612
f 401/930/612 391/904/611 397/919/94
f 423/983/90 426/989/105 401/929/612
f 295/696/613 242/562/334 282/662/338
f 388/899/328 360/835/357 370/856/327
f 405/938/614 430/1001/615 371/858/616
f 405/938/614 438/1015/332 430/1001/615
f 413/957/617 437/1014/100 417/967/607
f 14/23/81 71/140/618 343/804/289
f 374/864/619 426/989/105 379/876/92
f 730/1732/106 673/1595/360 681/1615/620
f 452/1053/362 386/894/355 418/971/364
f 66/128/131 73/150/621 77/158/622
f 104/224/623 77/158/622 73/150/621
f 93/198/624 104/224/623 73/150/621
f 104/224/625 93/198/626 98/212/627
f 93/198/624 111/238/628 104/224/623
f 93/199/624 73/148/621 111/239/628
f 97/211/629 77/159/622 111/240/628
f 111/240/628 77/159/622 104/225/623
f 97/209/629 111/241/628 73/149/621
f 941/2222/386 949/2246/378 955/2256/380
f 955/2255/380 965/2277/630 963/2273/631
f 25/47/373 46/88/632 38/72/374
f 46/88/632 25/47/373 33/63/633
f 35/67/377 33/63/633 25/47/373
f 133/296/634 142/319/635 145/323/636
f 1042/2461/637 1065/2506/638 1063/2500/639
f 1046/2469/640 1042/2463/637 1063/2503/639
f 28/53/641 41/79/642 47/89/643
f 1067/2510/644 1052/2481/393 1061/2497/392
f 143/320/134 150/340/645 147/332/129
f 158/359/646 160/362/124 156/356/647
f 59/114/648 63/123/649 64/125/650
f 63/123/649 20/35/651 55/106/397
f 953/2253/652 937/2215/384 962/2269/387
f 957/2259/653 1021/2411/654 942/2225/116
f 958/2262/655 961/2267/157 944/2232/156
f 1033/2441/656 1016/2399/657 1029/2433/658
f 1033/2441/656 1029/2433/658 1043/2465/404
f 1037/2450/659 1020/2409/660 1033/2442/656
f 1016/2400/657 1033/2442/656 1020/2409/660
f 905/2135/409 922/2176/423 833/1960/661
f 620/1457/662 695/1643/663 640/1512/118
f 616/1434/664 620/1458/662 640/1513/118
f 654/1553/665 695/1644/663 620/1459/662
f 293/694/666 289/680/667 291/686/421
f 377/871/668 376/867/669 383/888/670
f 293/692/666 291/687/421 287/674/420
f 407/942/671 383/888/670 376/867/669
f 783/1848/447 729/1731/162 721/1708/427
f 746/1763/672 729/1730/162 765/1806/673
f 783/1849/447 765/1806/673 729/1730/162
f 270/629/674 228/534/429 244/566/675
f 270/630/674 244/565/675 307/728/430
f 690/1630/676 668/1582/161 664/1575/159
f 816/1919/165 803/1890/677 861/2019/678
f 902/2127/679 910/2147/680 903/2128/681
f 679/1607/682 674/1597/188 662/1571/190
f 714/1694/683 674/1598/188 679/1609/682
f 403/936/684 402/932/685 406/940/192
f 802/1889/686 797/1876/183 795/1871/687
f 872/2048/688 852/2001/185 844/1982/184
f 424/985/689 395/913/469 410/947/449
f 787/1857/690 783/1849/447 791/1864/446
f 863/2024/691 810/1907/692 866/2034/693
f 866/2033/693 912/2150/694 863/2023/691
f 427/990/695 345/809/452 340/798/696
f 461/1077/697 453/1054/698 427/992/695
f 1083/2543/470 813/1912/472 923/2178/473
f 185/436/476 213/497/699 330/777/474
f 171/404/456 258/600/475 274/638/459
f 258/600/475 171/404/456 170/403/466
f 10/18/609 29/57/525 43/83/700
f 381/883/701 340/799/696 222/522/702
f 258/600/475 170/403/466 185/437/476
f 327/770/703 330/777/474 333/782/458
f 258/598/475 330/776/474 327/769/703
f 814/1914/704 800/1885/223 815/1917/705
f 332/781/491 315/742/480 320/749/482
f 269/628/483 198/466/706 254/589/493
f 828/1945/198 850/1993/200 799/1882/220
f 217/507/707 246/568/708 317/745/709
f 135/301/563 70/139/505 343/804/289
f 246/568/708 296/698/710 317/745/709
f 217/506/707 200/468/488 246/569/708
f 461/1076/697 617/1442/513 537/1239/477
f 267/624/711 205/478/497 212/495/712
f 341/801/500 212/495/712 257/596/494
f 341/801/500 267/624/711 212/495/712
f 1087/2552/60 1035/2447/713 1089/2558/61
f 876/2058/714 897/2117/715 884/2082/716
f 461/1077/697 367/851/717 617/1447/513
f 930/2194/718 932/2200/719 933/2201/720
f 930/2194/718 933/2201/720 927/2189/721
f 1026/2423/471 935/2204/722 813/1912/472
f 523/1210/520 550/1269/237 570/1322/236
f 570/1321/236 608/1418/723 575/1334/519
f 601/1406/238 608/1418/723 570/1321/236
f 595/1388/514 556/1285/724 548/1264/725
f 568/1315/726 517/1199/727 514/1192/728
f 5/9/194 100/217/549 9/16/729
f 90/192/730 99/214/731 118/259/732
f 80/165/733 99/214/731 90/192/730
f 86/181/734 80/166/733 84/177/541
f 1015/2398/735 1026/2424/471 1035/2446/713
f 526/1217/736 505/1167/249 596/1392/248
f 610/1423/737 505/1167/249 526/1217/736
f 578/1342/738 610/1423/737 526/1217/736
f 324/762/554 309/731/558 277/648/739
f 277/647/739 335/784/555 324/761/554
f 603/1409/740 614/1432/741 610/1423/737
f 631/1490/742 1035/2446/713 166/390/566
f 88/187/1 180/424/257 475/1103/258
f 1010/2390/743 621/1463/744 475/1103/258
f 1086/2550/13 1047/2471/293 1010/2390/743
f 609/1420/570 613/1429/10 611/1424/7
f 609/1419/570 521/1206/745 509/1178/746
f 71/140/618 44/84/2 199/467/568
f 577/1341/747 511/1183/574 574/1332/748
f 892/2104/298 995/2351/578 1011/2392/582
f 987/2331/285 993/2345/576 979/2305/286
f 1006/2381/20 993/2346/576 987/2330/285
f 590/1374/287 594/1385/749 562/1300/40
f 597/1394/750 569/1319/751 585/1358/43
f 1088/2553/295 966/2278/579 1047/2471/293
f 966/2278/579 343/804/289 851/1997/288
f 619/1450/82 818/1923/752 868/2039/753
f 868/2040/753 896/2113/64 619/1451/82
f 818/1924/752 831/1952/754 868/2042/753
f 865/2028/755 896/2114/64 868/2041/753
f 831/1952/754 865/2029/755 868/2042/753
f 684/1620/78 702/1665/756 693/1639/757
f 702/1663/756 713/1691/758 693/1636/757
f 767/1809/69 693/1638/757 713/1692/758
f 227/532/313 237/549/759 226/530/309
f 300/706/760 319/747/761 255/591/301
f 875/2057/62 858/2012/589 882/2077/592
f 827/1942/600 882/2076/592 830/1950/588
f 268/626/762 237/549/759 227/532/313
f 300/706/760 268/625/762 319/747/761
f 303/718/595 224/525/763 188/443/596
f 745/1762/80 741/1751/597 770/1819/764
f 776/1834/323 752/1777/765 753/1780/324
f 753/1779/324 720/1707/316 701/1662/315
f 483/1127/53 659/1565/766 649/1539/767
f 756/1786/115 774/1828/768 659/1565/766
f 702/1665/756 697/1650/77 753/1778/324
f 444/1034/36 483/1128/53 558/1290/598
f 772/1823/769 723/1714/344 734/1738/770
f 772/1823/769 734/1738/770 735/1740/771
f 242/561/334 202/471/348 233/543/335
f 723/1715/344 711/1687/346 734/1739/770
f 768/1814/772 723/1716/344 772/1824/769
f 72/147/352 182/428/351 168/397/593
f 182/428/351 235/546/773 168/397/593
f 329/774/774 168/397/593 235/546/773
f 682/1616/87 727/1727/103 724/1719/89
f 725/1721/114 756/1786/115 630/1488/775
f 724/1718/89 725/1722/114 630/1487/775
f 725/1722/114 724/1718/89 739/1748/104
f 404/937/776 401/929/612 426/989/105
f 391/905/611 379/877/92 397/918/94
f 763/1803/777 733/1737/108 761/1797/107
f 731/1734/778 733/1737/108 763/1803/777
f 750/1774/345 731/1734/778 763/1803/777
f 360/835/357 388/899/328 394/912/365
f 251/581/779 181/426/780 165/383/368
f 911/2148/117 942/2227/116 1030/2435/781
f 447/1041/119 483/1128/53 444/1034/36
f 447/1041/119 652/1550/111 483/1128/53
f 447/1041/119 911/2148/117 652/1550/111
f 1030/2435/781 1045/2468/167 1011/2392/582
f 140/314/133 148/335/135 146/330/370
f 155/354/782 146/330/370 148/335/135
f 155/353/782 159/360/125 158/359/646
f 1079/2535/400 1081/2540/783 1078/2531/784
f 1078/2532/784 1077/2529/152 1079/2537/400
f 1071/2517/785 1075/2524/786 1078/2534/784
f 1077/2528/152 1078/2534/784 1075/2524/786
f 152/344/787 155/353/782 158/359/646
f 1030/2434/781 1040/2457/788 957/2260/653
f 1040/2456/788 1028/2429/121 1051/2478/120
f 1023/2417/123 1017/2402/789 1024/2419/790
f 145/323/636 153/350/791 144/322/792
f 153/350/791 145/323/636 142/319/635
f 1073/2520/153 1063/2501/639 1065/2507/638
f 48/91/403 39/74/793 49/92/794
f 48/91/403 49/92/794 57/110/151
f 63/124/649 54/104/795 20/36/651
f 63/123/649 55/106/397 74/154/796
f 74/154/796 64/125/650 63/123/649
f 937/2212/384 940/2221/395 941/2223/386
f 962/2269/387 963/2273/631 953/2253/652
f 965/2277/630 953/2253/652 963/2273/631
f 1021/2412/654 1017/2402/789 942/2226/116
f 1021/2413/654 957/2260/653 1040/2457/788
f 1021/2412/654 1024/2419/790 1017/2402/789
f 1074/2523/401 1076/2526/797 1067/2510/644
f 1076/2526/797 1074/2523/401 1071/2518/785
f 1079/2536/400 1080/2538/399 1081/2541/783
f 640/1514/118 947/2240/798 937/2213/384
f 957/2261/653 947/2242/798 640/1518/118
f 962/2270/387 937/2214/384 947/2241/798
f 24/46/145 34/64/149 32/62/799
f 1070/2516/800 1080/2539/399 1061/2498/392
f 1067/2510/644 1061/2497/392 1074/2523/401
f 1080/2539/399 1074/2522/401 1061/2498/392
f 43/83/700 55/107/397 20/39/651
f 5/9/194 6/10/608 2/3/47
f 798/1878/426 880/2072/425 859/2013/407
f 457/1061/801 443/1029/413 436/1013/448
f 407/942/671 416/963/412 383/888/670
f 307/728/430 297/700/802 286/672/803
f 751/1775/804 674/1598/188 714/1694/683
f 627/1479/805 662/1571/190 643/1527/158
f 643/1527/158 662/1571/190 661/1570/189
f 5/9/194 9/16/729 6/10/608
f 409/946/806 349/817/807 411/949/808
f 349/817/807 358/831/464 411/949/808
f 281/661/171 231/538/809 270/630/674
f 877/2063/460 836/1964/462 840/1972/438
f 810/1907/692 863/2024/691 803/1891/677
f 363/839/810 353/823/811 347/813/812
f 805/1895/813 786/1854/814 778/1838/815
f 778/1839/815 744/1759/436 683/1617/816
f 890/2097/817 893/2106/422 805/1896/813
f 787/1857/690 791/1864/446 771/1821/818
f 902/2127/679 863/2025/691 917/2162/819
f 917/2162/819 863/2025/691 912/2149/694
f 886/2088/820 890/2097/817 799/1884/220
f 600/1400/226 616/1436/664 530/1226/479
f 616/1438/664 632/1491/821 642/1523/822
f 663/1573/823 642/1524/822 632/1492/821
f 546/1258/478 600/1401/226 530/1225/479
f 272/633/824 193/454/481 315/741/480
f 272/632/824 315/742/480 288/677/825
f 886/2088/820 904/2130/826 920/2170/827
f 904/2134/826 886/2087/820 907/2142/485
f 794/1868/219 828/1945/198 799/1882/220
f 834/1962/828 804/1893/829 853/2003/830
f 1090/2560/484 888/2093/831 907/2142/485
f 341/800/500 257/597/494 318/746/496
f 857/2011/832 867/2038/833 817/1921/221
f 494/1149/834 514/1192/728 523/1211/520
f 164/379/835 167/395/528 367/851/717
f 535/1236/836 556/1285/724 593/1384/837
f 68/137/536 82/173/526 29/56/525
f 973/2293/530 985/2326/539 986/2328/838
f 985/2324/539 994/2347/538 992/2344/534
f 992/2344/534 986/2327/838 985/2324/539
f 994/2348/538 945/2234/247 983/2317/511
f 460/1072/512 505/1168/249 506/1169/839
f 324/762/554 311/736/557 309/731/558
f 508/1176/840 599/1397/841 576/1335/842
f 599/1398/841 484/1129/843 512/1186/844
f 512/1188/844 606/1416/253 599/1399/841
f 531/1228/845 615/1433/846 495/1150/847
f 495/1150/847 615/1433/846 507/1174/252
f 183/430/848 161/366/527 187/439/564
f 491/1144/262 485/1131/849 486/1132/569
f 485/1131/849 521/1207/745 486/1132/569
f 509/1179/746 521/1207/745 485/1131/849
f 592/1380/850 619/1456/82 487/1136/5
f 511/1184/574 577/1340/747 499/1158/269
f 487/1136/5 173/407/851 163/374/35
f 981/2308/17 1004/2376/276 1000/2365/18
f 7/12/265 16/27/584 37/71/266
f 120/262/274 127/276/24 128/278/283
f 85/178/852 91/195/21 89/190/26
f 119/261/25 127/277/24 108/233/853
f 533/1233/854 597/1393/750 585/1360/43
f 597/1394/750 580/1347/30 565/1309/581
f 551/1272/45 534/1234/38 479/1113/37
f 670/1586/586 678/1605/855 709/1683/856
f 678/1605/855 689/1629/857 709/1683/856
f 178/418/858 203/474/307 184/432/300
f 255/590/301 184/435/300 203/473/307
f 255/590/301 316/743/859 265/620/299
f 777/1835/860 709/1683/856 689/1629/857
f 444/1031/36 518/1202/599 479/1114/37
f 518/1202/599 549/1267/55 529/1224/302
f 549/1267/55 567/1314/310 529/1224/302
f 716/1698/861 718/1701/862 696/1649/863
f 11/19/610 116/255/271 81/170/583
f 770/1819/764 741/1751/597 749/1770/587
f 875/2055/62 864/2027/591 894/2109/63
f 752/1777/765 776/1834/323 766/1807/864
f 869/2044/72 894/2109/63 846/1984/865
f 894/2109/63 864/2027/591 846/1984/865
f 825/1939/866 808/1904/66 823/1936/65
f 752/1776/765 720/1707/316 753/1779/324
f 808/1904/66 825/1939/866 819/1927/590
f 827/1942/600 819/1927/590 825/1939/866
f 882/2078/592 843/1979/867 864/2027/591
f 1027/2426/601 1036/2449/868 1031/2439/869
f 72/147/352 116/255/271 11/19/610
f 775/1832/870 747/1765/871 742/1752/872
f 388/898/328 438/1015/332 405/938/614
f 711/1687/346 740/1750/873 734/1739/770
f 775/1833/870 760/1796/874 768/1814/772
f 740/1750/873 735/1742/771 734/1739/770
f 214/500/337 216/504/354 266/622/336
f 216/505/354 252/584/333 266/623/336
f 360/835/357 357/830/341 370/856/327
f 360/835/357 352/821/356 357/830/341
f 731/1733/778 740/1750/873 711/1687/346
f 740/1749/873 731/1734/778 768/1813/772
f 740/1750/873 768/1811/772 760/1795/874
f 329/774/774 342/803/875 168/397/593
f 168/397/593 342/803/875 351/819/606
f 177/417/350 176/415/876 175/414/877
f 394/912/365 371/859/616 393/911/363
f 292/691/878 248/573/879 301/709/880
f 483/1127/53 635/1497/881 630/1488/775
f 375/866/882 361/836/883 348/815/339
f 624/1472/110 635/1498/881 483/1126/53
f 635/1498/881 624/1472/110 623/1471/102
f 700/1659/358 733/1737/108 731/1734/778
f 360/835/357 418/970/364 386/895/355
f 452/1053/362 408/943/361 386/894/355
f 25/48/373 19/33/375 30/58/376
f 41/80/642 21/40/372 38/73/374
f 1017/2403/789 1023/2418/123 1028/2429/121
f 57/110/151 62/121/884 69/138/130
f 66/129/131 69/138/130 62/121/884
f 1075/2524/786 1063/2503/639 1077/2528/152
f 41/79/642 28/53/641 21/41/372
f 20/37/651 54/102/795 61/117/885
f 52/98/886 61/120/885 54/103/795
f 965/2277/630 955/2255/380 959/2264/383
f 1055/2485/887 1051/2479/120 1053/2482/122
f 158/359/646 159/360/125 160/362/124
f 58/111/138 65/127/137 51/95/389
f 1081/2541/783 1080/2538/399 1069/2513/888
f 56/108/889 53/99/890 46/88/632
f 961/2267/157 958/2262/655 964/2275/891
f 1062/2499/405 1059/2493/892 1072/2519/402
f 1062/2499/405 1043/2465/404 1059/2493/892
f 1043/2465/404 1046/2470/640 1059/2493/892
f 1065/2506/638 1042/2461/637 1049/2474/893
f 1029/2432/658 1042/2463/637 1046/2469/640
f 1037/2450/659 1049/2475/893 1042/2462/637
f 59/113/648 50/94/894 52/97/886
f 943/2231/895 939/2219/382 940/2221/395
f 1088/2553/295 1083/2543/470 923/2178/473
f 428/994/896 450/1046/897 398/920/898
f 450/1049/897 457/1062/801 447/1041/119
f 383/889/670 428/996/896 377/869/668
f 457/1061/801 450/1047/897 443/1029/413
f 816/1919/165 871/2046/899 870/2045/166
f 729/1730/162 746/1763/672 707/1679/163
f 826/1941/432 821/1932/461 816/1920/165
f 356/827/442 363/839/810 346/811/900
f 363/839/810 347/813/812 346/811/900
f 543/1253/901 616/1436/664 447/1041/119
f 683/1618/816 679/1608/682 622/1464/902
f 346/811/900 347/813/812 344/806/465
f 402/931/685 403/935/684 421/977/443
f 43/83/700 340/799/696 218/510/903
f 340/799/696 339/796/904 218/510/903
f 427/991/695 441/1023/453 345/810/452
f 543/1253/901 530/1226/479 616/1436/664
f 642/1525/822 622/1465/902 616/1435/664
f 790/1863/905 839/1969/906 835/1963/907
f 839/1969/906 874/2052/908 835/1963/907
f 642/1526/822 778/1840/815 683/1619/816
f 799/1884/220 890/2097/817 778/1840/815
f 890/2097/817 805/1896/813 778/1840/815
f 890/2097/817 886/2088/820 920/2170/827
f 874/2052/908 810/1907/692 835/1963/907
f 810/1907/692 874/2052/908 885/2084/909
f 317/745/709 250/578/910 276/646/489
f 873/2049/911 888/2093/831 853/2002/830
f 887/2091/912 860/2017/510 873/2049/911
f 800/1886/223 814/1913/704 804/1894/829
f 848/1988/509 887/2091/912 857/2011/832
f 164/379/835 378/874/913 338/793/914
f 164/377/835 249/574/915 211/491/916
f 249/576/915 196/463/917 211/494/916
f 325/763/918 288/676/825 249/575/915
f 249/576/915 198/466/706 196/463/917
f 897/2118/715 881/2075/919 867/2035/833
f 899/2120/920 897/2117/715 916/2160/921
f 901/2125/922 915/2156/923 889/2096/924
f 919/2164/235 915/2159/923 929/2192/233
f 1026/2424/471 1083/2544/470 1089/2556/61
f 1035/2446/713 1026/2424/471 1089/2556/61
f 548/1264/725 367/848/717 595/1388/514
f 460/1071/512 732/1736/218 617/1447/513
f 595/1388/514 593/1384/837 556/1285/724
f 547/1261/925 568/1316/726 598/1395/926
f 547/1261/925 598/1395/926 579/1345/522
f 103/222/927 109/234/928 101/219/929
f 1012/2394/930 1005/2378/533 997/2357/931
f 990/2337/932 997/2358/931 977/2302/933
f 40/77/544 9/16/729 100/217/549
f 191/449/934 167/395/528 161/367/527
f 245/567/935 241/559/545 167/394/528
f 526/1218/736 490/1143/936 578/1344/738
f 277/648/739 309/731/558 290/684/937
f 563/1304/938 516/1196/551 493/1148/550
f 610/1422/737 506/1169/839 505/1168/249
f 610/1423/737 527/1220/561 506/1170/839
f 469/1093/939 470/1095/552 480/1118/940
f 480/1118/940 470/1095/552 516/1197/551
f 482/1121/941 476/1104/942 508/1177/840
f 473/1100/943 471/1098/944 476/1105/942
f 5/8/194 12/20/232 78/160/255
f 451/1051/562 813/1912/472 935/2204/722
f 187/440/564 618/1448/246 464/1082/250
f 187/442/564 464/1083/250 183/431/848
f 785/1852/565 166/388/566 1035/2447/713
f 613/1429/10 485/1130/849 488/1138/945
f 613/1428/10 539/1244/946 485/1131/849
f 613/1429/10 607/1417/571 539/1245/946
f 604/1412/947 528/1222/260 584/1357/263
f 602/1407/8 499/1157/269 604/1411/947
f 584/1356/263 602/1407/8 604/1411/947
f 499/1157/269 577/1341/747 604/1411/947
f 79/163/270 132/292/948 116/255/271
f 128/278/283 106/228/949 120/262/274
f 112/243/950 106/229/949 81/167/583
f 125/272/951 132/290/948 128/279/283
f 117/256/22 91/195/21 107/232/575
f 122/266/284 102/220/23 117/257/22
f 573/1329/952 565/1308/581 524/1212/291
f 565/1308/581 497/1154/953 524/1212/291
f 467/1090/290 343/804/289 199/467/568
f 1089/2558/61 1086/2551/13 1082/2542/59
f 518/1200/599 555/1282/304 586/1362/52
f 670/1586/586 712/1688/51 650/1541/50
f 651/1543/49 712/1688/51 706/1675/954
f 718/1702/862 737/1744/955 696/1647/863
f 255/591/301 319/747/761 316/744/859
f 818/1925/752 619/1452/82 806/1901/73
f 896/2116/64 918/2163/956 619/1456/82
f 303/715/595 336/788/957 220/514/958
f 224/526/763 223/524/959 178/418/858
f 728/1728/960 710/1686/961 720/1707/316
f 753/1780/324 697/1651/77 792/1865/962
f 370/857/327 372/860/963 415/961/99
f 372/860/963 370/857/327 357/829/341
f 372/860/963 368/853/340 415/961/99
f 357/829/341 368/853/340 372/860/963
f 437/1014/100 415/962/99 417/967/607
f 182/428/351 292/689/878 235/546/773
f 292/689/878 329/774/774 235/546/773
f 700/1660/358 708/1681/343 675/1599/95
f 665/1577/97 667/1581/359 675/1599/95
f 209/487/353 202/472/348 176/415/876
f 282/662/338 209/488/353 204/476/964
f 72/144/352 165/384/368 181/427/780
f 412/952/965 342/803/875 165/387/368
f 251/582/779 204/475/964 181/427/780
f 629/1486/113 681/1615/620 673/1595/360
f 136/303/127 130/286/966 134/297/967
f 134/298/967 130/284/966 133/293/634
f 133/294/634 145/324/636 134/299/967
f 1066/2509/968 1078/2534/784 1069/2514/888
f 61/118/885 74/152/796 72/142/352
f 72/143/352 74/154/796 55/106/397
f 1023/2417/123 1024/2419/790 1052/2481/393
f 1055/2485/887 1053/2482/122 1064/2505/969
f 42/81/150 39/74/793 48/91/403
f 156/356/647 160/362/124 153/350/791
f 969/2284/144 961/2267/157 964/2275/891
f 63/124/649 59/113/648 54/104/795
f 54/104/795 59/113/648 52/97/886
f 640/1518/118 447/1041/119 616/1436/664
f 719/1704/970 707/1679/163 751/1775/804
f 906/2137/433 913/2151/408 880/2071/425
f 293/693/666 339/796/904 289/681/667
f 339/796/904 293/693/666 261/607/971
f 816/1919/165 861/2019/678 871/2046/899
f 805/1898/813 883/2079/440 837/1966/424
f 883/2079/440 854/2005/439 837/1966/424
f 913/2152/408 895/2111/455 883/2080/440
f 355/826/468 363/839/810 356/827/442
f 406/940/192 402/932/685 409/945/806
f 872/2048/688 844/1982/184 849/1991/187
f 797/1876/183 802/1889/686 820/1931/186
f 208/484/441 213/497/699 229/535/972
f 283/663/457 213/497/699 208/484/441
f 213/497/699 283/663/457 333/782/458
f 872/2048/688 849/1991/187 855/2007/973
f 855/2006/973 849/1992/187 820/1931/186
f 885/2085/909 912/2150/694 866/2033/693
f 298/702/974 323/756/975 322/755/976
f 323/756/975 298/702/974 275/641/977
f 258/600/475 285/668/195 273/635/978
f 327/770/703 308/729/196 258/599/475
f 269/627/483 263/616/979 320/748/482
f 234/545/499 320/748/482 263/616/979
f 205/477/497 234/545/499 225/528/495
f 318/746/496 320/749/482 234/544/499
f 314/740/501 318/746/496 234/544/499
f 553/1276/224 546/1259/478 537/1239/477
f 560/1295/980 546/1259/478 553/1276/224
f 299/704/981 332/781/491 294/695/492
f 299/704/981 294/695/492 257/597/494
f 804/1894/829 822/1935/508 800/1886/223
f 822/1935/508 817/1922/221 800/1886/223
f 857/2011/832 817/1921/221 822/1933/508
f 848/1988/509 860/2017/510 887/2091/912
f 164/378/835 455/1057/982 378/873/913
f 455/1057/982 164/378/835 461/1074/697
f 306/726/229 310/732/983 313/739/227
f 310/732/983 306/726/229 304/720/230
f 978/2304/168 1084/2546/984 1087/2552/60
f 842/1976/506 732/1736/218 904/2130/826
f 934/2203/985 932/2199/719 931/2197/986
f 925/2181/987 931/2196/986 932/2198/719
f 496/1152/518 570/1322/236 575/1333/519
f 519/1203/516 504/1166/988 545/1255/517
f 545/1255/517 504/1166/988 496/1153/518
f 550/1271/237 517/1198/727 581/1349/523
f 554/1279/989 520/1205/990 608/1418/723
f 548/1265/725 556/1286/724 519/1203/516
f 971/2289/531 977/2302/933 999/2361/991
f 94/201/542 84/177/541 90/193/730
f 305/724/992 328/772/548 278/651/546
f 335/784/555 328/773/548 305/722/992
f 309/731/558 302/712/553 290/684/937
f 970/2286/993 1035/2447/713 1084/2546/984
f 614/1432/741 605/1413/994 515/1194/559
f 605/1413/994 614/1432/741 576/1339/842
f 462/1078/995 813/1912/472 451/1051/562
f 507/1175/252 473/1100/943 495/1151/847
f 785/1851/565 970/2288/993 945/2234/247
f 785/1852/565 945/2235/247 618/1449/246
f 129/281/996 15/24/256 78/160/255
f 78/160/255 451/1050/562 129/281/996
f 186/438/4 180/425/257 83/175/3
f 1085/2547/294 1047/2471/293 1086/2550/13
f 566/1310/997 592/1381/850 487/1134/5
f 574/1330/748 498/1155/572 163/371/35
f 498/1156/572 574/1331/748 511/1184/574
f 102/220/23 122/266/284 127/277/24
f 619/1456/82 592/1380/850 589/1371/44
f 562/1301/40 557/1289/39 590/1373/287
f 533/1233/854 502/1162/42 501/1160/31
f 497/1154/953 501/1161/31 502/1163/42
f 551/1273/45 589/1370/44 594/1385/749
f 483/1125/53 651/1544/49 619/1453/82
f 529/1224/302 555/1283/304 518/1202/599
f 264/618/308 300/706/760 255/591/301
f 764/1804/998 737/1745/955 718/1703/862
f 896/2115/64 865/2030/755 875/2056/62
f 749/1770/587 736/1743/321 738/1747/320
f 7/12/265 6/10/608 11/19/610
f 223/524/959 268/626/762 227/532/313
f 319/747/761 268/625/762 223/523/959
f 300/707/760 237/549/759 268/626/762
f 784/1850/999 777/1837/860 792/1865/962
f 168/398/593 431/1004/605 440/1020/1000
f 767/1810/69 753/1780/324 792/1865/962
f 896/2116/64 879/2070/75 918/2163/956
f 659/1565/766 483/1127/53 630/1488/775
f 692/1635/96 675/1599/95 698/1652/326
f 248/572/879 182/429/351 175/413/877
f 175/413/877 242/561/334 248/572/879
f 242/561/334 175/413/877 202/471/348
f 660/1567/86 648/1538/101 665/1577/97
f 652/1550/111 809/1906/1001 807/1903/71
f 399/923/1002 361/837/883 375/865/882
f 374/863/619 350/818/84 361/836/883
f 456/1059/1003 458/1064/1004 459/1065/1005
f 444/1035/36 459/1067/1005 458/1063/1004
f 418/970/364 360/835/357 394/912/365
f 653/1551/109 483/1126/53 652/1548/111
f 762/1802/112 686/1624/366 653/1552/109
f 1088/2553/295 923/2178/473 966/2278/579
f 65/126/137 73/150/621 66/128/131
f 148/335/135 151/343/128 155/354/782
f 159/361/125 155/354/782 151/343/128
f 53/99/890 38/72/374 46/88/632
f 130/285/966 131/287/1006 133/295/634
f 62/121/884 57/110/151 49/92/794
f 152/344/787 158/359/646 150/341/645
f 50/94/894 47/89/643 41/79/642
f 1055/2485/887 1044/2467/1007 1051/2479/120
f 147/332/129 150/340/645 139/313/1008
f 1072/2519/402 1071/2518/785 1074/2523/401
f 1079/2537/400 1077/2529/152 1068/2511/154
f 940/2220/395 937/2215/384 953/2253/652
f 33/63/633 27/51/148 23/44/1009
f 23/43/1009 24/46/145 18/32/147
f 27/51/148 24/45/145 23/44/1009
f 969/2284/144 968/2282/142 967/2280/1010
f 162/370/396 55/107/397 43/83/700
f 1045/2468/167 1030/2435/781 957/2261/653
f 1089/2556/61 1083/2544/470 1088/2554/295
f 786/1856/814 859/2014/407 833/1959/661
f 905/2135/409 833/1960/661 859/2015/407
f 385/893/411 414/960/1011 432/1005/415
f 432/1006/415 414/959/1011 442/1025/180
f 279/652/1012 239/553/1013 286/670/803
f 407/941/671 387/896/410 416/964/412
f 201/469/1014 192/452/417 210/489/416
f 243/563/1015 201/469/1014 210/489/416
f 201/469/1014 239/554/1013 192/452/417
f 287/675/420 260/604/419 297/700/802
f 201/469/1014 247/570/1016 239/554/1013
f 714/1694/683 748/1769/435 719/1704/970
f 751/1775/804 714/1694/683 719/1704/970
f 755/1784/1017 721/1708/427 705/1674/1018
f 721/1708/427 755/1784/1017 780/1844/1019
f 339/795/904 261/608/971 218/508/903
f 622/1466/902 662/1571/190 627/1479/805
f 297/700/802 244/565/675 247/571/1016
f 307/728/430 244/565/675 297/700/802
f 270/629/674 221/521/170 228/534/429
f 221/521/170 270/629/674 231/539/809
f 221/520/170 262/613/169 228/533/429
f 421/978/443 380/880/1020 402/933/685
f 765/1806/673 715/1696/1021 746/1763/672
f 691/1631/1022 690/1630/676 664/1575/159
f 790/1863/905 803/1891/677 816/1920/165
f 683/1618/816 744/1758/436 679/1608/682
f 421/979/443 403/936/684 389/900/1023
f 353/823/811 369/855/191 347/813/812
f 273/635/978 274/638/459 258/600/475
f 327/770/703 333/782/458 322/754/976
f 322/754/976 333/782/458 274/637/459
f 274/638/459 273/635/978 298/701/974
f 323/757/975 275/642/977 250/579/910
f 215/501/1024 250/579/910 275/642/977
f 285/668/195 275/643/977 273/635/978
f 327/770/703 322/754/976 312/737/197
f 647/1537/1025 639/1510/502 671/1590/504
f 834/1962/828 850/1996/200 824/1937/199
f 853/2003/830 804/1893/829 814/1914/704
f 853/2003/830 814/1914/704 873/2050/911
f 800/1886/223 789/1862/222 815/1915/705
f 832/1955/1026 815/1916/705 789/1860/222
f 299/704/981 288/677/825 315/742/480
f 332/781/491 299/704/981 315/742/480
f 254/589/493 198/466/706 257/596/494
f 200/468/488 217/506/707 206/480/486
f 259/602/490 206/480/486 217/506/707
f 633/1493/1027 645/1530/211 672/1593/503
f 645/1530/211 680/1612/215 672/1593/503
f 898/2119/1028 915/2156/923 901/2125/922
f 898/2119/1028 921/2173/1029 915/2156/923
f 921/2171/1029 927/2188/721 926/2183/1030
f 921/2172/1029 926/2184/1030 915/2157/923
f 927/2189/721 933/2201/720 926/2185/1030
f 545/1256/517 595/1389/514 559/1293/515
f 595/1389/514 545/1256/517 593/1382/837
f 554/1278/989 514/1192/728 494/1149/834
f 568/1316/726 601/1406/238 598/1395/926
f 109/235/928 118/259/732 126/275/1031
f 118/258/732 124/269/1032 126/273/1031
f 103/223/927 118/259/732 109/235/928
f 124/270/1032 123/268/537 126/274/1031
f 101/219/929 94/201/542 103/222/927
f 94/201/542 90/193/730 103/222/927
f 92/197/535 94/201/542 101/219/929
f 123/268/537 94/200/542 92/196/535
f 1012/2393/930 997/2356/931 1002/2369/1033
f 1002/2371/1033 1008/2386/241 1012/2394/930
f 992/2343/534 988/2333/240 986/2328/838
f 290/683/937 305/723/992 241/558/545
f 290/683/937 302/713/553 305/723/992
f 468/1091/1034 463/1080/242 466/1088/244
f 463/1080/242 468/1091/1034 465/1085/243
f 610/1423/737 578/1342/738 603/1409/740
f 614/1430/741 525/1213/1035 576/1336/842
f 596/1391/248 618/1449/246 908/2144/245
f 515/1195/559 472/1099/1036 481/1120/560
f 464/1083/250 618/1449/246 596/1391/248
f 169/402/567 88/187/1 475/1103/258
f 1010/2390/743 475/1103/258 1086/2550/13
f 539/1244/946 509/1179/746 485/1131/849
f 613/1429/10 488/1138/945 602/1407/8
f 489/1140/267 511/1184/574 499/1158/269
f 574/1332/748 566/1310/997 604/1411/947
f 604/1411/947 577/1341/747 574/1332/748
f 79/163/270 114/249/1037 132/292/948
f 96/204/1038 91/194/21 85/179/852
f 982/2311/280 1006/2380/20 991/2340/281
f 982/2313/280 974/2294/278 981/2309/17
f 106/229/949 107/232/575 120/263/274
f 127/277/24 122/266/284 128/279/283
f 112/242/950 81/168/583 125/272/951
f 81/168/583 132/290/948 125/272/951
f 125/271/951 121/264/282 112/243/950
f 128/279/283 121/265/282 125/272/951
f 1011/2391/582 995/2352/578 951/2249/297
f 524/1212/291 497/1154/953 502/1163/42
f 497/1154/953 565/1308/581 540/1246/1039
f 597/1394/750 573/1328/952 569/1319/751
f 536/1237/296 551/1273/45 594/1385/749
f 2/3/47 6/10/608 7/12/265
f 518/1201/599 586/1363/52 479/1115/37
f 689/1629/857 779/1841/1040 777/1835/860
f 689/1629/857 693/1637/757 779/1841/1040
f 678/1605/855 693/1637/757 689/1629/857
f 777/1836/860 770/1818/764 709/1682/856
f 779/1843/1040 792/1865/962 777/1837/860
f 779/1842/1040 693/1638/757 767/1809/69
f 713/1692/758 699/1657/68 767/1809/69
f 710/1685/961 722/1709/1041 720/1706/316
f 718/1703/862 766/1807/864 764/1804/998
f 757/1790/1042 766/1807/864 776/1834/323
f 764/1804/998 766/1807/864 757/1790/1042
f 1027/2426/601 1048/2473/1043 1036/2449/868
f 1027/2427/601 1039/2454/604 1048/2472/1043
f 752/1776/765 728/1728/960 720/1707/316
f 766/1807/864 728/1729/960 752/1777/765
f 846/1985/865 823/1936/65 841/1973/76
f 846/1984/865 864/2027/591 825/1940/866
f 918/2163/956 1018/2405/1044 1022/2416/602
f 1018/2405/1044 1030/2435/781 1031/2438/869
f 1018/2406/1044 1025/2422/603 1022/2414/602
f 1031/2438/869 1030/2435/781 1011/2392/582
f 1027/2428/601 1031/2437/869 1022/2415/602
f 694/1642/349 698/1654/326 675/1600/95
f 694/1641/1045 703/1667/1046 698/1653/1047
f 761/1797/107 698/1655/326 763/1803/777
f 694/1642/349 708/1680/343 698/1654/326
f 434/1011/1048 351/820/606 400/924/1049
f 456/1060/1003 459/1066/1005 434/1010/1048
f 676/1601/325 739/1748/104 727/1726/103
f 739/1748/104 676/1601/325 730/1732/106
f 449/1045/98 452/1053/362 438/1017/332
f 1030/2435/781 918/2163/956 911/2148/117
f 19/33/375 31/59/1050 30/58/376
f 30/58/376 39/75/793 35/66/377
f 39/74/793 42/81/150 35/67/377
f 30/58/376 31/59/1050 39/75/793
f 936/2209/385 941/2222/386 955/2256/380
f 936/2209/385 963/2274/631 962/2271/387
f 936/2209/385 955/2256/380 963/2274/631
f 942/2227/116 1017/2404/789 1030/2435/781
f 26/49/390 51/95/389 36/68/1051
f 1081/2541/783 1069/2513/888 1078/2533/784
f 1076/2527/797 1071/2517/785 1078/2534/784
f 154/351/398 152/345/787 137/306/369
f 152/349/787 141/317/391 137/307/369
f 1044/2466/1007 1024/2419/790 1021/2412/654
f 1040/2457/788 1044/2467/1007 1021/2413/654
f 1051/2479/120 1044/2467/1007 1040/2457/788
f 156/355/647 139/313/1008 150/340/645
f 428/995/896 398/921/898 377/870/668
f 443/1030/413 450/1048/897 428/997/896
f 428/996/896 383/889/670 416/965/412
f 654/1557/665 627/1477/805 634/1495/1052
f 356/828/442 419/973/444 414/960/1011
f 436/1013/448 446/1040/414 435/1012/182
f 247/570/1016 244/566/675 238/552/1053
f 162/369/396 218/509/903 232/540/1054
f 232/540/1054 218/509/903 261/610/971
f 345/807/452 377/872/668 339/796/904
f 345/808/452 376/867/669 377/871/668
f 751/1775/804 746/1763/672 715/1696/1021
f 664/1575/159 715/1695/1021 691/1631/1022
f 782/1846/1055 755/1783/1017 705/1673/1018
f 435/1012/182 433/1008/181 410/948/449
f 231/539/809 194/456/1056 189/446/177
f 281/661/171 230/537/1057 231/538/809
f 229/535/972 230/537/1057 281/661/171
f 229/535/972 281/661/171 236/548/176
f 194/456/1056 172/406/179 189/446/177
f 782/1847/1055 791/1864/446 811/1909/451
f 795/1871/687 755/1783/1017 782/1846/1055
f 895/2111/455 877/2064/460 840/1971/438
f 411/950/808 392/908/193 406/940/192
f 690/1630/676 691/1631/1022 758/1791/1058
f 403/936/684 406/940/192 353/822/811
f 406/940/192 369/854/191 353/822/811
f 917/2162/819 909/2146/1059 902/2127/679
f 323/758/975 250/578/910 317/745/709
f 215/501/1024 207/481/487 250/579/910
f 381/884/701 455/1058/982 461/1075/697
f 378/874/913 381/883/701 338/793/914
f 560/1295/980 571/1323/1060 546/1259/478
f 639/1510/502 647/1537/1025 633/1494/1027
f 583/1354/225 617/1445/513 600/1403/226
f 632/1492/821 637/1505/1061 626/1475/203
f 637/1502/1061 632/1491/821 617/1446/513
f 617/1441/513 726/1723/217 688/1626/213
f 296/697/710 246/569/708 271/631/1062
f 462/1078/995 135/301/563 343/804/289
f 583/1355/225 537/1239/477 617/1442/513
f 916/2160/921 914/2155/1063 899/2120/920
f 914/2154/1063 898/2119/1028 899/2121/920
f 164/379/835 367/851/717 461/1077/697
f 559/1294/515 617/1443/513 367/850/717
f 595/1389/514 617/1444/513 559/1293/515
f 608/1418/723 520/1205/990 575/1334/519
f 514/1192/728 550/1270/237 523/1211/520
f 514/1192/728 517/1199/727 550/1270/237
f 517/1198/727 542/1250/521 581/1349/523
f 29/57/525 167/395/528 164/379/835
f 983/2316/511 1001/2368/532 994/2349/538
f 988/2333/240 977/2303/933 973/2293/530
f 986/2328/838 988/2333/240 973/2293/530
f 1015/2398/735 935/2205/722 1026/2424/471
f 526/1217/736 596/1392/248 460/1069/512
f 183/431/848 191/449/934 161/367/527
f 78/161/255 12/21/232 70/139/505
f 614/1432/741 527/1220/561 610/1423/737
f 614/1431/741 603/1410/740 525/1214/1035
f 5/9/194 15/25/256 100/217/549
f 606/1415/253 512/1185/844 588/1368/251
f 1019/2408/1064 1015/2398/735 1035/2446/713
f 1035/2447/713 970/2286/993 785/1852/565
f 451/1052/562 935/2205/722 631/1490/742
f 1086/2551/13 754/1782/259 946/2239/11
f 37/71/266 79/163/270 173/407/851
f 619/1456/82 625/1473/6 487/1136/5
f 607/1417/571 509/1180/746 539/1245/946
f 509/1180/746 607/1417/571 609/1420/570
f 528/1222/260 604/1412/947 544/1254/268
f 71/140/618 13/22/29 8/13/28
f 71/140/618 8/13/28 44/84/2
f 79/162/270 37/70/266 16/28/584
f 892/2104/298 1032/2440/12 946/2239/11
f 892/2104/298 1011/2392/582 1032/2440/12
f 163/374/35 589/1371/44 592/1380/850
f 1014/2397/19 989/2334/275 993/2346/576
f 1006/2381/20 1014/2397/19 993/2346/576
f 580/1347/30 564/1305/34 612/1427/580
f 540/1246/1039 612/1426/580 564/1306/34
f 3/5/27 2/4/47 17/30/264
f 522/1209/292 536/1238/296 569/1317/751
f 343/804/289 71/140/618 199/467/568
f 549/1266/55 587/1366/54 567/1313/310
f 712/1689/51 704/1668/1065 706/1676/954
f 704/1672/1065 712/1690/51 738/1747/320
f 706/1677/954 704/1669/1065 619/1455/82
f 1089/2557/61 1088/2555/295 1085/2548/294
f 1058/2490/1066 1048/2472/1043 1039/2454/604
f 1048/2472/1043 1058/2490/1066 1060/2495/1067
f 702/1666/756 701/1662/315 699/1658/68
f 825/1939/866 843/1978/867 827/1942/600
f 1036/2449/868 1038/2453/1068 1025/2420/603
f 1036/2449/868 1034/2445/1069 1031/2439/869
f 665/1576/97 676/1602/325 660/1568/86
f 708/1680/343 750/1773/345 698/1654/326
f 750/1774/345 763/1803/777 698/1655/326
f 72/144/352 181/427/780 177/417/350
f 1045/2468/167 1087/2552/60 1082/2542/59
f 176/415/876 204/475/964 209/487/353
f 36/69/1051 51/96/389 62/122/884
f 51/96/389 66/128/131 62/122/884
f 51/96/389 65/126/137 66/128/131
f 74/153/796 61/120/885 67/130/1070
f 67/130/1070 61/120/885 53/100/890
f 137/308/369 149/338/371 72/147/352
f 55/107/397 137/308/369 72/147/352
f 162/370/396 72/147/352 149/338/371
f 154/352/398 162/370/396 149/338/371
f 141/316/391 146/327/370 137/309/369
f 141/317/391 140/315/133 146/328/370
f 52/97/886 50/94/894 60/115/1071
f 64/125/650 67/131/1070 56/108/889
f 32/61/799 34/65/149 42/81/150
f 24/46/145 26/49/390 22/42/146
f 24/46/145 32/62/799 26/49/390
f 45/86/388 32/61/799 42/81/150
f 45/85/388 26/49/390 32/62/799
f 967/2279/1010 968/2283/142 956/2258/140
f 156/355/647 142/318/635 139/313/1008
f 1029/2432/658 1016/2401/657 1020/2410/660
f 1043/2464/404 1056/2487/406 1049/2475/893
f 1049/2475/893 1033/2442/656 1043/2464/404
f 1037/2450/659 1033/2442/656 1049/2475/893
f 769/1816/437 695/1645/663 654/1554/665
f 377/872/668 398/922/898 339/796/904
f 232/540/1054 210/489/416 219/511/1072
f 419/972/444 442/1025/180 414/959/1011
f 414/960/1011 365/844/175 356/828/442
f 243/563/1015 210/489/416 232/540/1054
f 243/564/1015 261/609/971 293/694/666
f 243/564/1015 293/694/666 287/675/420
f 627/1479/805 620/1460/662 622/1466/902
f 261/610/971 243/563/1015 232/540/1054
f 786/1856/814 796/1872/1073 798/1881/426
f 796/1873/1073 805/1897/813 798/1879/426
f 805/1898/813 837/1966/424 798/1880/426
f 231/539/809 189/446/177 221/521/170
f 221/521/170 189/446/177 195/460/172
f 795/1871/687 797/1876/183 755/1783/1017
f 821/1932/461 847/1986/463 790/1863/905
f 855/2006/973 802/1889/686 795/1871/687
f 855/2006/973 820/1931/186 802/1889/686
f 886/2089/820 850/1994/200 907/2141/485
f 850/1995/200 886/2090/820 799/1883/220
f 256/592/498 284/666/1074 234/545/499
f 234/544/499 284/667/1074 314/740/501
f 196/462/917 272/633/824 211/492/916
f 196/462/917 193/454/481 272/633/824
f 259/603/490 217/507/707 276/646/489
f 860/2017/510 888/2093/831 873/2049/911
f 900/2123/1075 897/2117/715 876/2058/714
f 198/466/706 288/679/825 299/705/981
f 299/705/981 257/596/494 198/466/706
f 889/2094/924 915/2158/923 900/2122/1075
f 919/2165/235 900/2122/1075 915/2158/923
f 519/1203/516 556/1286/724 504/1166/988
f 556/1286/724 535/1235/836 504/1166/988
f 554/1278/989 494/1149/834 520/1204/990
f 945/2236/247 985/2326/539 908/2145/245
f 994/2350/538 985/2325/539 945/2237/247
f 972/2291/529 975/2299/1076 985/2326/539
f 80/164/733 86/182/734 87/184/1077
f 86/183/734 95/203/1078 87/186/1077
f 290/684/937 241/559/545 277/648/739
f 490/1143/936 526/1218/736 506/1171/839
f 335/784/555 277/647/739 328/773/548
f 302/713/553 335/785/555 305/723/992
f 525/1214/1035 603/1410/740 578/1343/738
f 506/1171/839 527/1221/561 490/1143/936
f 321/753/547 183/431/848 460/1071/512
f 183/431/848 464/1083/250 460/1071/512
f 478/1109/1079 468/1091/1034 469/1094/939
f 478/1108/1079 563/1304/938 477/1107/1080
f 478/1109/1079 477/1106/1080 468/1091/1034
f 563/1304/938 588/1369/251 516/1196/551
f 614/1432/741 515/1194/559 527/1220/561
f 606/1416/253 615/1433/846 599/1399/841
f 606/1416/253 507/1174/252 615/1433/846
f 605/1413/994 531/1228/845 515/1194/559
f 605/1413/994 615/1433/846 531/1228/845
f 1035/2446/713 631/1490/742 1019/2408/1064
f 83/175/3 180/425/257 88/188/1
f 186/438/4 754/1782/259 180/425/257
f 572/1327/9 491/1145/262 486/1133/569
f 491/1144/262 488/1139/945 485/1131/849
f 500/1159/261 488/1139/945 491/1144/262
f 619/1456/82 892/2104/298 625/1473/6
f 574/1332/748 163/372/35 592/1381/850
f 1014/2397/19 1004/2377/276 989/2334/275
f 1004/2377/276 1014/2397/19 1013/2396/16
f 112/243/950 107/232/575 106/229/949
f 16/28/584 81/169/583 79/162/270
f 501/1161/31 492/1146/33 503/1164/32
f 540/1246/1039 564/1306/34 492/1146/33
f 585/1360/43 502/1162/42 533/1233/854
f 522/1209/292 502/1163/42 532/1231/41
f 594/1385/749 590/1374/287 569/1319/751
f 619/1456/82 1011/2392/582 951/2248/297
f 163/374/35 116/255/271 444/1034/36
f 71/140/618 14/23/81 13/22/29
f 737/1746/955 722/1712/1041 696/1648/863
f 764/1805/998 722/1712/1041 737/1746/955
f 237/550/759 264/619/308 226/531/309
f 237/550/759 300/708/760 264/619/308
f 188/444/596 178/418/858 179/422/594
f 336/786/957 168/398/593 440/1020/1000
f 759/1794/57 776/1834/323 767/1810/69
f 72/145/352 168/399/593 116/254/271
f 303/716/595 179/420/594 168/400/593
f 303/717/595 168/401/593 336/787/957
f 619/1455/82 704/1669/1065 774/1829/768
f 879/2069/75 869/2043/72 807/1902/71
f 343/804/289 966/2278/579 923/2178/473
f 1034/2443/1069 1036/2448/868 1025/2421/603
f 753/1781/324 701/1661/315 702/1664/756
f 630/1488/775 756/1786/115 659/1565/766
f 619/1455/82 774/1829/768 762/1800/112
f 397/919/94 423/984/90 401/930/612
f 397/919/94 429/998/91 423/984/90
f 397/919/94 422/981/93 429/998/91
f 459/1066/1005 439/1018/1081 434/1010/1048
f 400/925/1049 430/1000/615 434/1009/1048
f 434/1010/1048 430/1002/615 456/1060/1003
f 682/1616/87 676/1602/325 727/1727/103
f 682/1616/87 660/1568/86 676/1602/325
f 382/885/1082 413/956/617 366/845/342
f 404/937/776 413/957/617 382/886/1082
f 352/821/356 375/866/882 348/815/339
f 437/1014/100 452/1053/362 449/1045/98
f 452/1053/362 448/1043/1083 454/1056/1084
f 301/709/880 204/476/964 251/583/779
f 301/709/880 295/696/613 204/476/964
f 673/1596/360 667/1581/359 629/1485/113
f 10/18/609 20/39/651 11/19/610
f 20/38/651 61/119/885 72/146/352
f 134/300/967 144/321/792 136/302/127
f 134/300/967 145/325/636 144/321/792
f 1052/2480/393 1066/2509/968 1054/2484/1085
f 76/156/136 73/151/621 65/127/137
f 77/159/622 75/155/132 66/129/131
f 77/159/622 76/157/136 75/155/132
f 97/210/629 73/151/621 76/156/136
f 77/159/622 97/211/629 76/157/136
f 60/115/1071 50/94/894 41/79/642
f 1064/2505/969 1069/2515/888 1070/2516/800
f 147/332/129 139/313/1008 136/303/127
f 153/350/791 160/362/124 157/357/126
f 75/155/132 76/157/136 69/138/130
f 939/2219/382 950/2247/139 952/2250/141
f 1070/2516/800 1061/2498/392 1064/2505/969
f 23/43/1009 21/41/372 28/53/641
f 46/88/632 28/52/641 47/90/643
f 56/108/889 46/88/632 47/90/643
f 1044/2466/1007 1041/2460/394 1024/2419/790
f 1055/2485/887 1041/2459/394 1044/2467/1007
f 944/2232/156 943/2230/895 958/2262/655
f 43/83/700 20/39/651 10/18/609
f 640/1515/118 922/2174/423 920/2167/827
f 446/1040/414 436/1013/448 443/1029/413
f 387/896/410 373/861/431 385/893/411
f 253/585/428 239/554/1013 238/552/1053
f 238/551/1053 228/533/429 253/586/428
f 70/139/505 14/23/81 343/804/289
f 425/988/1086 436/1013/448 390/902/450
f 355/826/468 356/827/442 362/838/174
f 769/1815/437 744/1759/436 778/1839/815
f 805/1899/813 796/1874/1073 786/1855/814
f 890/2098/817 920/2168/827 922/2175/423
f 347/813/812 369/855/191 344/806/465
f 424/986/689 421/979/443 389/900/1023
f 185/437/476 170/403/466 172/406/179
f 885/2084/909 866/2034/693 810/1907/692
f 885/2085/909 917/2161/819 912/2150/694
f 29/57/525 164/379/835 43/83/700
f 308/729/196 327/770/703 312/737/197
f 285/668/195 271/631/1062 275/643/977
f 198/466/706 269/628/483 193/455/481
f 256/592/498 337/790/231 284/666/1074
f 284/667/1074 337/792/231 314/740/501
f 310/734/983 337/791/231 256/593/498
f 272/634/824 288/678/825 325/764/918
f 888/2093/831 904/2134/826 907/2142/485
f 212/495/712 225/527/495 257/596/494
f 257/597/494 294/695/492 318/746/496
f 672/1594/503 639/1510/502 633/1494/1027
f 560/1296/980 553/1277/224 571/1325/1060
f 824/1938/199 822/1935/508 804/1894/829
f 1087/2552/60 1084/2546/984 1035/2447/713
f 932/2199/719 934/2203/985 933/2202/720
f 595/1390/514 367/849/717 460/1070/512
f 977/2302/933 997/2358/931 999/2361/991
f 99/213/731 124/269/1032 118/258/732
f 90/192/730 118/259/732 103/223/927
f 95/203/1078 86/183/734 84/176/541
f 482/1121/941 508/1177/840 576/1337/842
f 508/1177/840 476/1104/942 484/1129/843
f 471/1096/944 484/1129/843 476/1104/942
f 471/1096/944 512/1186/844 484/1129/843
f 471/1097/944 480/1116/940 512/1187/844
f 599/1399/841 615/1433/846 605/1413/994
f 474/1101/1087 531/1229/845 495/1151/847
f 100/217/549 187/442/564 161/367/527
f 187/441/564 166/389/566 785/1853/565
f 187/442/564 100/217/549 15/25/256
f 631/1490/742 166/390/566 129/283/996
f 621/1463/744 169/402/567 475/1103/258
f 169/402/567 621/1463/744 467/1090/290
f 37/71/266 173/407/851 186/438/4
f 521/1208/745 611/1425/7 486/1133/569
f 611/1425/7 521/1208/745 609/1421/570
f 1047/2471/293 851/1997/288 1010/2390/743
f 604/1412/947 566/1311/997 544/1254/268
f 566/1310/997 574/1332/748 592/1381/850
f 85/180/852 89/189/26 96/205/1038
f 96/206/1038 108/233/853 110/236/273
f 108/233/853 96/206/1038 89/191/26
f 108/233/853 127/277/24 110/236/273
f 105/226/272 91/195/21 96/207/1038
f 974/2295/278 979/2305/286 981/2308/17
f 979/2305/286 989/2335/275 981/2308/17
f 1009/2389/1088 995/2353/578 892/2101/298
f 1032/2440/12 1082/2542/59 1086/2551/13
f 569/1317/751 573/1329/952 522/1209/292
f 7/12/265 11/19/610 81/170/583
f 336/788/957 444/1034/36 116/255/271
f 179/421/594 220/514/958 116/255/271
f 116/255/271 220/514/958 336/788/957
f 316/743/859 280/657/1089 265/620/299
f 336/789/957 440/1021/1000 444/1032/36
f 646/1534/585 687/1625/79 678/1606/855
f 806/1901/73 831/1953/754 818/1925/752
f 806/1901/73 845/1983/74 831/1953/754
f 845/1983/74 829/1946/70 831/1953/754
f 702/1665/756 684/1620/78 697/1650/77
f 702/1666/756 699/1658/68 713/1693/758
f 586/1364/52 558/1290/598 483/1128/53
f 549/1266/55 558/1291/598 586/1365/52
f 841/1974/76 869/2044/72 846/1984/865
f 823/1936/65 846/1985/865 825/1939/866
f 1050/2477/1090 1039/2455/604 1038/2452/1068
f 371/858/616 430/1001/615 400/926/1049
f 1030/2435/781 1018/2405/1044 918/2163/956
f 382/887/1082 366/846/342 354/824/83
f 382/887/1082 354/824/83 364/842/85
f 635/1499/881 623/1470/102 658/1564/88
f 635/1499/881 658/1564/88 630/1489/775
f 623/1470/102 660/1568/86 658/1564/88
f 658/1564/88 724/1719/89 630/1489/775
f 404/937/776 399/923/1002 413/957/617
f 400/927/1049 351/819/606 393/910/363
f 399/923/1002 408/943/361 437/1014/100
f 413/957/617 399/923/1002 437/1014/100
f 809/1906/1001 918/2163/956 879/2070/75
f 412/954/965 393/911/363 342/802/875
f 667/1581/359 648/1538/101 629/1485/113
f 809/1906/1001 652/1550/111 911/2148/117
f 136/302/127 144/321/792 151/343/128
f 144/321/792 157/358/126 151/343/128
f 72/147/352 162/370/396 165/387/368
f 1054/2484/1085 1069/2514/888 1064/2504/969
f 1054/2484/1085 1066/2509/968 1069/2514/888
f 938/2216/381 949/2246/378 941/2222/386
f 1072/2519/402 1059/2493/892 1075/2525/786
f 1075/2524/786 1059/2494/892 1063/2503/639
f 957/2261/653 942/2227/116 947/2242/798
f 947/2243/798 942/2228/116 962/2272/387
f 131/289/1006 142/319/635 133/296/634
f 1055/2485/887 1061/2498/392 1041/2459/394
f 953/2253/652 965/2277/630 958/2262/655
f 1062/2499/405 1068/2512/154 1056/2486/406
f 1073/2520/153 1056/2487/406 1068/2511/154
f 1056/2487/406 1073/2520/153 1065/2507/638
f 1062/2499/405 1072/2519/402 1068/2512/154
f 334/783/367 450/1049/897 447/1041/119
f 334/783/367 398/922/898 450/1049/897
f 239/553/1013 253/587/428 286/670/803
f 416/966/412 443/1030/413 428/997/896
f 634/1495/1052 707/1678/163 719/1705/970
f 707/1678/163 634/1495/1052 657/1562/160
f 838/1967/164 870/2045/166 880/2072/425
f 906/2139/433 880/2072/425 870/2045/166
f 798/1881/426 859/2014/407 786/1856/814
f 861/2018/678 903/2129/681 871/2047/899
f 793/1867/445 780/1844/1019 788/1858/1091
f 891/2100/434 903/2128/681 910/2147/680
f 765/1806/673 783/1849/447 758/1792/1058
f 674/1598/188 715/1696/1021 661/1569/189
f 751/1775/804 715/1696/1021 674/1598/188
f 715/1695/1021 664/1575/159 661/1570/189
f 274/639/459 283/664/457 171/405/456
f 1090/2561/484 850/1996/200 834/1962/828
f 312/737/197 322/754/976 323/758/975
f 271/631/1062 215/502/1024 275/643/977
f 308/730/196 285/668/195 258/600/475
f 600/1403/226 617/1445/513 616/1437/664
f 617/1446/513 632/1491/821 616/1438/664
f 632/1492/821 626/1475/203 663/1573/823
f 246/569/708 215/502/1024 271/631/1062
f 215/502/1024 246/569/708 200/468/488
f 200/468/488 207/482/487 215/502/1024
f 857/2011/832 887/2091/912 884/2082/716
f 789/1861/222 876/2059/714 832/1956/1026
f 876/2060/714 884/2081/716 832/1957/1026
f 867/2037/833 876/2061/714 789/1862/222
f 862/2022/1092 888/2093/831 822/1933/508
f 822/1933/508 888/2093/831 860/2017/510
f 848/1989/509 857/2010/832 822/1934/508
f 978/2304/168 920/2170/827 732/1736/218
f 554/1279/989 608/1418/723 601/1406/238
f 601/1406/238 514/1193/728 554/1279/989
f 601/1405/238 550/1271/237 581/1349/523
f 601/1406/238 581/1350/523 598/1395/926
f 579/1346/522 598/1396/926 581/1351/523
f 568/1315/726 547/1263/925 517/1199/727
f 547/1262/925 579/1346/522 542/1251/521
f 101/218/929 113/248/524 82/172/526
f 113/248/524 101/218/929 109/235/928
f 460/1071/512 908/2144/245 732/1736/218
f 983/2314/511 945/2238/247 970/2287/993
f 245/567/935 167/394/528 191/450/934
f 328/773/548 277/647/739 191/451/934
f 191/449/934 183/431/848 321/753/547
f 277/648/739 245/567/935 191/450/934
f 578/1344/738 490/1143/936 525/1215/1035
f 469/1093/939 466/1089/244 470/1095/552
f 493/1147/550 470/1095/552 466/1089/244
f 468/1091/1034 466/1088/244 469/1094/939
f 477/1107/1080 493/1148/550 465/1086/243
f 481/1120/560 525/1215/1035 490/1143/936
f 480/1117/940 471/1098/944 469/1094/939
f 478/1108/1079 510/1181/254 563/1304/938
f 588/1369/251 512/1188/844 516/1196/551
f 588/1369/251 563/1304/938 510/1181/254
f 599/1398/841 508/1177/840 484/1129/843
f 471/1098/944 473/1100/943 507/1175/252
f 471/1098/944 507/1175/252 510/1182/254
f 44/84/2 17/31/264 83/174/3
f 44/84/2 169/402/567 199/467/568
f 851/1997/288 621/1463/744 1010/2390/743
f 491/1145/262 572/1327/9 584/1357/263
f 488/1138/945 499/1157/269 602/1407/8
f 528/1223/260 499/1158/269 500/1159/261
f 487/1135/5 163/373/35 513/1190/573
f 173/407/851 79/163/270 163/374/35
f 951/2249/297 984/2322/279 892/2102/298
f 984/2321/279 1009/2387/1088 892/2103/298
f 91/195/21 105/226/272 107/232/575
f 533/1233/854 501/1160/31 580/1348/30
f 501/1161/31 497/1154/953 492/1146/33
f 585/1359/43 569/1318/751 590/1375/287
f 536/1237/296 594/1385/749 569/1319/751
f 1089/2558/61 1085/2549/294 1086/2551/13
f 483/1127/53 655/1558/1093 651/1545/49
f 767/1810/69 792/1865/962 779/1843/1040
f 770/1819/764 777/1837/860 784/1850/999
f 518/1202/599 558/1292/598 549/1267/55
f 697/1651/77 745/1762/80 784/1850/999
f 792/1865/962 697/1651/77 784/1850/999
f 762/1801/112 774/1830/768 756/1787/115
f 807/1903/71 809/1906/1001 879/2070/75
f 366/846/342 348/814/339 354/824/83
f 350/818/84 354/825/83 348/815/339
f 394/912/365 405/939/614 371/859/616
f 388/899/328 405/939/614 394/912/365
f 295/696/613 248/573/879 242/562/334
f 361/837/883 399/923/1002 404/937/776
f 379/879/92 364/840/85 350/818/84
f 364/841/85 379/878/92 391/906/611
f 400/928/1049 393/911/363 371/859/616
f 458/1064/1004 456/1059/1003 454/1056/1084
f 438/1017/332 454/1056/1084 456/1059/1003
f 251/583/779 292/691/878 301/709/880
f 165/385/368 444/1033/36 458/1064/1004
f 445/1036/1094 165/385/368 458/1064/1004
f 686/1624/366 739/1748/104 681/1615/620
f 629/1485/113 648/1538/101 623/1471/102
f 445/1036/1094 458/1064/1004 454/1056/1084
f 445/1036/1094 454/1056/1084 448/1043/1083
f 445/1036/1094 412/955/965 165/385/368
f 31/59/1050 36/69/1051 39/75/793
f 52/98/886 60/116/1071 61/120/885
f 640/1516/118 936/2210/385 942/2229/116
f 148/336/135 147/333/129 151/342/128
f 948/2245/379 954/2254/143 959/2263/383
f 959/2263/383 954/2254/143 964/2276/891
f 152/346/787 154/352/398 149/338/371
f 146/329/370 152/347/787 149/339/371
f 155/354/782 152/348/787 146/330/370
f 1070/2516/800 1069/2515/888 1080/2539/399
f 1066/2508/968 1067/2510/644 1076/2526/797
f 21/41/372 23/43/1009 18/32/147
f 130/286/966 138/311/1095 131/288/1006
f 142/319/635 131/289/1006 138/310/1095
f 944/2233/156 950/2247/139 939/2219/382
f 156/356/647 153/350/791 142/319/635
f 961/2267/157 967/2280/1010 960/2265/155
f 967/2279/1010 956/2258/140 960/2266/155
f 786/1856/814 640/1518/118 695/1646/663
f 232/541/1054 219/512/1072 162/370/396
f 289/681/667 162/370/396 219/512/1072
f 339/796/904 334/783/367 289/681/667
f 339/796/904 398/922/898 334/783/367
f 219/513/1072 240/557/418 289/682/667
f 219/513/1072 210/490/416 240/557/418
f 769/1816/437 654/1554/665 748/1767/435
f 769/1817/437 786/1856/814 695/1646/663
f 9/14/729 10/17/609 6/11/608
f 446/1040/414 432/1007/415 435/1012/182
f 441/1024/453 457/1061/801 436/1013/448
f 425/987/1086 407/942/671 376/867/669
f 748/1769/435 714/1694/683 679/1609/682
f 793/1867/445 721/1708/427 780/1844/1019
f 793/1867/445 783/1848/447 721/1708/427
f 410/947/449 373/862/431 390/903/450
f 419/973/444 356/828/442 380/882/1020
f 380/882/1020 356/828/442 346/812/900
f 380/881/1020 421/979/443 419/974/444
f 244/566/675 228/534/429 238/552/1053
f 836/1964/462 821/1932/461 826/1941/432
f 891/2100/434 906/2138/433 903/2128/681
f 346/812/900 344/805/465 349/817/807
f 380/882/1020 346/812/900 349/817/807
f 236/548/176 208/484/441 229/535/972
f 395/913/469 362/838/174 359/834/173
f 395/913/469 359/834/173 410/947/449
f 424/986/689 410/948/449 433/1008/181
f 530/1226/479 447/1041/119 461/1077/697
f 530/1226/479 543/1253/901 447/1041/119
f 230/536/1057 194/456/1056 231/539/809
f 194/457/1056 230/537/1057 229/535/972
f 213/496/699 172/406/179 194/456/1056
f 229/535/972 213/497/699 194/457/1056
f 185/437/476 172/406/179 213/496/699
f 811/1909/451 801/1888/1096 782/1847/1055
f 801/1888/1096 795/1870/687 782/1847/1055
f 795/1871/687 801/1887/1096 855/2006/973
f 978/2304/168 1045/2468/167 957/2261/653
f 384/891/467 363/839/810 355/826/468
f 424/986/689 384/890/467 395/914/469
f 384/890/467 424/986/689 389/900/1023
f 363/839/810 384/891/467 389/901/1023
f 874/2053/908 909/2146/1059 885/2086/909
f 917/2162/819 885/2086/909 909/2146/1059
f 43/83/700 190/447/1097 222/522/702
f 190/447/1097 272/634/824 222/522/702
f 222/522/702 338/793/914 381/883/701
f 211/493/916 272/634/824 190/447/1097
f 338/793/914 222/522/702 272/634/824
f 325/764/918 338/793/914 272/634/824
f 815/1917/705 873/2050/911 814/1914/704
f 887/2092/912 873/2051/911 815/1918/705
f 269/628/483 254/589/493 263/615/979
f 225/527/495 263/615/979 254/589/493
f 296/697/710 271/631/1062 285/668/195
f 312/737/197 296/698/710 285/669/195
f 296/698/710 323/758/975 317/745/709
f 212/495/712 205/478/497 225/527/495
f 881/2074/919 900/2124/1075 867/2036/833
f 867/2036/833 900/2124/1075 876/2062/714
f 900/2123/1075 916/2160/921 897/2117/715
f 900/2123/1075 919/2166/235 916/2160/921
f 288/679/825 198/466/706 249/576/915
f 781/1845/216 732/1736/218 794/1869/219
f 867/2037/833 789/1862/222 817/1922/221
f 867/2038/833 884/2082/716 897/2117/715
f 842/1976/506 794/1869/219 732/1736/218
f 919/2166/235 914/2155/1063 916/2160/921
f 929/2192/233 915/2159/923 926/2186/1030
f 931/2196/986 930/2195/718 928/2191/1098
f 931/2196/986 925/2181/987 930/2195/718
f 925/2182/987 932/2200/719 930/2194/718
f 520/1204/990 504/1166/988 535/1235/836
f 520/1204/990 494/1149/834 504/1166/988
f 1001/2366/532 999/2362/991 1005/2378/533
f 94/201/542 123/267/537 115/251/540
f 115/252/540 123/268/537 124/270/1032
f 87/185/1077 99/214/731 80/165/733
f 84/177/541 115/251/540 95/202/1078
f 40/78/544 68/135/536 9/15/729
f 191/451/934 321/752/547 328/773/548
f 277/648/739 241/559/545 245/567/935
f 451/1051/562 135/301/563 462/1078/995
f 472/1099/1036 482/1122/941 481/1120/560
f 472/1099/1036 476/1105/942 482/1122/941
f 15/26/256 129/282/996 166/391/566
f 186/438/4 83/175/3 37/71/266
f 946/2239/11 625/1473/6 892/2104/298
f 513/1191/573 489/1141/267 566/1312/997
f 489/1142/267 544/1254/268 566/1311/997
f 951/2249/297 980/2307/577 976/2301/277
f 980/2306/577 1009/2389/1088 987/2330/285
f 503/1165/32 564/1307/34 580/1348/30
f 163/375/35 534/1234/38 562/1302/40
f 536/1238/296 532/1231/41 534/1234/38
f 536/1238/296 522/1209/292 532/1231/41
f 678/1606/855 684/1620/78 693/1639/757
f 179/422/594 178/418/858 184/432/300
f 220/515/958 280/655/1089 303/718/595
f 316/744/859 303/718/595 280/655/1089
f 431/1003/605 444/1034/36 440/1022/1000
f 829/1947/70 865/2031/755 831/1954/754
f 1082/2542/59 1011/2392/582 1045/2468/167
f 224/525/763 319/747/761 223/523/959
f 745/1762/80 770/1819/764 784/1850/999
f 483/1127/53 649/1539/767 655/1558/1093
f 649/1539/767 704/1670/1065 655/1558/1093
f 745/1761/80 687/1625/79 685/1621/322
f 659/1565/766 704/1670/1065 649/1539/767
f 659/1566/766 774/1831/768 704/1671/1065
f 439/1019/1081 431/1004/605 351/820/606
f 439/1019/1081 459/1067/1005 431/1004/605
f 864/2027/591 843/1979/867 825/1940/866
f 772/1823/769 735/1740/771 747/1764/871
f 735/1741/771 742/1752/872 747/1765/871
f 723/1717/344 768/1812/772 750/1773/345
f 177/416/350 175/413/877 182/429/351
f 182/429/351 248/572/879 292/690/878
f 762/1802/112 652/1549/111 619/1454/82
f 807/1903/71 619/1456/82 652/1550/111
f 348/815/339 361/836/883 350/818/84
f 700/1660/358 731/1733/778 711/1687/346
f 329/774/774 165/387/368 342/803/875
f 351/819/606 342/803/875 393/910/363
f 181/427/780 176/415/876 177/417/350
f 375/865/882 408/943/361 399/923/1002
f 329/775/774 251/583/779 165/386/368
f 251/583/779 329/775/774 292/691/878
f 204/475/964 176/415/876 181/427/780
f 911/2148/117 918/2163/956 809/1906/1001
f 739/1748/104 686/1624/366 725/1722/114
f 1023/2418/123 1052/2480/393 1054/2484/1085
f 1054/2484/1085 1053/2483/122 1023/2418/123
f 1064/2504/969 1053/2483/122 1054/2484/1085
f 67/131/1070 64/125/650 74/154/796
f 1072/2519/402 1075/2525/786 1071/2518/785
f 1041/2460/394 1052/2481/393 1024/2419/790
f 1064/2505/969 1061/2498/392 1055/2485/887
f 958/2262/655 965/2277/630 959/2264/383
f 142/319/635 138/310/1095 139/312/1008
f 958/2262/655 959/2264/383 964/2275/891
f 1029/2432/658 1020/2410/660 1037/2451/659
f 1029/2432/658 1037/2451/659 1042/2463/637
f 59/113/648 47/89/643 50/94/894
f 59/114/648 64/125/650 56/108/889
f 56/108/889 47/90/643 59/114/648
f 150/340/645 141/317/391 152/349/787
f 150/340/645 143/320/134 141/317/391
f 967/2280/1010 961/2267/157 969/2284/144
f 950/2247/139 960/2266/155 956/2258/140
f 833/1959/661 640/1518/118 786/1856/814
f 640/1517/118 833/1960/661 922/2176/423
f 289/681/667 334/783/367 162/370/396
f 192/453/417 279/652/1012 260/605/419
f 192/453/417 239/553/1013 279/652/1012
f 668/1583/161 729/1731/162 657/1562/160
f 913/2152/408 893/2107/422 905/2136/409
f 903/2129/681 861/2018/678 902/2126/679
f 803/1890/677 878/2065/1099 861/2019/678
f 878/2066/1099 902/2127/679 861/2020/678
f 679/1610/682 744/1760/436 748/1768/435
f 755/1784/1017 788/1858/1091 780/1844/1019
f 793/1867/445 788/1858/1091 811/1908/451
f 622/1467/902 620/1461/662 616/1439/664
f 421/979/443 433/1008/181 442/1026/180
f 433/1008/181 421/979/443 424/986/689
f 283/665/457 208/485/441 174/411/178
f 406/940/192 409/945/806 411/950/808
f 358/832/464 392/909/193 411/951/808
f 883/2080/440 805/1900/813 893/2107/422
f 758/1792/1058 783/1849/447 787/1857/690
f 835/1963/907 803/1891/677 790/1863/905
f 835/1963/907 810/1907/692 803/1891/677
f 758/1791/1058 771/1822/818 690/1630/676
f 765/1806/673 758/1792/1058 691/1632/1022
f 790/1863/905 847/1986/463 839/1969/906
f 909/2146/1059 847/1987/463 910/2147/680
f 902/2127/679 909/2146/1059 910/2147/680
f 298/702/974 322/755/976 274/640/459
f 403/936/684 353/822/811 389/900/1023
f 781/1845/216 778/1840/815 642/1526/822
f 726/1725/217 781/1845/216 642/1526/822
f 234/545/499 263/616/979 225/528/495
f 832/1958/1026 884/2083/716 815/1918/705
f 461/1076/697 537/1239/477 530/1227/479
f 43/82/700 164/380/835 190/448/1097
f 164/380/835 211/494/916 190/448/1097
f 867/2038/833 857/2011/832 884/2082/716
f 249/577/915 164/381/835 325/765/918
f 325/766/918 164/382/835 338/794/914
f 920/2170/827 978/2304/168 957/2261/653
f 583/1355/225 553/1276/224 537/1239/477
f 914/2154/1063 924/2179/234 898/2119/1028
f 919/2166/235 924/2180/234 914/2155/1063
f 29/57/525 10/18/609 9/16/729
f 575/1333/519 593/1383/837 545/1257/517
f 517/1199/727 547/1263/925 542/1252/521
f 568/1316/726 514/1193/728 601/1406/238
f 975/2296/1076 972/2292/529 971/2289/531
f 975/2296/1076 999/2361/991 1001/2367/532
f 971/2289/531 999/2361/991 975/2296/1076
f 908/2143/245 975/2297/1076 983/2315/511
f 975/2298/1076 1001/2368/532 983/2316/511
f 321/753/547 460/1071/512 367/851/717
f 983/2317/511 970/2288/993 1084/2545/984
f 468/1092/1034 477/1107/1080 465/1086/243
f 465/1087/243 493/1147/550 466/1089/244
f 505/1168/249 460/1072/512 464/1084/250
f 78/161/255 70/139/505 135/301/563
f 324/762/554 331/780/556 311/736/557
f 527/1221/561 481/1120/560 490/1143/936
f 525/1215/1035 481/1120/560 482/1122/941
f 576/1338/842 525/1216/1035 482/1123/941
f 510/1182/254 478/1109/1079 471/1098/944
f 599/1399/841 605/1413/994 576/1339/842
f 487/1136/5 186/438/4 173/407/851
f 572/1327/9 602/1408/8 584/1357/263
f 499/1158/269 488/1139/945 500/1159/261
f 513/1191/573 566/1312/997 487/1137/5
f 110/237/273 105/227/272 96/208/1038
f 119/260/25 89/190/26 102/221/23
f 589/1371/44 483/1128/53 619/1456/82
f 589/1372/44 562/1303/40 594/1386/749
f 651/1546/49 706/1677/954 619/1455/82
f 587/1366/54 586/1365/52 555/1284/304
f 808/1905/66 819/1928/590 829/1948/70
f 865/2032/755 829/1948/70 819/1928/590
f 819/1928/590 875/2057/62 865/2032/755
f 582/1353/311 591/1379/314 561/1299/312
f 552/1274/306 591/1379/314 582/1353/311
f 722/1710/1041 743/1755/56 717/1699/58
f 743/1757/56 776/1834/323 759/1794/57
f 316/744/859 224/525/763 303/718/595
f 178/418/858 223/524/959 203/474/307
f 319/747/761 224/525/763 316/744/859
f 717/1700/58 720/1707/316 722/1713/1041
f 722/1711/1041 757/1788/1042 743/1756/56
f 669/1584/317 638/1508/319 655/1560/1093
f 704/1672/1065 669/1585/317 655/1559/1093
f 669/1585/317 704/1672/1065 738/1747/320
f 699/1658/68 701/1662/315 717/1700/58
f 736/1743/321 741/1751/597 685/1622/322
f 741/1751/597 745/1762/80 685/1622/322
f 918/2163/956 1022/2416/602 1011/2392/582
f 1031/2438/869 1011/2392/582 1022/2416/602
f 1025/2422/603 1038/2452/1068 1039/2455/604
f 1038/2453/1068 1036/2449/868 1050/2476/1090
f 1050/2476/1090 1036/2449/868 1048/2473/1043
f 1060/2496/1067 1050/2476/1090 1048/2473/1043
f 1060/2496/1067 1057/2489/1100 1050/2476/1090
f 434/1011/1048 439/1019/1081 351/820/606
f 459/1067/1005 444/1035/36 431/1004/605
f 742/1753/872 735/1742/771 740/1750/873
f 438/1016/332 456/1060/1003 430/1002/615
f 708/1681/343 700/1660/358 711/1687/346
f 768/1813/772 731/1734/778 750/1774/345
f 386/895/355 408/944/361 352/821/356
f 352/821/356 408/944/361 375/866/882
f 448/1043/1083 452/1053/362 418/971/364
f 445/1037/1094 448/1042/1083 412/953/965
f 412/954/965 418/970/364 393/911/363
f 412/955/965 448/1043/1083 418/971/364
f 60/116/1071 53/100/890 61/120/885
f 60/116/1071 41/80/642 38/73/374
f 38/73/374 53/100/890 60/116/1071
f 56/109/889 67/132/1070 53/101/890
f 949/2246/378 939/2218/382 948/2245/379
f 1063/2502/639 1073/2521/153 1077/2530/152
f 1017/2404/789 1028/2430/121 1030/2435/781
f 1030/2436/781 1028/2431/121 1040/2458/788
f 130/286/966 136/303/127 139/313/1008
f 144/322/792 153/350/791 157/357/126
f 941/2223/386 940/2221/395 938/2217/381
f 138/311/1095 130/286/966 139/313/1008
f 953/2252/652 943/2231/895 940/2221/395
f 958/2262/655 943/2230/895 953/2253/652
f 291/688/421 289/682/667 240/557/418
f 654/1555/665 620/1462/662 627/1478/805
f 442/1026/180 435/1012/182 432/1007/415
f 634/1496/1052 627/1479/805 643/1527/158
f 746/1763/672 751/1775/804 707/1679/163
f 376/867/669 396/915/454 425/987/1086
f 441/1024/453 453/1055/698 457/1061/801
f 425/988/1086 441/1024/453 436/1013/448
f 837/1966/424 840/1972/438 826/1941/432
f 836/1964/462 826/1941/432 840/1972/438
f 891/2100/434 895/2111/455 913/2152/408
f 662/1572/190 622/1468/902 679/1611/682
f 349/816/807 344/806/465 358/833/464
f 380/882/1020 349/817/807 402/934/685
f 402/934/685 349/817/807 409/946/806
f 878/2066/1099 863/2025/691 902/2127/679
f 773/1827/1101 705/1673/1018 690/1630/676
f 162/370/396 43/83/700 218/510/903
f 691/1632/1022 715/1696/1021 765/1806/673
f 855/2007/973 801/1888/1096 852/2001/185
f 872/2048/688 855/2007/973 852/2001/185
f 683/1619/816 622/1469/902 642/1526/822
f 771/1821/818 758/1792/1058 787/1857/690
f 340/799/696 381/883/701 427/992/695
f 427/992/695 381/883/701 461/1077/697
f 333/782/458 330/777/474 213/497/699
f 207/483/487 276/645/489 250/580/910
f 312/737/197 323/758/975 296/698/710
f 546/1260/478 571/1324/1060 600/1402/226
f 644/1529/202 663/1573/823 626/1475/203
f 663/1573/823 636/1501/207 647/1537/1025
f 636/1501/207 663/1573/823 644/1529/202
f 647/1535/1025 680/1613/215 677/1604/214
f 677/1603/214 688/1628/213 726/1724/217
f 900/2124/1075 881/2074/919 889/2095/924
f 455/1058/982 381/884/701 378/875/913
f 198/466/706 193/455/481 196/463/917
f 256/594/498 313/738/227 310/733/983
f 304/721/230 337/791/231 310/734/983
f 205/478/497 267/624/711 256/595/498
f 256/595/498 267/624/711 313/739/227
f 313/739/227 267/624/711 326/768/228
f 326/767/228 341/800/500 337/792/231
f 856/2008/507 842/1977/506 904/2131/826
f 732/1735/218 920/2169/827 904/2132/826
f 862/2021/1092 822/1935/508 856/2009/507
f 904/2133/826 862/2021/1092 856/2009/507
f 888/2093/831 862/2022/1092 904/2134/826
f 897/2118/715 899/2121/920 881/2075/919
f 924/2179/234 931/2196/986 928/2191/1098
f 931/2197/986 924/2180/234 934/2203/985
f 367/850/717 548/1265/725 559/1294/515
f 519/1203/516 559/1294/515 548/1265/725
f 504/1166/988 494/1149/834 496/1153/518
f 494/1149/834 523/1211/520 496/1153/518
f 908/2144/245 983/2318/511 732/1736/218
f 123/268/537 113/247/524 126/274/1031
f 971/2290/531 973/2293/530 977/2303/933
f 167/395/528 321/753/547 367/851/717
f 95/203/1078 99/215/731 87/186/1077
f 990/2336/932 996/2355/239 1002/2370/1033
f 1003/2373/543 1002/2370/1033 996/2355/239
f 1002/2371/1033 1003/2374/543 1008/2386/241
f 1012/2394/930 1008/2386/241 988/2332/240
f 471/1098/944 478/1109/1079 469/1094/939
f 474/1101/1087 472/1099/1036 515/1195/559
f 531/1229/845 474/1101/1087 515/1195/559
f 1019/2408/1064 631/1490/742 935/2205/722
f 631/1490/742 129/283/996 451/1052/562
f 1086/2551/13 180/425/257 754/1782/259
f 17/31/264 44/84/2 8/13/28
f 8/13/28 3/6/27 17/31/264
f 982/2312/280 998/2360/14 1006/2381/20
f 982/2313/280 981/2309/17 998/2359/14
f 1006/2381/20 998/2360/14 1013/2396/16
f 951/2249/297 976/2301/277 984/2322/279
f 984/2323/279 991/2341/281 1009/2388/1088
f 987/2330/285 1009/2389/1088 991/2342/281
f 980/2306/577 995/2353/578 1009/2389/1088
f 987/2331/285 974/2295/278 980/2307/577
f 497/1154/953 540/1246/1039 492/1146/33
f 533/1233/854 580/1348/30 597/1393/750
f 619/1456/82 918/2163/956 1011/2392/582
f 709/1683/856 749/1771/587 670/1586/586
f 651/1547/49 638/1508/319 650/1542/50
f 830/1951/588 882/2077/592 858/2012/589
f 812/1911/67 808/1905/66 829/1948/70
f 638/1508/319 656/1561/318 646/1534/585
f 178/418/858 188/444/596 224/526/763
f 728/1728/960 716/1698/861 710/1686/961
f 716/1697/861 728/1729/960 718/1703/862
f 766/1807/864 718/1703/862 728/1729/960
f 1039/2455/604 1057/2488/1100 1058/2491/1066
f 1057/2488/1100 1039/2455/604 1050/2477/1090
f 1058/2492/1066 1057/2489/1100 1060/2496/1067
f 843/1979/867 882/2078/592 827/1943/600
f 368/853/340 366/846/342 417/968/607
f 366/847/342 413/958/617 417/969/607
f 429/999/329 420/976/331 422/982/330
f 176/415/876 202/472/348 175/414/877
f 301/709/880 248/573/879 295/696/613
f 209/487/353 197/465/347 202/472/348
f 648/1538/101 667/1581/359 665/1577/97
f 72/147/352 11/19/610 20/39/651
f 39/75/793 36/69/1051 49/93/794
f 49/93/794 36/69/1051 62/122/884
f 22/42/146 26/49/390 31/60/1050
f 26/50/390 36/69/1051 31/59/1050
f 1063/2503/639 1059/2494/892 1046/2469/640
f 1067/2510/644 1066/2508/968 1052/2481/393
f 964/2276/891 954/2254/143 969/2285/144
f 45/86/388 57/110/151 58/112/138
f 23/43/1009 28/53/641 46/87/632
f 23/44/1009 46/88/632 33/63/633
f 943/2231/895 944/2233/156 939/2219/382
f 880/2073/425 913/2153/408 859/2015/407
f 906/2139/433 870/2045/166 871/2046/899
f 906/2140/433 871/2047/899 903/2129/681
f 826/1941/432 816/1920/165 838/1968/164
f 852/1999/185 811/1908/451 788/1858/1091
f 852/2000/185 788/1859/1091 797/1877/183
f 797/1877/183 788/1859/1091 755/1785/1017
f 811/1909/451 852/2001/185 801/1888/1096
f 790/1863/905 816/1920/165 821/1932/461
f 773/1827/1101 782/1846/1055 705/1673/1018
f 771/1821/818 782/1847/1055 773/1826/1101
f 782/1847/1055 771/1821/818 791/1864/446
f 14/23/81 1/2/46 4/7/48
f 353/823/811 363/839/810 389/901/1023
f 847/1987/463 874/2053/908 839/1970/906
f 874/2053/908 847/1987/463 909/2146/1059
f 887/2092/912 815/1918/705 884/2083/716
f 12/21/232 1/2/46 14/23/81
f 341/800/500 314/740/501 337/792/231
f 341/801/500 326/768/228 267/624/711
f 898/2119/1028 889/2096/924 881/2075/919
f 898/2119/1028 881/2075/919 899/2121/920
f 901/2125/922 889/2096/924 898/2119/1028
f 983/2318/511 1084/2546/984 978/2304/168
f 997/2357/931 1005/2378/533 999/2362/991
f 115/252/540 124/270/1032 95/203/1078
f 99/215/731 95/203/1078 124/270/1032
f 90/193/730 84/177/541 80/166/733
f 1005/2378/533 988/2332/240 992/2344/534
f 988/2332/240 1005/2378/533 1012/2394/930
f 988/2333/240 996/2355/239 990/2336/932
f 477/1107/1080 563/1304/938 493/1148/550
f 851/1997/288 467/1090/290 621/1463/744
f 81/170/583 106/230/949 79/163/270
f 132/291/948 114/250/1037 128/280/283
f 106/230/949 114/249/1037 79/163/270
f 128/280/283 114/250/1037 106/231/949
f 89/191/26 119/261/25 108/233/853
f 112/243/950 117/256/22 107/232/575
f 121/264/282 117/256/22 112/243/950
f 121/265/282 122/266/284 117/257/22
f 116/255/271 132/292/948 81/170/583
f 590/1376/287 532/1232/41 585/1360/43
f 163/376/35 562/1303/40 589/1372/44
f 565/1309/581 573/1328/952 597/1394/750
f 565/1309/581 612/1427/580 540/1247/1039
f 573/1329/952 524/1212/291 522/1209/292
f 179/423/594 184/433/300 220/516/958
f 184/434/300 280/656/1089 220/517/958
f 184/435/300 265/620/299 280/657/1089
f 670/1587/586 646/1534/585 678/1606/855
f 749/1772/587 709/1684/856 770/1820/764
f 651/1547/49 655/1560/1093 638/1508/319
f 687/1625/79 684/1620/78 678/1606/855
f 552/1275/306 541/1249/303 567/1314/310
f 203/474/307 223/524/959 227/532/313
f 764/1805/998 757/1789/1042 722/1712/1041
f 710/1686/961 696/1649/863 722/1713/1041
f 710/1686/961 716/1698/861 696/1649/863
f 757/1790/1042 776/1834/323 743/1757/56
f 768/1814/772 772/1824/769 775/1833/870
f 747/1765/871 775/1832/870 772/1825/769
f 404/937/776 382/886/1082 401/929/612
f 364/842/85 401/930/612 382/887/1082
f 348/815/339 357/830/341 352/821/356
f 760/1795/874 742/1753/872 740/1750/873
f 760/1796/874 775/1833/870 742/1754/872
f 374/864/619 361/837/883 404/937/776
f 350/818/84 374/863/619 379/879/92
f 374/864/619 404/937/776 426/989/105
f 295/696/613 282/662/338 204/476/964
f 452/1053/362 454/1056/1084 438/1017/332
f 739/1748/104 730/1732/106 681/1615/620
f 681/1615/620 629/1486/113 686/1624/366
f 157/358/126 159/361/125 151/343/128
f 1076/2527/797 1078/2534/784 1066/2509/968
f 162/370/396 334/783/367 165/387/368
f 22/42/146 19/34/375 18/32/147
f 22/42/146 31/60/1050 19/34/375
f 948/2244/379 939/2219/382 952/2250/141
f 948/2245/379 952/2251/141 954/2254/143
f 33/63/633 35/67/377 27/51/148
f 42/81/150 27/51/148 35/67/377
f 156/356/647 150/341/645 158/359/646
f 1056/2487/406 1065/2507/638 1049/2475/893
f 1046/2470/640 1043/2465/404 1029/2433/658
f 57/110/151 45/86/388 48/91/403
f 640/1518/118 920/2170/827 957/2261/653
f 654/1556/665 719/1704/970 748/1769/435
f 634/1495/1052 719/1705/970 654/1557/665
f 634/1496/1052 643/1527/158 657/1563/160
f 307/727/430 286/671/803 253/588/428
f 373/861/431 365/844/175 385/893/411
f 385/893/411 365/844/175 414/960/1011
f 238/552/1053 239/554/1013 247/570/1016
f 279/653/1012 297/699/802 260/606/419
f 286/672/803 297/700/802 279/654/1012
f 387/897/410 390/903/450 373/862/431
f 390/903/450 407/942/671 425/987/1086
f 387/897/410 407/942/671 390/903/450
f 174/412/178 208/486/441 195/461/172
f 243/564/1015 287/675/420 201/470/1014
f 201/470/1014 287/675/420 297/700/802
f 297/700/802 247/571/1016 201/470/1014
f 664/1575/159 643/1527/158 661/1570/189
f 705/1673/1018 668/1582/161 690/1630/676
f 668/1583/161 705/1674/1018 721/1708/427
f 457/1062/801 453/1054/698 447/1041/119
f 461/1077/697 447/1041/119 453/1054/698
f 425/988/1086 396/916/454 441/1024/453
f 427/993/695 453/1055/698 441/1024/453
f 863/2026/691 878/2067/1099 803/1892/677
f 340/798/696 345/809/452 339/797/904
f 376/868/669 345/810/452 396/917/454
f 769/1817/437 778/1840/815 786/1856/814
f 890/2099/817 922/2177/423 893/2108/422
f 847/1987/463 891/2100/434 910/2147/680
f 690/1630/676 771/1822/818 773/1827/1101
f 43/83/700 222/522/702 340/799/696
f 275/644/977 298/703/974 273/636/978
f 778/1840/815 781/1845/216 799/1884/220
f 663/1574/823 726/1725/217 642/1526/822
f 677/1604/214 663/1574/823 647/1535/1025
f 726/1725/217 663/1574/823 677/1604/214
f 680/1614/215 647/1536/1025 671/1591/504
f 633/1494/1027 647/1537/1025 636/1501/207
f 276/646/489 217/507/707 317/745/709
f 834/1961/828 824/1938/199 804/1894/829
f 853/2002/830 888/2093/831 1090/2560/484
f 617/1446/513 688/1627/213 637/1502/1061
f 617/1447/513 732/1736/218 726/1725/217
f 553/1277/224 600/1403/226 571/1325/1060
f 626/1476/203 637/1503/1061 628/1482/204
f 628/1483/204 637/1504/1061 641/1521/1102
f 628/1484/206 641/1522/1103 645/1531/211
f 637/1505/1061 666/1580/212 641/1522/1102
f 637/1506/1061 688/1628/213 666/1579/212
f 666/1580/212 645/1531/211 641/1522/1103
f 633/1494/1027 636/1501/207 628/1484/206
f 645/1531/211 633/1494/1027 628/1484/206
f 933/2202/720 929/2193/233 926/2187/1030
f 813/1912/472 462/1078/995 343/804/289
f 924/2179/234 921/2173/1029 898/2119/1028
f 924/2179/234 928/2191/1098 921/2173/1029
f 924/2180/234 929/2193/233 934/2203/985
f 928/2191/1098 927/2190/721 921/2173/1029
f 933/2202/720 934/2203/985 929/2193/233
f 930/2195/718 927/2190/721 928/2191/1098
f 520/1205/990 535/1236/836 593/1384/837
f 575/1334/519 520/1205/990 593/1384/837
f 9/16/729 68/136/536 29/57/525
f 113/248/524 109/235/928 126/275/1031
f 92/197/535 82/173/526 68/137/536
f 92/197/535 101/219/929 82/173/526
f 908/2145/245 985/2326/539 975/2299/1076
f 990/2336/932 977/2303/933 988/2333/240
f 990/2337/932 1002/2372/1033 997/2358/931
f 526/1219/736 460/1073/512 506/1172/839
f 305/724/992 278/651/546 241/560/545
f 480/1118/940 516/1197/551 512/1189/844
f 474/1101/1087 476/1105/942 472/1099/1036
f 474/1101/1087 495/1151/847 476/1105/942
f 476/1105/942 495/1151/847 473/1100/943
f 1015/2398/735 1019/2408/1064 935/2205/722
f 270/630/674 307/728/430 281/661/171
f 1025/2422/603 1018/2406/1044 1034/2444/1069
f 1034/2445/1069 1018/2407/1044 1031/2439/869
f 281/661/171 307/728/430 262/614/169
f 216/505/354 209/488/353 252/584/333
f 853/2003/830 1090/2561/484 834/1962/828
