# Blender 3.3.1
# www.blender.org
mtllib untitled.mtl
o Cylinder2_cut5
v -0.643103 0.416366 0.001477
v -0.635675 0.389105 0.148254
v -0.635810 0.311385 0.274677
v -0.635810 0.195198 0.359108
v -0.635810 0.057282 0.389188
v -0.624770 -0.076210 0.361817
v -0.624770 -0.274783 0.146472
v -0.635810 -0.299644 0.000861
v -0.379434 0.390200 0.147068
v -0.379570 0.312863 0.267395
v -0.379570 0.196443 0.349477
v -0.379570 0.058244 0.378231
v -0.390450 -0.075737 0.352702
v -0.390450 -0.274637 0.142768
v -0.379570 -0.299390 0.000861
v -0.871441 0.372966 0.149308
v -0.871441 0.400752 0.000861
v -0.871968 -0.297269 0.000861
v -0.870094 -0.271038 0.150635
v -0.860040 -0.082317 0.357995
v -0.850632 0.051255 0.390912
v -0.850347 0.186383 0.357667
v -0.855774 0.298504 0.274848
v -1.078943 0.350860 0.145479
v -1.078943 0.378673 0.000860
v -1.078703 -0.290576 0.000861
v -1.080373 -0.266752 0.145165
v -1.082103 -0.195874 0.261664
v -1.081110 0.278530 0.266324
v -1.256010 0.324731 0.132512
v -1.256010 0.349511 0.000860
v -1.254645 -0.271883 0.000861
v -1.265853 -0.246591 0.131696
v -1.270183 -0.180100 0.239319
v -1.274203 -0.080195 0.311476
v -1.274741 0.038224 0.337847
v -1.273431 0.156246 0.312318
v -1.269101 0.255765 0.241334
v -1.414303 0.293356 0.117475
v -1.414303 0.314871 0.000860
v -1.410299 -0.252315 0.000860
v -1.412483 -0.227897 0.118214
v -1.416201 -0.076026 0.281745
v -1.415063 0.032106 0.306151
v -1.415063 0.140273 0.282934
v -1.414303 0.232084 0.216820
v -1.563637 0.251189 0.100853
v -1.563637 0.269982 0.000860
v -1.565722 -0.229418 0.000860
v -1.561495 -0.212598 0.100243
v -1.563967 -0.069446 0.242523
v -1.562287 0.020492 0.266887
v -1.562227 0.120469 0.246186
v -1.563637 0.197191 0.186425
v -1.705574 0.207892 0.080601
v -1.705574 0.223142 0.000860
v -1.706591 -0.095208 0.149672
v -1.705873 -0.041768 0.193530
v -1.709233 0.022216 0.211309
v -1.708849 0.102062 0.195027
v -1.705574 0.162872 0.149020
v -1.835423 0.160278 0.060400
v -1.835423 0.170497 0.000860
v -1.840425 -0.085811 0.000860
v -1.836785 -0.080955 0.060017
v -1.834826 -0.055585 0.111204
v -1.835714 -0.013229 0.145355
v -1.834418 0.087673 0.146015
v -1.835423 0.131034 0.111406
v -1.966118 0.109693 0.031363
v -1.966113 0.115328 0.000860
v -1.966029 -0.034894 0.000860
v -1.966138 -0.029573 0.031342
v -1.966159 -0.013194 0.057718
v -1.964722 0.011746 0.076291
v -1.964103 0.040658 0.082644
v -1.964557 0.069335 0.076386
v -1.966131 0.094128 0.057747
v -0.143370 0.382978 0.141426
v -0.143370 0.307224 0.254387
v -0.143370 0.192745 0.332455
v -0.143370 0.056837 0.359773
v -0.132797 -0.078521 0.331487
v -0.127387 -0.191758 0.253957
v -0.132797 -0.267711 0.138912
v -0.143370 -0.294812 0.000861
v 0.083617 0.349505 0.129536
v 0.083617 0.279174 0.232385
v 0.083617 0.172796 0.303637
v 0.083617 0.047314 0.328669
v 0.083617 -0.078168 0.303664
v 0.083617 -0.184547 0.232423
v 0.083617 -0.255627 0.125897
v 0.083617 -0.280587 0.000861
v 0.273409 0.302107 0.114011
v 0.274195 0.239292 0.205925
v 0.274195 0.144813 0.269054
v 0.274195 0.033367 0.291222
v 0.275193 -0.078394 0.268622
v 0.275387 -0.172567 0.205891
v 0.275193 -0.235290 0.111833
v 0.274195 -0.257855 0.000861
v 0.461657 0.278132 0.000861
v 0.460574 0.259038 0.095999
v 0.461359 0.203825 0.177724
v 0.461359 0.121565 0.232207
v 0.461359 0.024532 0.251339
v 0.462357 -0.071793 0.232450
v 0.462357 -0.209377 0.095548
v 0.461359 -0.228306 0.000861
v 0.660591 0.226390 0.000861
v 0.660391 0.209974 0.076328
v 0.659332 0.163473 0.141286
v 0.659332 0.093474 0.184599
v 0.659332 0.010905 0.199808
v 0.658262 -0.071015 0.185296
v 0.659315 -0.185157 0.075721
v 0.660554 -0.200426 0.000861
v 0.853529 0.157265 0.057733
v 0.852470 0.121061 0.104507
v 0.852470 0.066010 0.136545
v 0.852470 0.001071 0.147795
v 0.851399 -0.064260 0.136594
v 0.851126 -0.119095 0.104829
v 0.852453 -0.154609 0.058158
v 1.014448 0.118580 0.039755
v 1.015030 0.090821 0.070903
v 1.015030 0.049038 0.092639
v 1.015030 -0.000249 0.100271
v 1.015030 -0.049535 0.092639
v 1.015030 -0.091318 0.070903
v 1.014448 -0.119077 0.039755
v 1.143722 0.093113 0.000861
v 1.143444 0.086091 0.027175
v 1.144026 0.065694 0.050064
v 1.144026 0.035439 0.065412
v 1.144026 -0.000249 0.070801
v 1.144026 -0.035936 0.065412
v 1.144026 -0.066191 0.050064
v 1.143444 -0.086588 0.027175
v 1.143722 -0.093610 0.000862
v 1.279706 0.071080 0.000862
v 1.279706 0.065066 0.015756
v 1.279706 0.049360 0.028916
v 1.279706 0.026015 0.037780
v 1.279706 -0.001522 0.040893
v 1.279706 -0.029059 0.037780
v 1.279706 -0.052404 0.028916
v 1.279706 -0.068281 0.015756
v 1.279706 -0.075147 0.000862
v 1.381537 0.110868 0.000862
v 1.381537 0.098505 0.009750
v 1.381537 0.072579 0.017817
v 1.381537 0.034825 0.023279
v 1.381537 -0.009708 0.025197
v 1.381537 -0.054241 0.023279
v 1.381537 -0.091994 0.017817
v 1.381537 -0.119034 0.009750
v 1.381537 -0.136961 0.000862
v 1.557238 0.293520 0.000862
v 1.557238 0.269461 0.009013
v 1.557238 0.201705 0.016455
v 1.557238 0.100385 0.021301
v 1.557238 -0.019130 0.022079
v 1.557238 -0.138645 0.021301
v 1.557238 -0.239964 0.016455
v 1.557238 -0.307812 0.009013
v 1.557238 -0.332323 0.000862
v 1.466444 -0.240492 0.000862
v 1.466444 -0.218028 0.009013
v 1.466444 -0.169453 0.016455
v 1.466444 -0.098497 0.021499
v 1.466444 -0.014798 0.023271
v 1.466444 0.068901 0.021499
v 1.466444 0.139858 0.016455
v 1.466444 0.187719 0.009013
v 1.466444 0.206615 0.000862
v 1.695788 0.393916 0.000862
v 1.695788 0.363251 0.009013
v 1.695788 0.275925 0.016226
v 1.694643 0.146408 0.018671
v 1.692880 -0.017674 0.011627
v 1.683025 -0.182024 0.018369
v 1.684827 -0.311153 0.015387
v 1.685034 -0.398352 0.008877
v 1.685034 -0.429017 0.000862
v 1.717440 -0.117614 0.006342
v 1.746063 -0.225176 0.006501
v 1.758331 -0.341771 0.008363
v 1.764103 -0.431256 0.007263
v 1.763863 -0.461003 0.000882
v 1.768396 -0.289818 0.004141
v 1.788742 -0.332589 0.003636
v 1.828760 -0.432236 0.001000
v 1.810188 -0.384535 0.002951
v 1.847086 0.499560 0.000862
v 1.847073 0.467882 0.008841
v 1.846508 0.378889 0.013820
v 1.840499 0.255516 0.008288
v 1.772742 0.141996 0.006805
v 1.931473 0.391477 0.005843
v 1.971139 0.581054 0.000862
v 1.971059 0.548778 0.007813
v 1.972370 0.468189 0.006429
v 2.030783 0.507954 0.005250
v 2.030798 0.612631 0.000862
v 2.030779 0.580951 0.006974
v 2.081748 0.593960 0.003157
v 2.088480 0.629756 0.000862
v 2.081727 0.617536 0.003398
v -0.358061 0.422506 0.040549
v -0.472883 0.427608 0.004781
v -0.142050 0.413159 0.043312
v 0.079111 0.379324 0.041644
v 0.247846 0.335745 0.035810
v 0.301244 0.326558 0.000861
v -0.196788 0.590352 0.012804
v -0.090519 0.586688 0.014476
v 0.029285 0.567719 0.014468
v 0.107756 0.546294 0.012783
v 0.120949 0.543029 0.000861
v -0.246222 0.591044 0.000861
v -0.042977 0.670011 0.009620
v 0.043061 0.656428 0.009614
v 0.097668 0.641806 0.008519
v -0.119308 0.672871 0.008533
v 0.022206 0.750893 0.004584
v 0.068980 0.743563 0.004581
v 0.096945 0.733506 0.004134
v -0.030034 0.749808 0.004141
v 0.074253 0.816488 0.000861
v 0.096266 0.812300 0.000861
v 0.027361 0.800213 0.000861
v -0.248737 0.520246 0.016152
v -0.299614 0.464488 0.020866
v -0.113623 0.516549 0.018388
v -0.131737 0.450634 0.024710
v 0.030610 0.494503 0.018246
v 0.049670 0.427465 0.023869
v 0.129975 0.466175 0.016027
v 0.173000 0.400681 0.020111
v 0.149122 0.461226 0.000861
v 0.199134 0.396998 0.000861
v -0.321279 0.521394 0.000861
v -0.382202 0.469226 0.001521
v -0.756535 -0.264992 0.169514
v -0.756535 -0.099203 0.351140
v -0.260112 -0.096543 0.334878
v -0.260112 -0.263812 0.161558
v -0.610738 -0.170862 0.328324
v -0.610738 -0.232178 0.265374
v -0.387785 -0.232161 0.259912
v -0.387785 -0.170356 0.321801
v -0.734804 -0.175099 0.325628
v -0.775940 -0.206473 0.300087
v -0.734804 -0.230065 0.268598
v -0.265087 -0.228850 0.258543
v -0.224380 -0.204083 0.287615
v -0.265087 -0.172891 0.313703
v -0.533520 -0.244842 0.455320
v -0.533520 -0.271153 0.449299
v -0.340228 -0.270645 0.448466
v -0.340228 -0.244001 0.454420
v -0.630317 -0.247326 0.454985
v -0.630317 -0.270245 0.449697
v -0.244937 -0.268450 0.448180
v -0.244937 -0.244946 0.453350
v -0.225011 -0.257485 0.450882
v -0.650651 -0.259963 0.452619
v -0.397444 -0.293535 0.604869
v -0.397444 -0.312370 0.604869
v -0.247396 -0.311897 0.609955
v -0.247396 -0.292822 0.609955
v -0.474367 -0.295352 0.598770
v -0.474367 -0.311760 0.598770
v -0.179748 -0.310250 0.604869
v -0.179748 -0.293423 0.604869
v -0.170009 -0.302263 0.599646
v -0.489198 -0.304269 0.597894
v -0.171823 -0.333959 0.803639
v -0.171823 -0.343565 0.803639
v -0.071343 -0.343233 0.839240
v -0.071343 -0.333505 0.839240
v -0.243052 -0.334972 0.760949
v -0.243052 -0.343340 0.760949
v -0.056821 -0.342307 0.804223
v -0.056821 -0.333726 0.804223
v -0.082905 -0.334239 0.756350
v -0.282729 -0.335628 0.736622
v -0.061004 0.748838 0.000861
v -0.157949 0.673105 0.000861
v 0.100470 0.731273 0.000861
v 0.105194 0.639684 0.000861
v 2.088493 0.604113 0.000862
v 1.707327 -0.011009 0.000862
v 1.716969 -0.113955 0.000862
v 1.775658 0.149399 0.000862
v 1.852863 0.258233 0.000862
v 1.938275 0.399371 0.000862
v 1.983002 0.465990 0.000862
v 2.030784 0.496460 0.000862
v 1.748242 -0.217601 0.000862
v 1.767689 -0.291626 0.000862
v 1.810753 -0.384458 0.000882
v 1.791602 -0.329662 0.000862
v -1.603607 0.098055 0.246152
v -1.668511 0.092102 0.222156
v -1.668582 0.036286 0.233780
v -1.679638 0.063343 0.224278
v -1.635820 0.024400 0.247978
v -1.635800 0.107992 0.231104
v -1.604933 0.068209 0.249392
v -1.613622 0.089530 0.241490
v -1.634885 0.097203 0.231686
v -1.664794 0.063695 0.227372
v -1.634730 0.034886 0.244970
v -1.613561 0.045740 0.250785
v -1.603777 0.064634 0.228301
v -1.611078 0.082515 0.221661
v -1.629022 0.088704 0.213684
v -1.646606 0.079926 0.208851
v -1.653645 0.060806 0.210330
v -1.646607 0.042740 0.216736
v -1.629023 0.036687 0.224714
v -1.611079 0.045598 0.229489
v -1.635773 0.031043 0.251549
v -1.670314 0.063908 0.231668
v -1.635831 0.102000 0.236553
v -1.611334 0.093154 0.248401
v -1.560040 0.070686 0.260386
v -1.712586 0.061556 0.206826
v -1.635802 0.011343 0.242177
v -1.635925 0.118772 0.222611
v -1.435087 -0.162770 0.215898
v -1.377148 -0.172029 0.224639
v -1.420891 -0.169806 0.215172
v -1.594978 -0.141449 0.175563
v -1.564750 -0.174940 0.174436
v -1.754014 -0.108738 0.000860
v -1.730800 -0.182004 0.000860
v -1.693631 -0.120387 0.104996
v -1.726351 -0.113719 0.071251
v -1.690698 -0.181280 0.083280
v -0.899569 -0.168903 0.000861
v -0.915631 -0.171209 0.094058
v -0.993915 -0.169187 0.171999
v -0.992041 -0.157991 0.184015
v -0.972986 -0.122701 0.143898
v -0.935462 -0.120842 0.000861
v 0.106447 0.792300 0.000861
v -1.702304 -0.184036 0.000860
v -1.668293 -0.183683 0.070746
v -1.551399 -0.177531 0.155223
v -1.402544 -0.175360 0.187059
v -1.226697 -0.180183 0.150800
v -1.025946 -0.186230 0.080498
v -0.996135 -0.193601 0.000861
v -1.252473 -0.153511 0.189843
v -1.490789 -0.227887 0.000861
v -1.507730 -0.223399 0.045796
v -1.449690 -0.221553 0.086974
v -1.375312 -0.221063 0.103373
v -1.305779 -0.223786 0.087951
v -1.239529 -0.228552 0.051501
v -1.275581 -0.236332 0.000861
v -1.548458 -0.136756 0.175994
v -1.563801 -0.135437 0.166616
v -1.678151 -0.115698 0.088903
v -1.694226 -0.111299 0.071234
v -1.730560 -0.105253 0.000860
v -1.257511 -0.091435 0.159758
v -1.403530 -0.154273 0.198461
v -1.442120 -0.080243 0.126783
v -1.476428 -0.075187 0.111159
v -1.527095 -0.065422 0.074588
v -1.550504 -0.060122 0.049470
v -1.528468 -0.052586 0.000861
v -1.249983 -0.066372 0.000861
v -1.371040 -0.088383 0.142754
v -0.956270 -0.082662 0.353247
v -1.039515 -0.083982 0.347910
v -0.959418 0.047974 0.385616
v -1.042690 0.044638 0.379708
v -0.957773 0.179942 0.352341
v -1.041055 0.174570 0.347091
v -1.116989 -0.083562 0.339392
v -1.186794 -0.081351 0.327795
v -1.119338 0.042163 0.369584
v -1.189399 0.040520 0.355426
v -1.117738 0.169109 0.338690
v -1.187824 0.163553 0.327137
v -0.884530 -0.172060 0.298949
v -1.080805 -0.085572 0.343513
v -1.070843 -0.085647 0.344834
v -1.092946 0.042808 0.375160
v -1.083061 0.043009 0.377013
v -1.082531 0.141619 0.359055
v -0.965207 -0.172030 0.294655
v -1.048503 -0.171931 0.290105
v -0.904596 -0.083036 0.355461
v -0.914665 -0.083234 0.354812
v -0.987500 -0.084344 0.350162
v -0.997569 -0.084542 0.349513
v -0.916597 0.049678 0.388829
v -0.926679 0.049310 0.388060
v -0.999829 0.046343 0.382921
v -1.009911 0.045975 0.382152
v -0.916034 0.151382 0.370235
v -0.999298 0.146490 0.364729
v -1.123612 -0.169219 0.282599
v -1.195934 -0.164154 0.272840
v -1.141912 -0.083887 0.333886
v -1.151825 -0.083662 0.332224
v -1.212468 -0.081589 0.322230
v -1.222382 -0.081363 0.320568
v -1.153087 0.041315 0.363232
v -1.162932 0.041174 0.361043
v -1.223066 0.039675 0.349069
v -1.232913 0.039533 0.346886
v -1.152611 0.137011 0.346978
v -1.222655 0.132373 0.334610
v -0.922890 0.276056 0.291243
v -0.960271 0.273040 0.289284
v -0.996922 0.270073 0.287371
v -1.034302 0.267057 0.285411
v -1.123771 0.258065 0.277710
v -1.154561 0.254462 0.273579
v -1.186071 0.250799 0.269322
v -1.216861 0.247194 0.265182
v -0.956133 -0.260653 0.170991
v -1.022902 -0.259557 0.168786
v -1.127875 -0.253602 0.163705
v -1.185155 -0.247553 0.158941
v -1.011973 0.030539 0.341858
v -1.013680 0.084106 0.333669
v -1.020293 0.030333 0.341236
v -1.008912 -0.050627 0.313689
v -0.986738 -0.098323 0.276424
v -1.000600 -0.050500 0.314237
v -1.150837 -0.051460 0.298507
v -1.160907 0.026264 0.323464
v -1.162575 0.077461 0.315952
v -1.169040 0.026203 0.321711
v -1.159013 -0.051350 0.297082
v -1.139493 -0.097845 0.263603
v -0.928784 0.033508 0.347625
v -0.930487 0.087909 0.339248
v -0.937104 0.033303 0.347002
v -0.926238 -0.048912 0.318954
v -0.905434 -0.097340 0.281002
v -0.917926 -0.048786 0.319502
v -1.239123 0.025101 0.308112
v -1.229713 -0.050002 0.285243
v -1.211322 -0.095000 0.253260
v -1.221537 -0.050111 0.286667
v -1.230988 0.025162 0.309861
v -1.232668 0.074755 0.303151
v -1.080675 -0.052007 0.309308
v -1.091980 0.027773 0.336465
v -1.093649 0.080525 0.328241
v -1.100146 0.027672 0.334989
v -1.088890 -0.051980 0.308163
v -1.066790 -0.099050 0.271981
v -1.720481 -0.181856 0.028525
v -1.706722 -0.181658 0.056191
v -1.689456 -0.182077 0.048247
v -1.700836 -0.182229 0.025034
v -1.661079 -0.179814 0.106910
v -1.629194 -0.178167 0.129964
v -1.597309 -0.176520 0.153018
v -1.588034 -0.177096 0.137514
v -1.617287 -0.178648 0.116371
v -1.646521 -0.180200 0.095206
v -1.528143 -0.173767 0.186045
v -1.490861 -0.172661 0.196020
v -1.453579 -0.171555 0.205994
v -1.451812 -0.172283 0.188127
v -1.485995 -0.173310 0.178997
v -1.520173 -0.174336 0.169841
v -1.720102 -0.178672 0.021462
v -1.715287 -0.178567 0.020661
v -1.683207 -0.178563 0.085904
v -1.665597 -0.177654 0.098679
v -1.662871 -0.177591 0.095945
v -1.680159 -0.178496 0.083241
v -1.555366 -0.172646 0.174893
v -1.534801 -0.172037 0.180423
v -1.533383 -0.172002 0.176619
v -1.553630 -0.172606 0.171069
v -1.714036 -0.178827 0.033853
v -1.707137 -0.178729 0.048003
v -1.703531 -0.178649 0.046434
v -1.709685 -0.178731 0.032738
v -1.691053 -0.178734 0.072635
v -1.697722 -0.178827 0.059001
v -1.701046 -0.178901 0.060814
v -1.694038 -0.178800 0.074953
v -1.651132 -0.177444 0.108676
v -1.633455 -0.176531 0.121476
v -1.631134 -0.176478 0.118585
v -1.648556 -0.177387 0.105896
v -1.619667 -0.175807 0.132033
v -1.601965 -0.174893 0.144826
v -1.599966 -0.174846 0.141692
v -1.617465 -0.175757 0.129071
v -1.568764 -0.172656 0.163486
v -1.586274 -0.173567 0.150976
v -1.588176 -0.173610 0.154216
v -1.570493 -0.172697 0.166970
v -1.518590 -0.171552 0.183999
v -1.497983 -0.170941 0.189521
v -1.497001 -0.170916 0.185671
v -1.517327 -0.171522 0.180191
v -1.481782 -0.170456 0.193857
v -1.461183 -0.169845 0.199356
v -1.460608 -0.169829 0.195352
v -1.480941 -0.170435 0.189967
v -1.424252 -0.168744 0.204895
v -1.444519 -0.169348 0.199615
v -1.444956 -0.169360 0.203697
v -1.424416 -0.168751 0.209162
v -1.434656 -0.160138 0.202821
v -1.471045 -0.161224 0.193132
v -1.507480 -0.162312 0.183379
v -1.577988 -0.161640 0.157406
v -1.609128 -0.166398 0.138177
v -1.640284 -0.168029 0.112346
v -1.701011 -0.166705 0.067522
v -1.713060 -0.165434 0.039800
v -1.543902 -0.163399 0.177856
v -1.675025 -0.166766 0.089748
v -1.724204 -0.163510 0.015955
v -1.560809 -0.144069 0.184934
v -1.591071 -0.140729 0.171450
v -1.577030 -0.142199 0.175022
v -1.687165 -0.120814 0.102415
v -1.693374 -0.118939 0.092857
v -1.718984 -0.114081 0.069507
v -1.710665 -0.114782 0.074317
v -1.745782 -0.109162 0.000860
v -1.747709 -0.108088 0.000860
v -1.447330 -0.159352 0.207742
v -1.423666 -0.162064 0.207645
v -1.727608 -0.109821 0.025093
v -1.714841 -0.112105 0.049086
v -1.736421 -0.110145 0.025928
v -1.723303 -0.112476 0.050433
v -1.656666 -0.124241 0.110857
v -1.628081 -0.129798 0.131032
v -1.599495 -0.135356 0.151207
v -1.663399 -0.124936 0.113805
v -1.634129 -0.130784 0.134353
v -1.604861 -0.136633 0.154901
v -1.523411 -0.146501 0.186150
v -1.488576 -0.151465 0.191971
v -1.453740 -0.156428 0.197793
v -1.526763 -0.148471 0.190737
v -1.491238 -0.153235 0.196629
v -1.455714 -0.158000 0.202522
v -1.685506 -0.124118 0.093563
v -1.666854 -0.127749 0.106720
v -1.669640 -0.127601 0.107975
v -1.688565 -0.123824 0.094683
v -1.702651 -0.119737 0.076708
v -1.693963 -0.122201 0.086210
v -1.697322 -0.121876 0.087327
v -1.706172 -0.119593 0.077686
v -1.741815 -0.112318 0.005401
v -1.746202 -0.112082 0.005465
v -1.533560 -0.147686 0.185198
v -1.534556 -0.148201 0.187165
v -1.557733 -0.145081 0.183315
v -1.556469 -0.144434 0.181375
v -1.728572 -0.114804 0.029700
v -1.720637 -0.116231 0.044710
v -1.724582 -0.116048 0.045325
v -1.732668 -0.114603 0.030103
v -1.709605 -0.118363 0.069084
v -1.713363 -0.118208 0.070018
v -1.655550 -0.129957 0.114510
v -1.636806 -0.133606 0.127732
v -1.639172 -0.133629 0.129194
v -1.658185 -0.129835 0.115839
v -1.625578 -0.134585 0.135997
v -1.606763 -0.138249 0.149269
v -1.608718 -0.138439 0.150934
v -1.627797 -0.134632 0.137533
v -1.576732 -0.144269 0.170434
v -1.578282 -0.144625 0.172300
v -1.597399 -0.140810 0.158872
v -1.595589 -0.140597 0.157133
v -1.497149 -0.152889 0.191557
v -1.497754 -0.153285 0.193530
v -1.520975 -0.150159 0.189673
v -1.520111 -0.149629 0.187725
v -1.460753 -0.158071 0.197930
v -1.460979 -0.158353 0.199913
v -1.484212 -0.155226 0.196054
v -1.483734 -0.154809 0.194095
v -1.447440 -0.160278 0.202457
v -1.447334 -0.159969 0.200482
v -1.424374 -0.163229 0.204314
v -1.424233 -0.163401 0.206311
v -1.438013 -0.167453 0.201196
v -1.474325 -0.162164 0.193450
v -1.510651 -0.156767 0.185795
v -1.587939 -0.155968 0.164243
v -1.618580 -0.149132 0.142763
v -1.649210 -0.150022 0.119259
v -1.725502 -0.136039 0.060603
v -1.727645 -0.133884 0.036264
v -1.546986 -0.151283 0.178250
v -1.743212 -0.131430 0.011937
v -1.702071 -0.139079 0.079345
v -1.679823 -0.144115 0.098739
v 0.484007 -0.170598 0.165992
v 0.436838 -0.160981 0.191157
v 0.483976 -0.139843 0.195603
v 0.642525 -0.159755 0.135421
v 0.690613 -0.143552 0.140805
v 0.642493 -0.131742 0.161662
v 0.530623 -0.180804 0.212756
v 0.530407 -0.162330 0.224133
v 0.653856 -0.173106 0.175427
v 0.653630 -0.154637 0.186628
v 0.678346 -0.162649 0.174469
v 0.505923 -0.173966 0.226564
v 0.609755 -0.204660 0.259455
v 0.609542 -0.190479 0.267749
v 0.704775 -0.199612 0.231184
v 0.704552 -0.185441 0.239344
v 0.720004 -0.191744 0.230404
v 0.588889 -0.198755 0.268927
v 0.723024 -0.224017 0.301226
v 0.722927 -0.219432 0.304906
v 0.760306 -0.222349 0.286220
v 0.760205 -0.217767 0.289841
v 0.753651 -0.216672 0.279347
v 0.686681 -0.219377 0.301346
v -0.635674 0.389104 -0.146350
v -0.635809 0.311384 -0.272948
v -0.635809 0.195197 -0.357378
v -0.635809 0.057280 -0.387457
v -0.624769 -0.076212 -0.360086
v -0.624770 -0.274783 -0.144742
v -0.379434 0.390199 -0.145162
v -0.379569 0.312862 -0.265665
v -0.379569 0.196441 -0.347746
v -0.379568 0.058243 -0.376500
v -0.390449 -0.075738 -0.350971
v -0.390449 -0.274637 -0.141037
v -0.871441 0.372965 -0.147581
v -0.870094 -0.271038 -0.148906
v -0.860039 -0.082318 -0.356265
v -0.850631 0.051253 -0.389183
v -0.850346 0.186382 -0.355938
v -0.855773 0.298503 -0.273119
v -1.078943 0.350859 -0.143753
v -1.080372 -0.266753 -0.143436
v -1.082102 -0.195875 -0.259934
v -1.081109 0.278529 -0.264596
v -1.256010 0.324731 -0.130786
v -1.265852 -0.246592 -0.129968
v -1.270182 -0.180101 -0.237590
v -1.274202 -0.080197 -0.309747
v -1.274739 0.038223 -0.336119
v -1.273430 0.156245 -0.310590
v -1.269100 0.255764 -0.239607
v -1.414303 0.293355 -0.115749
v -1.412483 -0.227898 -0.116487
v -1.416200 -0.076027 -0.280017
v -1.415062 0.032105 -0.304424
v -1.415062 0.140272 -0.281207
v -1.414303 0.232083 -0.215093
v -1.563636 0.251189 -0.099128
v -1.561494 -0.212598 -0.098517
v -1.563966 -0.069447 -0.240796
v -1.562286 0.020491 -0.265160
v -1.562226 0.120468 -0.244460
v -1.563636 0.197190 -0.184698
v -1.705574 0.207891 -0.078876
v -1.706591 -0.095209 -0.147945
v -1.705872 -0.041769 -0.191785
v -1.709231 0.022215 -0.209537
v -1.708848 0.102061 -0.193288
v -1.705574 0.162871 -0.147294
v -1.835423 0.160278 -0.058676
v -1.836785 -0.080955 -0.058292
v -1.834825 -0.055586 -0.109478
v -1.835714 -0.013230 -0.143560
v -1.834417 0.087672 -0.144218
v -1.835423 0.131033 -0.109681
v -1.966118 0.109693 -0.029639
v -1.966138 -0.029573 -0.029617
v -1.966159 -0.013194 -0.055993
v -1.964722 0.011745 -0.074547
v -1.964102 0.040658 -0.080850
v -1.964557 0.069334 -0.074643
v -1.966130 0.094127 -0.056022
v -0.143369 0.382978 -0.139696
v -0.143369 0.307223 -0.252656
v -0.143369 0.192744 -0.330723
v -0.143368 0.056835 -0.358041
v -0.132796 -0.078522 -0.329754
v -0.127386 -0.191759 -0.252224
v -0.132797 -0.267711 -0.137180
v 0.083617 0.349505 -0.127804
v 0.083618 0.279173 -0.230652
v 0.083618 0.172795 -0.301904
v 0.083618 0.047312 -0.326935
v 0.083618 -0.078170 -0.301930
v 0.083618 -0.184548 -0.230689
v 0.083617 -0.255627 -0.124165
v 0.273410 0.302106 -0.112279
v 0.274195 0.239292 -0.204192
v 0.274196 0.144812 -0.267321
v 0.274196 0.033366 -0.289488
v 0.275194 -0.078395 -0.266888
v 0.275388 -0.172567 -0.204157
v 0.275193 -0.235291 -0.110100
v 0.460574 0.259038 -0.094267
v 0.461360 0.203825 -0.175990
v 0.461360 0.121564 -0.230473
v 0.461360 0.024531 -0.249605
v 0.462358 -0.071794 -0.230715
v 0.462358 -0.209378 -0.093815
v 0.660391 0.209973 -0.074595
v 0.659333 0.163472 -0.139551
v 0.659333 0.093473 -0.182864
v 0.659333 0.010904 -0.198073
v 0.658262 -0.071016 -0.183561
v 0.659315 -0.185157 -0.073988
v 0.853529 0.157265 -0.056000
v 0.852471 0.121061 -0.102771
v 0.852471 0.066009 -0.134809
v 0.852471 0.001071 -0.146059
v 0.851400 -0.064260 -0.134858
v 0.851127 -0.119095 -0.103093
v 0.852453 -0.154609 -0.056424
v 1.014449 0.118579 -0.038021
v 1.015031 0.090820 -0.069166
v 1.015031 0.049037 -0.090902
v 1.015031 -0.000249 -0.098535
v 1.015031 -0.049535 -0.090902
v 1.015031 -0.091318 -0.069165
v 1.014449 -0.119077 -0.038020
v 1.143444 0.086091 -0.025440
v 1.144026 0.065693 -0.048327
v 1.144026 0.035439 -0.063675
v 1.144026 -0.000249 -0.069064
v 1.144026 -0.035936 -0.063674
v 1.144026 -0.066191 -0.048326
v 1.143444 -0.086588 -0.025440
v 1.279706 0.065066 -0.014021
v 1.279706 0.049360 -0.027178
v 1.279706 0.026015 -0.036042
v 1.279706 -0.001522 -0.039155
v 1.279706 -0.029060 -0.036042
v 1.279706 -0.052405 -0.027178
v 1.279706 -0.068281 -0.014021
v 1.381537 0.098505 -0.008015
v 1.381537 0.072579 -0.016079
v 1.381537 0.034825 -0.021541
v 1.381537 -0.009708 -0.023459
v 1.381537 -0.054241 -0.021541
v 1.381537 -0.091994 -0.016079
v 1.381537 -0.119034 -0.008014
v 1.557238 0.269461 -0.007277
v 1.557239 0.201705 -0.014717
v 1.557239 0.100385 -0.019562
v 1.557239 -0.019130 -0.020340
v 1.557239 -0.138645 -0.019561
v 1.557239 -0.239965 -0.014715
v 1.557238 -0.307812 -0.007275
v 1.466444 -0.218028 -0.007276
v 1.466444 -0.169453 -0.014716
v 1.466444 -0.098497 -0.019761
v 1.466444 -0.014798 -0.021532
v 1.466444 0.068901 -0.019761
v 1.466444 0.139857 -0.014717
v 1.466444 0.187719 -0.007277
v 1.695788 0.363251 -0.007277
v 1.695788 0.275925 -0.014487
v 1.694643 0.146408 -0.016932
v 1.692880 -0.017675 -0.009889
v 1.683025 -0.182024 -0.016629
v 1.684827 -0.311153 -0.013647
v 1.685034 -0.398352 -0.007139
v 1.717440 -0.117614 -0.004607
v 1.746063 -0.225176 -0.004763
v 1.758331 -0.341771 -0.006618
v 1.764103 -0.431256 -0.005489
v 1.768396 -0.289818 -0.002406
v 1.788742 -0.332589 -0.001893
v 1.810188 -0.384535 -0.001152
v 1.847073 0.467882 -0.007106
v 1.846508 0.378889 -0.012082
v 1.840499 0.255516 -0.006551
v 1.772742 0.141996 -0.005070
v 1.931473 0.391477 -0.004109
v 1.971059 0.548778 -0.006077
v 1.972370 0.468189 -0.004692
v 2.030783 0.507954 -0.003514
v 2.030779 0.580951 -0.005238
v 2.081748 0.593960 -0.001423
v 2.081727 0.617536 -0.001664
v -0.358061 0.422506 -0.037543
v -0.142050 0.413159 -0.041581
v 0.079111 0.379324 -0.039912
v 0.247847 0.335745 -0.034079
v -0.196788 0.590352 -0.011076
v -0.090519 0.586688 -0.012745
v 0.029285 0.567719 -0.012737
v 0.107756 0.546294 -0.011054
v -0.042978 0.670011 -0.007889
v 0.043061 0.656428 -0.007883
v 0.097668 0.641806 -0.006789
v -0.119315 0.672871 -0.006805
v 0.022200 0.750893 -0.002855
v 0.068980 0.743563 -0.002852
v 0.096945 0.733506 -0.002406
v -0.030073 0.749808 -0.002413
v -0.248737 0.520246 -0.014423
v -0.299614 0.464488 -0.018917
v -0.113623 0.516549 -0.016657
v -0.131737 0.450634 -0.022979
v 0.030610 0.494503 -0.016515
v 0.049671 0.427465 -0.022137
v 0.129975 0.466175 -0.014297
v 0.173000 0.400681 -0.018380
v -0.756534 -0.264992 -0.167784
v -0.756534 -0.099205 -0.349410
v -0.260110 -0.096545 -0.333146
v -0.260111 -0.263813 -0.159826
v -0.610737 -0.170864 -0.326593
v -0.610737 -0.232179 -0.263642
v -0.387784 -0.232162 -0.258179
v -0.387783 -0.170357 -0.320069
v -0.734803 -0.175100 -0.323898
v -0.775939 -0.206474 -0.298356
v -0.734803 -0.230066 -0.266867
v -0.265086 -0.228851 -0.256810
v -0.224379 -0.204084 -0.285882
v -0.265085 -0.172892 -0.311971
v -0.533518 -0.244844 -0.453588
v -0.533518 -0.271154 -0.447567
v -0.340226 -0.270647 -0.446734
v -0.340226 -0.244003 -0.452687
v -0.630315 -0.247327 -0.453254
v -0.630315 -0.270247 -0.447965
v -0.244935 -0.268452 -0.446447
v -0.244935 -0.244947 -0.451617
v -0.225010 -0.257487 -0.449149
v -0.650649 -0.259965 -0.450888
v -0.397442 -0.293537 -0.603136
v -0.397442 -0.312373 -0.603136
v -0.247394 -0.311900 -0.608222
v -0.247394 -0.292825 -0.608222
v -0.474364 -0.295355 -0.597038
v -0.474364 -0.311763 -0.597038
v -0.179746 -0.310253 -0.603135
v -0.179746 -0.293426 -0.603135
v -0.170007 -0.302265 -0.597913
v -0.489196 -0.304271 -0.596162
v -0.171820 -0.333962 -0.801905
v -0.171820 -0.343568 -0.801905
v -0.071340 -0.343236 -0.837506
v -0.071340 -0.333508 -0.837506
v -0.243049 -0.334975 -0.759216
v -0.243049 -0.343343 -0.759216
v -0.056818 -0.342310 -0.802489
v -0.056818 -0.333729 -0.802489
v -0.082902 -0.334242 -0.754617
v -0.282727 -0.335631 -0.734889
v -1.603606 0.098054 -0.244425
v -1.668510 0.092101 -0.220430
v -1.668581 0.036285 -0.232054
v -1.679638 0.063342 -0.222552
v -1.635819 0.024399 -0.246251
v -1.635799 0.107991 -0.229377
v -1.604933 0.068208 -0.247665
v -1.613621 0.089530 -0.239764
v -1.634884 0.097202 -0.229960
v -1.664793 0.063694 -0.225645
v -1.634729 0.034885 -0.243244
v -1.613560 0.045739 -0.249058
v -1.603776 0.064633 -0.226574
v -1.611078 0.082514 -0.219935
v -1.629021 0.088703 -0.211958
v -1.646605 0.079926 -0.207124
v -1.653644 0.060805 -0.208604
v -1.646606 0.042739 -0.215009
v -1.629023 0.036686 -0.222987
v -1.611079 0.045597 -0.227762
v -1.635772 0.031042 -0.249822
v -1.670313 0.063907 -0.229941
v -1.635830 0.101999 -0.234827
v -1.611333 0.093153 -0.246674
v -1.560039 0.070685 -0.258660
v -1.712584 0.061554 -0.205064
v -1.635801 0.011342 -0.240450
v -1.635924 0.118771 -0.220884
v -1.435086 -0.162771 -0.214169
v -1.377147 -0.172030 -0.222911
v -1.420890 -0.169807 -0.213443
v -1.594977 -0.141450 -0.173835
v -1.564749 -0.174941 -0.172709
v -1.693630 -0.120387 -0.103269
v -1.726351 -0.113719 -0.069525
v -1.690698 -0.181280 -0.081553
v -0.915631 -0.171209 -0.092330
v -0.993915 -0.169188 -0.170269
v -0.992041 -0.157992 -0.182285
v -0.972985 -0.122701 -0.142170
v -1.668293 -0.183683 -0.069019
v -1.551398 -0.177531 -0.153496
v -1.402544 -0.175361 -0.185330
v -1.226697 -0.180184 -0.149071
v -1.025945 -0.186231 -0.078770
v -1.252472 -0.153512 -0.188115
v -1.507730 -0.223399 -0.044070
v -1.449690 -0.221553 -0.085246
v -1.375311 -0.221063 -0.101644
v -1.305779 -0.223787 -0.086222
v -1.239528 -0.228552 -0.049774
v -1.548457 -0.136756 -0.174266
v -1.563800 -0.135438 -0.164888
v -1.678151 -0.115698 -0.087176
v -1.694225 -0.111299 -0.069507
v -1.257511 -0.091436 -0.158030
v -1.403530 -0.154273 -0.196732
v -1.442119 -0.080244 -0.125055
v -1.476427 -0.075188 -0.109432
v -1.527095 -0.065422 -0.072861
v -1.550504 -0.060122 -0.047745
v -1.371039 -0.088384 -0.141026
v -0.956268 -0.082663 -0.351518
v -1.039514 -0.083983 -0.346181
v -0.959417 0.047973 -0.383887
v -1.042689 0.044637 -0.377979
v -0.957771 0.179940 -0.350612
v -1.041054 0.174568 -0.345363
v -1.116988 -0.083563 -0.337663
v -1.186793 -0.081352 -0.326066
v -1.119336 0.042161 -0.367856
v -1.189397 0.040518 -0.353698
v -1.117737 0.169108 -0.336962
v -1.187822 0.163551 -0.325409
v -0.884529 -0.172061 -0.297219
v -1.080804 -0.085574 -0.341783
v -1.070842 -0.085648 -0.343105
v -1.092944 0.042807 -0.373431
v -1.083060 0.043008 -0.375284
v -1.082529 0.141618 -0.357327
v -0.965206 -0.172032 -0.292925
v -1.048501 -0.171932 -0.288375
v -0.904595 -0.083038 -0.353731
v -0.914663 -0.083236 -0.353082
v -0.987499 -0.084345 -0.348432
v -0.997568 -0.084543 -0.347783
v -0.916595 0.049676 -0.387100
v -0.926677 0.049308 -0.386330
v -0.999828 0.046342 -0.381192
v -1.009909 0.045974 -0.380423
v -0.916033 0.151381 -0.368506
v -0.999296 0.146489 -0.363000
v -1.123611 -0.169220 -0.280870
v -1.195933 -0.164155 -0.271111
v -1.141910 -0.083888 -0.332157
v -1.151824 -0.083663 -0.330495
v -1.212467 -0.081590 -0.320501
v -1.222381 -0.081364 -0.318840
v -1.153086 0.041313 -0.361503
v -1.162930 0.041172 -0.359315
v -1.223065 0.039673 -0.347341
v -1.232911 0.039532 -0.345158
v -1.152610 0.137010 -0.345250
v -1.222654 0.132372 -0.332883
v -0.922889 0.276055 -0.289515
v -0.960270 0.273039 -0.287555
v -0.996921 0.270071 -0.285643
v -1.034301 0.267056 -0.283683
v -1.123770 0.258064 -0.275983
v -1.154560 0.254460 -0.271852
v -1.186070 0.250798 -0.267594
v -1.216860 0.247193 -0.263454
v -0.956132 -0.260654 -0.169261
v -1.022901 -0.259557 -0.167056
v -1.127875 -0.253603 -0.161975
v -1.185154 -0.247554 -0.157212
v -1.011972 0.030537 -0.340129
v -1.013679 0.084105 -0.331941
v -1.020292 0.030332 -0.339507
v -1.008911 -0.050628 -0.311960
v -0.986737 -0.098324 -0.274695
v -1.000599 -0.050501 -0.312508
v -1.150836 -0.051461 -0.296778
v -1.160906 0.026262 -0.321736
v -1.162574 0.077460 -0.314223
v -1.169038 0.026202 -0.319983
v -1.159011 -0.051351 -0.295353
v -1.139492 -0.097846 -0.261874
v -0.928782 0.033507 -0.345895
v -0.930485 0.087908 -0.337519
v -0.937103 0.033302 -0.345272
v -0.926237 -0.048914 -0.317224
v -0.905433 -0.097341 -0.279272
v -0.917925 -0.048787 -0.317772
v -1.239121 0.025100 -0.306384
v -1.229712 -0.050003 -0.283515
v -1.211321 -0.095001 -0.251531
v -1.221536 -0.050113 -0.284939
v -1.230987 0.025160 -0.308133
v -1.232666 0.074754 -0.301423
v -1.080674 -0.052008 -0.307578
v -1.091978 0.027771 -0.334736
v -1.093648 0.080524 -0.326513
v -1.100145 0.027671 -0.333261
v -1.088888 -0.051981 -0.306434
v -1.066790 -0.099051 -0.270251
v -1.720481 -0.181856 -0.026799
v -1.706722 -0.181658 -0.054464
v -1.689456 -0.182077 -0.046520
v -1.700836 -0.182229 -0.023307
v -1.661079 -0.179814 -0.105183
v -1.629194 -0.178167 -0.128237
v -1.597309 -0.176520 -0.151290
v -1.588034 -0.177097 -0.135786
v -1.617287 -0.178649 -0.114643
v -1.646521 -0.180201 -0.093478
v -1.528142 -0.173768 -0.184318
v -1.490860 -0.172662 -0.194292
v -1.453578 -0.171556 -0.204266
v -1.451811 -0.172283 -0.186399
v -1.485995 -0.173310 -0.177270
v -1.520172 -0.174337 -0.168114
v -1.720102 -0.178672 -0.019735
v -1.715287 -0.178567 -0.018934
v -1.683206 -0.178564 -0.084177
v -1.665597 -0.177654 -0.096952
v -1.662870 -0.177592 -0.094217
v -1.680158 -0.178496 -0.081514
v -1.555365 -0.172647 -0.173165
v -1.534800 -0.172037 -0.178695
v -1.533382 -0.172003 -0.174891
v -1.553629 -0.172607 -0.169341
v -1.714036 -0.178827 -0.032126
v -1.707137 -0.178729 -0.046276
v -1.703531 -0.178649 -0.044707
v -1.709685 -0.178731 -0.031011
v -1.691053 -0.178734 -0.070908
v -1.697722 -0.178827 -0.057274
v -1.701046 -0.178902 -0.059087
v -1.694038 -0.178801 -0.073226
v -1.651132 -0.177444 -0.106949
v -1.633455 -0.176532 -0.119749
v -1.631134 -0.176478 -0.116858
v -1.648555 -0.177387 -0.104169
v -1.619667 -0.175807 -0.130306
v -1.601965 -0.174894 -0.143098
v -1.599966 -0.174847 -0.139965
v -1.617464 -0.175758 -0.127343
v -1.568764 -0.172656 -0.161758
v -1.586274 -0.173567 -0.149248
v -1.588176 -0.173610 -0.152489
v -1.570493 -0.172698 -0.165243
v -1.518589 -0.171552 -0.182271
v -1.497982 -0.170941 -0.187793
v -1.497000 -0.170917 -0.183943
v -1.517327 -0.171522 -0.178463
v -1.481781 -0.170457 -0.192129
v -1.461182 -0.169846 -0.197628
v -1.460607 -0.169830 -0.193624
v -1.480941 -0.170436 -0.188239
v -1.424251 -0.168744 -0.203167
v -1.444518 -0.169348 -0.197887
v -1.444955 -0.169361 -0.201969
v -1.424415 -0.168752 -0.207434
v -1.434655 -0.160139 -0.201093
v -1.471044 -0.161225 -0.191404
v -1.507480 -0.162312 -0.181652
v -1.577988 -0.161641 -0.155679
v -1.609128 -0.166399 -0.136449
v -1.640284 -0.168029 -0.110618
v -1.701010 -0.166705 -0.065795
v -1.713060 -0.165435 -0.038073
v -1.543901 -0.163399 -0.176128
v -1.675025 -0.166766 -0.088021
v -1.724204 -0.163510 -0.014228
v -1.560808 -0.144070 -0.183207
v -1.591070 -0.140729 -0.169722
v -1.577029 -0.142199 -0.173295
v -1.687165 -0.120815 -0.100688
v -1.693374 -0.118940 -0.091130
v -1.718983 -0.114081 -0.067781
v -1.710664 -0.114782 -0.072590
v -1.447329 -0.159353 -0.206014
v -1.423665 -0.162065 -0.205917
v -1.656665 -0.124241 -0.109130
v -1.628080 -0.129799 -0.129305
v -1.599495 -0.135357 -0.149480
v -1.663399 -0.124936 -0.112078
v -1.634129 -0.130785 -0.132626
v -1.604860 -0.136633 -0.153174
v -1.523410 -0.146502 -0.184422
v -1.488576 -0.151466 -0.190243
v -1.453740 -0.156428 -0.196064
v -1.526762 -0.148472 -0.189009
v -1.491237 -0.153236 -0.194902
v -1.455713 -0.158001 -0.200794
v -1.685505 -0.124118 -0.091836
v -1.666853 -0.127750 -0.104993
v -1.669640 -0.127602 -0.106248
v -1.688565 -0.123825 -0.092956
v -1.702650 -0.119737 -0.074981
v -1.693963 -0.122202 -0.084483
v -1.697322 -0.121876 -0.085600
v -1.706172 -0.119593 -0.075959
v -1.741815 -0.112318 -0.003675
v -1.746201 -0.112083 -0.003739
v -1.533559 -0.147687 -0.183471
v -1.534555 -0.148202 -0.185437
v -1.557733 -0.145082 -0.181587
v -1.556469 -0.144435 -0.179648
v -1.728572 -0.114805 -0.027973
v -1.720637 -0.116231 -0.042983
v -1.724582 -0.116048 -0.043598
v -1.732668 -0.114603 -0.028376
v -1.709604 -0.118363 -0.067357
v -1.713363 -0.118208 -0.068291
v -1.655549 -0.129957 -0.112783
v -1.636805 -0.133607 -0.126005
v -1.639171 -0.133630 -0.127466
v -1.658184 -0.129835 -0.114112
v -1.625578 -0.134585 -0.134270
v -1.606763 -0.138249 -0.147542
v -1.608717 -0.138440 -0.149207
v -1.627797 -0.134632 -0.135805
v -1.576732 -0.144269 -0.168707
v -1.578281 -0.144625 -0.170573
v -1.597399 -0.140810 -0.157145
v -1.595588 -0.140597 -0.155405
v -1.497149 -0.152890 -0.189829
v -1.497753 -0.153285 -0.191802
v -1.520974 -0.150160 -0.187945
v -1.520110 -0.149630 -0.185997
v -1.460752 -0.158072 -0.196202
v -1.460978 -0.158354 -0.198185
v -1.484211 -0.155227 -0.194326
v -1.483733 -0.154809 -0.192367
v -1.447439 -0.160279 -0.200729
v -1.447333 -0.159970 -0.198754
v -1.424374 -0.163230 -0.202586
v -1.424232 -0.163402 -0.204583
v -1.438012 -0.167454 -0.199468
v -1.474324 -0.162165 -0.191722
v -1.510650 -0.156767 -0.184068
v -1.587938 -0.155969 -0.162515
v -1.618579 -0.149132 -0.141036
v -1.649209 -0.150023 -0.117531
v -1.725501 -0.136039 -0.058876
v -1.727645 -0.133884 -0.034537
v -1.546986 -0.151284 -0.176522
v -1.743212 -0.131430 -0.010210
v -1.702071 -0.139079 -0.077618
v -1.679823 -0.144116 -0.097012
v 0.484008 -0.170598 -0.164256
v 0.436839 -0.160982 -0.189421
v 0.483976 -0.139844 -0.193867
v 0.642526 -0.159756 -0.133685
v 0.690613 -0.143552 -0.139069
v 0.642493 -0.131742 -0.159927
v 0.530624 -0.180805 -0.211021
v 0.530408 -0.162331 -0.222398
v 0.653857 -0.173107 -0.173691
v 0.653631 -0.154638 -0.184892
v 0.678347 -0.162650 -0.172733
v 0.505924 -0.173967 -0.224828
v 0.610337 -0.204661 -0.257719
v 0.610123 -0.190480 -0.266013
v 0.704872 -0.199613 -0.229448
v 0.704649 -0.185441 -0.237607
v 0.720005 -0.191745 -0.228668
v 0.589084 -0.198756 -0.267191
v 0.727153 -0.224018 -0.299489
v 0.727056 -0.219433 -0.303170
v 0.760984 -0.222350 -0.284483
v 0.760883 -0.217768 -0.288104
v 0.753652 -0.216674 -0.277611
v 0.688861 -0.219378 -0.299609
v 0.877678 0.169568 0.017673
v 0.834145 0.184308 0.000859
v 0.877678 0.169567 -0.015953
v 1.005186 0.137001 0.015509
v 1.042055 0.129448 0.000859
v 1.005186 0.137000 -0.013789
v 0.933726 0.204486 0.008644
v 0.933726 0.204486 -0.006930
v 1.008921 0.185274 0.008595
v 1.008921 0.185273 -0.006881
v 0.917774 0.209600 0.000857
v 1.024860 0.182031 0.000857
v 0.997627 0.235048 0.003062
v 0.997627 0.235048 -0.001351
v 1.021461 0.228966 0.003048
v 1.021461 0.228966 -0.001337
v 0.984530 0.233449 0.000856
v 1.025643 0.222905 0.000855
v 0.889546 -0.167245 -0.015077
v 0.847529 -0.178244 0.000859
v 0.889546 -0.167246 0.016797
v 1.008782 -0.137639 -0.012918
v 1.043922 -0.130444 0.000860
v 1.008782 -0.137640 0.014639
v 1.007595 -0.186833 -0.001306
v 1.007595 -0.186834 0.003022
v 1.032120 -0.180602 -0.001293
v 1.032120 -0.180603 0.003008
v 1.036725 -0.173694 0.000858
v 0.984782 -0.186740 0.000858
v -2.054411 0.067399 0.010395
v -2.054385 0.069345 0.000860
v -2.054665 0.017851 0.000860
v -2.054664 0.019811 0.010338
v -2.054659 0.025422 0.018917
v -2.054642 0.033800 0.024717
v -2.054606 0.043677 0.026770
v -2.054554 0.053572 0.024766
v -2.054490 0.061959 0.018988
v -2.054411 0.067399 -0.008670
v -2.054664 0.019811 -0.008613
v -2.054659 0.025422 -0.017192
v -2.054642 0.033800 -0.022992
v -2.054606 0.043677 -0.025045
v -2.054554 0.053572 -0.023041
v -2.054490 0.061959 -0.017263
v -2.072143 0.050032 0.006207
v -2.072120 0.051820 0.003533
v -2.072112 0.052433 0.000861
v -2.072120 0.051820 -0.001808
v -2.072143 0.050032 -0.004482
v -2.072162 0.047405 -0.006313
v -2.072177 0.044377 -0.006933
v -2.072188 0.041354 -0.006299
v -2.072193 0.038737 -0.004461
v -2.072195 0.036943 -0.001792
v -2.072195 0.036333 0.000861
v -2.072195 0.036943 0.003516
v -2.072193 0.038737 0.006187
v -2.072188 0.041354 0.008024
v -2.072177 0.044377 0.008657
v -2.072162 0.047405 0.008038
v -1.834589 0.045739 -0.136866
v -1.824558 0.050247 -0.141941
v -1.818617 0.042663 -0.144954
v -1.820951 0.038592 -0.145874
v -1.824956 0.036681 -0.144044
v -1.833933 0.048325 -0.139266
v -1.830016 0.050136 -0.141242
v -1.833961 0.038644 -0.139057
v -1.836301 0.041519 -0.138078
v -1.820934 0.048372 -0.145839
v -1.818586 0.045347 -0.147030
v -1.834583 0.045724 0.138680
v -1.824554 0.050254 0.143733
v -1.818551 0.042688 0.146785
v -1.824839 0.036724 0.145904
v -1.820834 0.038635 0.147734
v -1.830017 0.050136 0.143035
v -1.833933 0.048325 0.141059
v -1.836289 0.041492 0.139908
v -1.834030 0.038367 0.141245
v -1.818580 0.045359 0.148822
v -1.820892 0.048443 0.147623
v -1.825564 0.045366 0.140918
v -1.603040 0.043835 0.258757
v -1.598407 0.036986 0.259670
v -1.609267 0.036824 0.257607
v -1.594780 0.065308 0.257324
v -1.585895 0.069664 0.256897
v -1.594588 0.074120 0.255488
v -1.659876 0.084654 0.227656
v -1.655542 0.086405 0.222103
v -1.655110 0.090016 0.228366
v -1.655117 0.039912 0.238986
v -1.655543 0.041218 0.231684
v -1.659883 0.044526 0.236162
v -1.600075 0.073259 0.257393
v -1.601542 0.069053 0.257360
v -1.600078 0.065536 0.259042
v -1.658401 0.037493 0.242210
v -1.662949 0.038674 0.239654
v -1.663740 0.042657 0.239134
v -1.663685 0.086376 0.229891
v -1.662858 0.090521 0.228730
v -1.658350 0.092347 0.230620
v -1.607588 0.046002 0.260303
v -1.611216 0.043900 0.258938
v -1.612918 0.039943 0.259387
v -1.574980 -0.143475 0.191864
v -1.568328 -0.131068 0.204042
v -1.551479 -0.146320 0.197753
v -1.727335 -0.177921 0.006449
v -1.726696 -0.180813 0.008975
v -1.728220 -0.181788 0.004320
v -1.722485 -0.177819 0.006454
v -1.719175 -0.180650 0.008769
v -1.720461 -0.181619 0.004360
v -1.569793 -0.144769 0.187822
v -1.560114 -0.145313 0.188296
v -1.549054 -0.147329 0.192351
v -1.733199 -0.114746 0.022119
v -1.733307 -0.111103 0.018913
v -1.737265 -0.114561 0.022444
v -1.739542 -0.110793 0.019340
v -1.722820 -0.117423 0.052824
v -1.720172 -0.114331 0.056659
v -1.718994 -0.117569 0.052156
v -1.714427 -0.114576 0.055558
v -1.825671 0.045432 -0.138963
v -1.603039 0.043834 -0.257030
v -1.598406 0.036985 -0.257943
v -1.609266 0.036823 -0.255880
v -1.594587 0.074119 -0.253762
v -1.585894 0.069663 -0.255170
v -1.594779 0.065307 -0.255598
v -1.659875 0.084653 -0.225930
v -1.655541 0.086404 -0.220377
v -1.655109 0.090015 -0.226640
v -1.655116 0.039911 -0.237259
v -1.655542 0.041217 -0.229958
v -1.659882 0.044525 -0.234436
v -1.600075 0.073258 -0.255667
v -1.601542 0.069052 -0.255633
v -1.600077 0.065535 -0.257315
v -1.658400 0.037492 -0.240484
v -1.662948 0.038673 -0.237927
v -1.663739 0.042656 -0.237408
v -1.663684 0.086375 -0.228165
v -1.662857 0.090520 -0.227003
v -1.658349 0.092346 -0.228894
v -1.607587 0.046001 -0.258577
v -1.612918 0.039942 -0.257660
v -1.611215 0.043899 -0.257211
v -1.574979 -0.143476 -0.190137
v -1.568327 -0.131069 -0.202315
v -1.551478 -0.146321 -0.196025
v -1.727335 -0.177921 -0.004722
v -1.726696 -0.180813 -0.007249
v -1.728220 -0.181788 -0.002595
v -1.722485 -0.177819 -0.004727
v -1.719175 -0.180650 -0.007042
v -1.720460 -0.181619 -0.002634
v -1.569793 -0.144770 -0.186095
v -1.560114 -0.145314 -0.186569
v -1.549053 -0.147330 -0.190624
v -1.733199 -0.114746 -0.020392
v -1.733307 -0.111103 -0.017186
v -1.727608 -0.109821 -0.023367
v -1.737265 -0.114561 -0.020717
v -1.739542 -0.110793 -0.017613
v -1.736421 -0.110145 -0.024201
v -1.722820 -0.117423 -0.051097
v -1.720172 -0.114331 -0.054932
v -1.723303 -0.112476 -0.048706
v -1.718994 -0.117569 -0.050429
v -1.714427 -0.114576 -0.053831
v -1.714841 -0.112105 -0.047359
v -1.837925 0.025510 0.157840
v -1.836290 0.028635 0.154368
v -1.848994 0.039915 0.152413
v -1.845619 0.041024 0.149483
v -1.831405 0.048964 0.161233
v -1.829978 0.048491 0.157301
v -1.820299 0.034463 0.166883
v -1.820609 0.036126 0.162148
v -1.836209 0.028700 -0.152420
v -1.837924 0.025509 -0.155599
v -1.845618 0.041024 -0.147634
v -1.848993 0.039914 -0.150172
v -1.830000 0.048449 -0.155449
v -1.831393 0.048952 -0.158929
v -1.820608 0.036126 -0.160299
v -1.820298 0.034462 -0.164642
v -1.820714 0.041383 0.162047
v -1.824057 0.046140 0.160272
v -1.836581 0.048346 0.153976
v -1.842327 0.045623 0.151097
v -1.845515 0.035803 0.149565
v -1.842065 0.031237 0.151338
v -1.829620 0.028811 0.157635
v -1.823864 0.031547 0.160518
v -1.820736 0.041341 -0.160195
v -1.824192 0.045892 -0.158409
v -1.836580 0.048345 -0.152126
v -1.842327 0.045622 -0.149248
v -1.845514 0.035802 -0.147716
v -1.841984 0.031302 -0.149390
v -1.829620 0.028810 -0.155786
v -1.823863 0.031547 -0.158668
v -1.829088 0.036304 -0.142034
v -1.828942 0.039921 -0.138237
v -1.828913 0.037786 0.142301
v -1.820409 0.040705 0.166823
v -1.830554 0.025611 -0.159287
v -1.824070 0.028765 -0.162591
v -1.844727 0.028442 0.154424
v -1.848833 0.033762 0.152420
v -1.820397 0.040693 -0.164519
v -1.824473 0.046024 -0.162399
v -1.824071 0.028765 0.164833
v -1.830555 0.025612 0.161528
v -1.838631 0.048868 -0.155271
v -1.845113 0.045699 -0.152014
v -1.848832 0.033761 -0.150179
v -1.844726 0.028442 -0.152183
v -1.845114 0.045699 0.154256
v -1.838632 0.048869 0.157512
v -1.824540 0.046094 0.165015
v -0.635268 0.409676 0.074272
v -0.536647 0.418762 0.003327
v -0.635810 0.355868 0.215747
v -0.506935 0.391411 0.145371
v -0.635810 0.257077 0.322972
v -0.507477 0.313180 0.271995
v -0.635810 0.128002 0.381559
v -0.507477 0.196615 0.355494
v -0.635810 -0.015168 0.380857
v -0.507477 0.059116 0.384932
v -0.621090 -0.127059 0.333384
v -0.507477 -0.074978 0.358203
v -0.635810 -0.292352 0.080089
v -0.507477 -0.275051 0.143998
v -0.507477 -0.300186 0.000861
v -0.379570 0.357435 0.210027
v -0.379570 0.258446 0.314410
v -0.379570 0.129111 0.371000
v -0.379570 -0.014366 0.370423
v -0.394076 -0.126655 0.325299
v -0.379570 -0.292082 0.077904
v -0.871441 0.393973 0.075477
v -0.757095 0.382874 0.148652
v -0.757094 0.409869 0.000861
v -0.872495 -0.289580 0.085396
v -0.757094 -0.298017 0.000861
v -0.712935 -0.274027 0.149453
v -0.850176 -0.019750 0.381226
v -0.712935 -0.079874 0.361841
v -0.850554 0.120552 0.382001
v -0.757095 0.051779 0.390317
v -0.850415 0.246989 0.321083
v -0.757095 0.190949 0.359211
v -0.871441 0.337061 0.221563
v -0.757095 0.306000 0.274516
v -1.078943 0.372172 0.072589
v -0.978961 0.359626 0.152968
v -0.978961 0.390500 0.000860
v -1.078462 -0.283073 0.084506
v -0.981069 -0.293859 0.000861
v -1.081175 -0.236532 0.206337
v -0.930619 -0.269735 0.152753
v -0.890403 -0.077984 0.360062
v -0.895726 0.050519 0.390198
v -0.894584 0.184015 0.356339
v -1.078943 0.312927 0.220690
v -0.916292 0.290377 0.279011
v -1.256010 0.343481 0.066979
v -1.170677 0.335705 0.144019
v -1.170677 0.364831 0.000860
v -1.253928 -0.265288 0.072758
v -1.167606 -0.281161 0.000861
v -1.272089 -0.216393 0.189949
v -1.115832 -0.263171 0.146530
v -1.274597 -0.134968 0.278647
v -1.099399 -0.193724 0.260819
v -1.274506 -0.021882 0.331207
v -1.274142 0.098375 0.331399
v -1.273329 0.209511 0.281056
v -1.256010 0.292602 0.196871
v -1.117906 0.271856 0.266566
v -1.414303 0.309388 0.060255
v -1.336792 0.310613 0.124374
v -1.336792 0.333250 0.000860
v -1.410647 -0.246057 0.060139
v -1.334402 -0.262036 0.000861
v -1.338317 -0.236287 0.126111
v -1.421893 -0.125093 0.249630
v -1.338700 -0.174524 0.229510
v -1.414303 -0.022915 0.300414
v -1.339907 -0.079759 0.297317
v -1.417342 0.086903 0.299473
v -1.336792 0.035862 0.324482
v -1.414303 0.189222 0.254867
v -1.336792 0.149668 0.299874
v -1.414303 0.267191 0.170343
v -1.336792 0.246147 0.229574
v -1.563637 0.265212 0.051783
v -1.489823 0.272965 0.109685
v -1.489823 0.293199 0.000860
v -1.567920 -0.223976 0.051398
v -1.485756 -0.243418 0.000860
v -1.487413 -0.219649 0.112727
v -1.564956 -0.112595 0.216875
v -1.563637 -0.022890 0.258225
v -1.494180 -0.074717 0.262038
v -1.549516 0.088021 0.259610
v -1.492862 0.026925 0.284966
v -1.563637 0.159087 0.220048
v -1.492862 0.128653 0.263316
v -1.563637 0.228203 0.146213
v -1.489823 0.215340 0.202421
v -1.705574 0.219369 0.041460
v -1.636028 0.229780 0.090825
v -1.636028 0.246968 0.000860
v -1.655144 -0.204387 0.000861
v -1.710444 -0.107590 0.122922
v -1.633968 -0.196279 0.089477
v -1.700860 -0.075550 0.174144
v -1.711481 -0.005585 0.204340
v -1.631314 -0.060028 0.218657
v -1.725052 0.074506 0.198343
v -1.611393 0.008416 0.250077
v -1.705574 0.132380 0.176086
v -1.611652 0.124854 0.227921
v -1.705574 0.188551 0.116823
v -1.636028 0.178910 0.168879
v -1.835423 0.167906 0.031161
v -1.770854 0.184677 0.071179
v -1.770854 0.197486 0.000860
v -1.839401 -0.085035 0.030967
v -1.833035 -0.071818 0.086953
v -1.835423 -0.035831 0.130893
v -1.768466 -0.075939 0.130682
v -1.776761 -0.024490 0.169290
v -1.831404 0.062491 0.156370
v -1.776180 0.031151 0.183085
v -1.835423 0.110762 0.130966
v -1.773824 0.092139 0.170657
v -1.835423 0.147764 0.087516
v -1.770854 0.147313 0.131305
v -1.966114 0.113853 0.016361
v -1.902836 0.134836 0.046103
v -1.902836 0.142673 0.000860
v -1.966073 -0.033605 0.016349
v -1.902313 -0.062859 0.000860
v -1.966159 -0.022632 0.045338
v -1.902749 -0.056774 0.046074
v -1.966158 -0.001671 0.067859
v -1.902836 -0.034540 0.084949
v -1.960418 0.026867 0.083541
v -1.897101 0.000443 0.114493
v -1.959809 0.054216 0.083854
v -1.966136 0.082753 0.067886
v -1.896499 0.077958 0.114824
v -1.966124 0.103113 0.045366
v -1.902836 0.112833 0.084990
v -2.018289 0.086193 0.019259
v -2.018272 0.089778 0.000860
v -2.018458 -0.006091 0.000860
v -2.018458 -0.002413 0.019218
v -2.018455 0.008061 0.035314
v -2.018443 0.023736 0.046147
v -2.018420 0.042231 0.049965
v -2.018384 0.060738 0.046183
v -2.018342 0.076335 0.035366
v -0.143370 0.400782 0.085262
v -0.143370 0.351052 0.199814
v -0.259565 0.388681 0.145437
v -0.143370 0.253714 0.299106
v -0.259565 0.311910 0.261803
v -0.143370 0.126537 0.352917
v -0.259565 0.195927 0.342163
v -0.143370 -0.014606 0.352306
v -0.259565 0.055629 0.369767
v -0.130092 -0.139757 0.297459
v -0.303085 -0.078049 0.347015
v -0.130092 -0.234399 0.201154
v -0.143370 -0.287620 0.074287
v -0.303085 -0.273346 0.143516
v -0.259565 -0.297003 0.000861
v 0.083617 0.365857 0.079196
v 0.083617 0.319902 0.182546
v -0.026890 0.369215 0.135983
v 0.083617 0.229451 0.273209
v -0.026890 0.295705 0.244313
v 0.083617 0.111272 0.322285
v -0.026890 0.184574 0.319257
v 0.083617 -0.016645 0.322300
v -0.026890 0.053487 0.345620
v 0.083617 -0.134824 0.273244
v -0.026890 -0.077600 0.319365
v 0.083617 -0.225274 0.182582
v -0.026890 -0.188731 0.244467
v 0.083617 -0.274226 0.064545
v -0.026890 -0.262986 0.132425
v -0.026890 -0.289061 0.000861
v 0.271053 0.317682 0.067065
v 0.274195 0.275464 0.161764
v 0.181892 0.325964 0.122513
v 0.274195 0.195131 0.242097
v 0.181892 0.259454 0.219402
v 0.274195 0.090171 0.285572
v 0.181892 0.158791 0.286663
v 0.274195 -0.023437 0.285572
v 0.181892 0.040051 0.310282
v 0.278188 -0.129659 0.240369
v 0.181892 -0.078689 0.286663
v 0.278188 -0.207144 0.162883
v 0.181892 -0.179351 0.219402
v 0.274195 -0.252205 0.057233
v 0.181892 -0.246612 0.118847
v 0.181892 -0.270231 0.000861
v 0.458218 0.274166 0.048287
v 0.461359 0.235319 0.139610
v 0.363640 0.281451 0.103126
v 0.461359 0.165375 0.208942
v 0.366781 0.221441 0.192511
v 0.461359 0.073989 0.246463
v 0.366781 0.133116 0.251527
v 0.461359 -0.024926 0.246463
v 0.366781 0.028930 0.272251
v 0.370774 -0.076518 0.249799
v 0.465352 -0.187023 0.136641
v 0.371550 -0.163616 0.192375
v 0.461359 -0.223387 0.049454
v 0.370774 -0.221012 0.105413
v 0.366781 -0.243321 0.000861
v 0.663567 0.221401 0.038431
v 0.559635 0.253302 0.000861
v 0.659332 0.190272 0.110987
v 0.559635 0.235388 0.086769
v 0.659332 0.130754 0.166103
v 0.559635 0.184373 0.160129
v 0.659332 0.052990 0.195932
v 0.559635 0.108024 0.209219
v 0.659332 -0.031180 0.195932
v 0.559635 0.017964 0.226457
v 0.559635 -0.070719 0.210101
v 0.655050 -0.168848 0.108562
v 0.663545 -0.195841 0.038431
v 0.559635 -0.197829 0.085400
v 0.559635 -0.214487 0.000861
v 0.856704 0.165147 0.033527
v 0.763211 0.196927 0.000861
v 0.852470 0.142138 0.082095
v 0.762411 0.182267 0.065569
v 0.852470 0.095329 0.122864
v 0.758177 0.141510 0.122752
v 0.852470 0.034170 0.144928
v 0.758177 0.078893 0.160383
v 0.852470 -0.032027 0.144928
v 0.758177 0.005032 0.173598
v 0.848187 -0.094758 0.123062
v 0.753894 -0.070401 0.160582
v 0.848187 -0.139527 0.083794
v 0.758107 -0.170151 0.067268
v 0.763062 -0.184689 0.000861
v 1.012703 0.125407 0.025089
v 1.015030 0.106817 0.055697
v 0.938515 0.136444 0.048678
v 1.015030 0.071291 0.083357
v 0.938515 0.104704 0.086528
v 1.015030 0.024873 0.098326
v 0.938515 0.056551 0.113055
v 1.015030 -0.025370 0.098326
v 0.938515 -0.000249 0.122370
v 1.015030 -0.071788 0.083357
v 0.938515 -0.057049 0.113055
v 1.015030 -0.107314 0.055697
v 0.938515 -0.105201 0.086528
v 0.938515 -0.136941 0.048678
v 1.141698 0.091927 0.014131
v 1.144026 0.077277 0.039328
v 1.078409 0.102447 0.032316
v 1.144026 0.051552 0.058858
v 1.080737 0.077793 0.059715
v 1.144026 0.017941 0.069428
v 1.080737 0.041987 0.078021
v 1.144026 -0.018439 0.069428
v 1.080737 -0.000249 0.084449
v 1.144026 -0.052049 0.058858
v 1.080737 -0.042485 0.078021
v 1.144026 -0.077774 0.039328
v 1.080737 -0.078291 0.059715
v 1.141698 -0.092425 0.014131
v 1.078409 -0.102944 0.032316
v 1.279706 0.069470 0.008406
v 1.213288 0.077308 0.000862
v 1.279706 0.058298 0.022715
v 1.213288 0.071405 0.021241
v 1.279706 0.038448 0.033995
v 1.213288 0.054592 0.039050
v 1.279706 0.012514 0.040100
v 1.213288 0.029431 0.051021
v 1.279706 -0.015558 0.040100
v 1.213288 -0.000249 0.055225
v 1.279706 -0.041493 0.033995
v 1.213288 -0.029928 0.051021
v 1.279706 -0.061342 0.022715
v 1.213288 -0.055090 0.039050
v 1.279706 -0.073196 0.008406
v 1.213288 -0.071902 0.021241
v 1.213288 -0.077806 0.000862
v 1.381537 0.107209 0.005345
v 1.334461 0.082382 0.000862
v 1.381537 0.087033 0.013996
v 1.334461 0.073754 0.011962
v 1.381537 0.054932 0.020947
v 1.334461 0.054867 0.021905
v 1.381537 0.012991 0.024709
v 1.334461 0.027243 0.028620
v 1.381537 -0.032406 0.024709
v 1.334461 -0.005343 0.030978
v 1.381537 -0.074347 0.020947
v 1.334461 -0.037928 0.028620
v 1.381537 -0.106448 0.013996
v 1.334461 -0.065552 0.021905
v 1.381537 -0.131076 0.005344
v 1.334461 -0.085121 0.011962
v 1.334461 -0.097157 0.000862
v 1.557238 0.287347 0.004969
v 1.424915 0.156191 0.000862
v 1.557238 0.240495 0.012926
v 1.424915 0.140355 0.009013
v 1.557238 0.154346 0.019345
v 1.424915 0.103960 0.016455
v 1.557238 0.041787 0.022025
v 1.424915 0.050475 0.021499
v 1.557238 -0.080047 0.022025
v 1.424915 -0.012615 0.023271
v 1.557238 -0.192606 0.019345
v 1.424915 -0.075704 0.021499
v 1.557238 -0.278755 0.012926
v 1.424915 -0.129189 0.016455
v 1.557238 -0.325969 0.004969
v 1.424915 -0.166628 0.009013
v 1.424915 -0.187683 0.000862
v 1.507972 -0.286558 0.000862
v 1.507972 -0.263357 0.009013
v 1.507972 -0.205100 0.016455
v 1.507972 -0.118795 0.021499
v 1.507972 -0.016992 0.023271
v 1.507972 0.084811 0.021499
v 1.507972 0.171116 0.016455
v 1.507972 0.229011 0.009013
v 1.507972 0.250401 0.000862
v 1.466444 0.201473 0.004969
v 1.466444 0.167023 0.012926
v 1.466444 0.106691 0.019345
v 1.466444 0.027863 0.022819
v 1.466444 -0.057459 0.022819
v 1.466444 -0.136287 0.019345
v 1.466444 -0.196619 0.012926
v 1.466444 -0.233923 0.004969
v 1.695788 0.386101 0.004969
v 1.621979 0.341937 0.000862
v 1.695788 0.325961 0.012926
v 1.621979 0.314299 0.009013
v 1.695788 0.214837 0.018428
v 1.621979 0.235593 0.016455
v 1.691208 0.074350 0.016096
v 1.621979 0.117800 0.020705
v 1.681145 -0.108974 0.015962
v 1.621979 -0.021145 0.018503
v 1.684205 -0.250445 0.017780
v 1.621979 -0.160090 0.020705
v 1.685034 -0.361062 0.012385
v 1.621979 -0.277883 0.016455
v 1.685034 -0.421202 0.004969
v 1.621979 -0.356589 0.009013
v 1.621979 -0.384227 0.000862
v 1.716969 -0.113955 0.003971
v 1.728115 -0.158768 0.006745
v 1.707002 -0.084171 0.008459
v 1.752307 -0.285798 0.008068
v 1.721207 -0.203339 0.012952
v 1.763118 -0.391879 0.008259
v 1.728416 -0.332074 0.012184
v 1.762158 -0.454361 0.004642
v 1.729246 -0.421765 0.008472
v 1.729246 -0.453439 0.000862
v 1.767689 -0.291626 0.003035
v 1.776842 -0.308451 0.004164
v 1.761024 -0.269640 0.004946
v 1.817789 -0.404867 0.003062
v 1.780159 -0.341372 0.005440
v 1.799098 -0.431253 0.004718
v 1.798138 -0.455218 0.000942
v 1.799476 -0.364366 0.003605
v 1.847081 0.491486 0.004969
v 1.772260 0.447722 0.000862
v 1.847070 0.429364 0.012241
v 1.772260 0.416048 0.009013
v 1.844821 0.319413 0.012235
v 1.772260 0.325849 0.015537
v 1.798556 0.186750 0.007546
v 1.767680 0.195559 0.014160
v 1.740203 0.084839 0.008726
v 1.900149 0.342844 0.006943
v 1.971107 0.572825 0.004969
v 1.915960 0.545636 0.000862
v 1.971043 0.509554 0.008127
v 1.915907 0.513947 0.008327
v 1.949524 0.426831 0.006496
v 1.913647 0.428573 0.010506
v 1.983002 0.465990 0.003421
v 2.004814 0.488584 0.005595
v 2.030790 0.604556 0.004550
v 2.004878 0.600917 0.000862
v 2.030779 0.542434 0.006862
v 2.004825 0.566915 0.007642
v 2.062520 0.557136 0.004215
v 2.088464 0.627844 0.002093
v 2.062515 0.623604 0.000862
v 2.088464 0.614129 0.003146
v 2.062493 0.603484 0.004971
v -0.379028 0.409197 0.083281
v -0.138090 0.428807 0.027567
v 0.065594 0.400274 0.026999
v 0.367975 0.301346 0.000861
v -0.443213 0.425272 0.030371
v 0.292678 0.326355 0.023360
v -0.254791 0.419720 0.043750
v 0.173939 0.355809 0.040647
v -0.028484 0.399067 0.042571
v -0.329752 0.441348 0.024019
v -0.273161 0.490695 0.018265
v -0.123236 0.481550 0.021419
v 0.244040 0.360685 0.000861
v -0.422119 0.445801 0.003503
v -0.069727 0.627645 0.012178
v 0.034505 0.611159 0.012170
v 0.117014 0.503947 0.014443
v -0.028845 0.578690 0.014467
v 0.076201 0.555713 0.014477
v 0.119802 0.543083 0.007675
v -0.148064 0.589774 0.014494
v -0.231996 0.590830 0.007688
v -0.011691 0.710300 0.007005
v 0.054503 0.699956 0.007000
v 0.001378 0.664201 0.009616
v 0.101496 0.593256 0.010756
v 0.076081 0.648176 0.009613
v -0.160849 0.631169 0.010774
v -0.146430 0.673075 0.005245
v -0.084015 0.672375 0.009625
v 0.056791 0.794175 0.002610
v 0.086640 0.789071 0.002609
v 0.095705 0.688920 0.006232
v 0.086068 0.738455 0.004581
v -0.074607 0.712459 0.006243
v -0.053925 0.747360 0.002798
v -0.004085 0.751237 0.004587
v 0.047127 0.748022 0.004582
v 0.087274 0.816341 0.000861
v 0.011125 0.784791 0.002466
v 0.102725 0.774471 0.002463
v 0.103214 0.805468 0.000861
v -0.224681 0.553421 0.014464
v -0.103934 0.550626 0.016310
v 0.027855 0.529679 0.016304
v 0.037945 0.459653 0.020859
v 0.147343 0.432938 0.017829
v 0.210832 0.365847 0.023132
v 0.133214 0.499600 0.000861
v 0.169295 0.428769 0.000861
v -0.285929 0.554053 0.000861
v -0.350979 0.493771 0.000861
v -0.299275 0.520970 0.009590
v -0.038166 0.440182 0.024470
v -0.221546 0.458714 0.024214
v -0.357959 0.468021 0.012546
v 0.195179 0.396875 0.011777
v 0.089156 0.478934 0.018207
v -0.185136 0.519771 0.018374
v -0.039345 0.507584 0.018326
v 0.146748 0.461524 0.009524
v 0.122278 0.412587 0.023279
v -0.799996 -0.270499 0.153993
v -0.799996 -0.086161 0.356617
v -0.217274 -0.082467 0.337749
v -0.217274 -0.268824 0.145841
v -0.755836 -0.245036 0.206947
v -0.260794 -0.130732 0.314302
v -0.579682 -0.210768 0.379398
v -0.621090 -0.248359 0.201996
v -0.394076 -0.248338 0.196805
v -0.368909 -0.210074 0.375797
v -0.755836 -0.133159 0.329299
v -0.821884 -0.196317 0.274446
v -0.260794 -0.243824 0.197065
v -0.195635 -0.193486 0.259316
v -0.685906 -0.232276 0.265658
v -0.767578 -0.223100 0.278894
v -0.767578 -0.186021 0.317794
v -0.313273 -0.169823 0.318604
v -0.232694 -0.221207 0.267551
v -0.499152 -0.170642 0.325525
v -0.313273 -0.231770 0.257204
v -0.499152 -0.232218 0.263047
v -0.685906 -0.171197 0.328748
v -0.232694 -0.183409 0.304868
v -0.690258 -0.243996 0.356905
v -0.259769 -0.211599 0.371518
v -0.477849 -0.271152 0.524803
v -0.579682 -0.245339 0.355316
v -0.368909 -0.245083 0.351984
v -0.304520 -0.270328 0.524803
v -0.690258 -0.213881 0.378059
v -0.563100 -0.292227 0.524803
v -0.259769 -0.242483 0.350837
v -0.220682 -0.271023 0.524803
v -0.232923 -0.228590 0.361645
v -0.228655 -0.263845 0.449320
v -0.228655 -0.250398 0.452271
v -0.595276 -0.271434 0.449342
v -0.595276 -0.245208 0.455380
v -0.279209 -0.243490 0.453979
v -0.436751 -0.270914 0.448945
v -0.436751 -0.244446 0.454933
v -0.717449 -0.230977 0.368596
v -0.646942 -0.252979 0.454009
v -0.646942 -0.266070 0.450986
v -0.279209 -0.270270 0.448053
v -0.277080 -0.315829 0.712537
v -0.477849 -0.292932 0.524803
v -0.304520 -0.292385 0.524803
v -0.154467 -0.315249 0.732880
v -0.563100 -0.273254 0.524803
v -0.349875 -0.330663 0.688143
v -0.220682 -0.290481 0.524803
v -0.114877 -0.315738 0.712537
v -0.321708 -0.293194 0.608271
v -0.204393 -0.281245 0.524803
v -0.170910 -0.306869 0.601399
v -0.170910 -0.297242 0.601399
v -0.446451 -0.293838 0.601399
v -0.579787 -0.283564 0.524803
v -0.486830 -0.299325 0.597894
v -0.486830 -0.308696 0.597894
v -0.202660 -0.311596 0.608271
v -0.202660 -0.292424 0.608271
v -0.446451 -0.312614 0.601399
v -0.321708 -0.312143 0.608271
v -0.136738 -0.343851 0.834006
v -0.277080 -0.331160 0.712537
v -0.154467 -0.330774 0.732880
v -0.043636 -0.343488 0.874693
v -0.349875 -0.317308 0.688143
v -0.207325 -0.344195 0.785218
v -0.114877 -0.329434 0.712537
v -0.036331 -0.343146 0.836342
v -0.054575 -0.343026 0.827452
v -0.117231 -0.333742 0.827452
v -0.054575 -0.333249 0.827452
v -0.117231 -0.343406 0.827452
v -0.120805 -0.322933 0.691647
v -0.067977 -0.340601 0.781683
v -0.067977 -0.335691 0.781683
v -0.363222 -0.324565 0.684638
v -0.254044 -0.337048 0.754817
v -0.254044 -0.341827 0.754817
v -0.214705 -0.343731 0.779347
v -0.214705 -0.334156 0.779347
v -0.203452 0.631660 0.000861
v -0.110039 0.712580 0.000861
v -0.012123 0.780636 0.000860
v 0.100168 0.729524 0.002793
v 0.105052 0.639684 0.005236
v 0.101109 0.687321 0.000861
v 0.104295 0.769250 0.000860
v 0.111708 0.590656 0.000861
v 2.088490 0.603987 0.002156
v 2.097142 0.627005 0.000862
v 1.707327 -0.011009 0.005420
v 1.775658 0.149399 0.004238
v 1.852863 0.258233 0.004039
v 1.938275 0.399371 0.003957
v 2.030784 0.496460 0.003171
v 1.963732 0.442454 0.000862
v 1.704773 -0.067092 0.000862
v 1.735624 0.069253 0.000862
v 1.813427 0.205134 0.000862
v 1.897899 0.330471 0.000862
v 2.004814 0.476252 0.000862
v 2.062526 0.549839 0.000862
v 1.748242 -0.217601 0.003264
v 1.809983 -0.383358 0.002297
v 1.791602 -0.329662 0.002164
v 1.779620 -0.311549 0.000862
v 1.758530 -0.259801 0.000862
v 1.800916 -0.356056 0.000862
v 1.824306 -0.408591 0.000942
v 1.732923 -0.166555 0.000862
v -1.590551 0.034222 0.260971
v -1.590175 0.104045 0.246489
v -1.682191 0.095147 0.212742
v -1.682231 0.031355 0.225614
v -1.609422 0.094965 0.247414
v -1.662959 0.090485 0.227467
v -1.663046 0.038673 0.238380
v -1.676762 0.048299 0.228519
v -1.676710 0.078923 0.222069
v -1.618192 0.029435 0.254427
v -1.654145 0.027742 0.240594
v -1.654123 0.102255 0.225420
v -1.618006 0.106187 0.238581
v -1.607019 0.079494 0.246256
v -1.623419 0.095596 0.236333
v -1.636276 0.104045 0.234486
v -1.662550 0.075812 0.226057
v -1.672319 0.063744 0.229739
v -1.646498 0.036548 0.240596
v -1.622801 0.038421 0.248772
v -1.636406 0.028724 0.250268
v -1.607199 0.056273 0.251160
v -1.607622 0.072508 0.221892
v -1.602121 0.066393 0.237829
v -1.619437 0.083944 0.214858
v -1.610673 0.087336 0.230052
v -1.636856 0.082484 0.209128
v -1.632031 0.094519 0.220953
v -1.647970 0.069968 0.207446
v -1.647970 0.051433 0.211376
v -1.660538 0.062036 0.217476
v -1.636857 0.040676 0.217993
v -1.619438 0.041706 0.223814
v -1.632032 0.033800 0.233828
v -1.607623 0.055012 0.225602
v -1.610675 0.044097 0.239221
v -1.635133 0.033719 0.250527
v -1.667929 0.064105 0.231491
v -1.635759 0.099708 0.236253
v -1.613057 0.090998 0.247241
v -1.604020 0.082248 0.253680
v -1.622553 0.100118 0.242281
v -1.550444 0.055331 0.266320
v -1.725059 0.046673 0.204139
v -1.660326 0.007688 0.230763
v -1.660324 0.118875 0.210158
v -1.695179 0.062683 0.215557
v -1.577120 0.069393 0.257381
v -1.635796 0.114185 0.227226
v -1.635520 0.017149 0.245049
v -1.416601 -0.198451 0.173876
v -1.642497 -0.117837 0.168918
v -1.558803 -0.192166 0.144107
v -1.793483 -0.099572 0.000860
v -1.776739 -0.099054 0.069776
v -1.727360 -0.181955 0.014692
v -1.677021 -0.180637 0.095383
v -1.546784 -0.174320 0.181058
v -1.393447 -0.178972 0.211952
v -1.393467 -0.160794 0.230935
v -1.416033 -0.167323 0.217770
v -0.899558 -0.169011 0.063207
v -0.919404 -0.167129 0.130111
v -0.955471 -0.163265 0.169183
v -1.177722 -0.169790 0.197139
v -0.936018 -0.141830 0.165367
v -1.161386 -0.163943 0.200648
v -0.935859 -0.122377 0.096140
v -0.889682 -0.150076 0.000861
v 0.055217 0.811637 0.000861
v -1.669722 -0.185884 0.052648
v -1.723689 -0.181827 0.000860
v -1.571829 -0.180527 0.135961
v -1.685982 -0.181290 0.077959
v -1.439833 -0.175998 0.182161
v -1.561560 -0.174790 0.167934
v -1.321710 -0.179106 0.170805
v -1.375287 -0.170546 0.202342
v -1.107500 -0.171548 0.167636
v -0.996124 -0.190961 0.040961
v -0.947117 -0.175278 0.090065
v -0.927290 -0.180538 0.000861
v -1.576106 -0.145424 0.189325
v -1.643822 -0.131019 0.140924
v -1.715397 -0.115805 0.087365
v -1.743724 -0.110574 0.039871
v -1.078088 -0.106531 0.157413
v -1.312341 -0.163012 0.202086
v -1.103507 -0.154449 0.187437
v -1.489744 -0.228206 0.026968
v -1.611776 -0.203407 0.000861
v -1.458872 -0.228669 0.061331
v -1.585478 -0.204464 0.057455
v -1.402600 -0.226371 0.088205
v -1.500782 -0.199963 0.118772
v -1.342296 -0.229097 0.084644
v -1.392501 -0.200477 0.140994
v -1.281983 -0.204929 0.116196
v -1.294487 -0.232226 0.064146
v -1.273537 -0.236038 0.030676
v -1.149446 -0.211518 0.063520
v -1.129391 -0.216708 0.000861
v -1.549349 -0.131624 0.168843
v -1.651413 -0.118480 0.104183
v -1.593045 -0.141081 0.173455
v -1.672740 -0.107714 0.077676
v -1.690294 -0.120612 0.103678
v -1.715754 -0.103862 0.017759
v -1.722523 -0.113907 0.070343
v -1.749732 -0.108958 0.000860
v -1.344649 -0.155680 0.195937
v -1.522779 -0.140213 0.180380
v -1.427351 -0.161490 0.211239
v -1.441572 -0.067298 0.109933
v -1.486398 -0.106418 0.151565
v -1.482437 -0.065822 0.089479
v -1.520698 -0.101692 0.135153
v -1.507668 -0.054602 0.061478
v -1.594814 -0.087381 0.082107
v -1.529294 -0.055574 0.039331
v -1.618961 -0.080687 0.054630
v -1.647945 -0.080572 0.000861
v -1.074743 -0.091264 0.000861
v -1.408466 -0.077291 0.121798
v -1.389046 -0.115928 0.167503
v -1.383226 -0.238943 0.000861
v -1.403638 -0.051197 0.000861
v -1.340044 -0.077221 0.136106
v -1.115456 -0.182598 0.118904
v -1.336353 -0.120341 0.183000
v -1.230841 -0.126902 0.181824
v -1.253557 -0.071166 0.085216
v -0.973426 -0.079363 0.354702
v -1.056742 -0.080738 0.349322
v -0.978984 0.047184 0.384290
v -1.062243 0.043848 0.378382
v -0.977864 0.178643 0.351089
v -1.061144 0.173271 0.345839
v -1.130488 -0.079694 0.339482
v -1.200874 -0.077545 0.327730
v -1.135599 0.041756 0.366473
v -1.205632 0.040113 0.352309
v -1.134538 0.167772 0.335984
v -1.204614 0.162211 0.324401
v -0.958692 -0.019216 0.376489
v -1.041978 -0.021515 0.370745
v -0.958724 0.115232 0.376516
v -1.041998 0.110859 0.370814
v -1.118649 -0.022473 0.361157
v -1.188736 -0.022121 0.347879
v -1.118659 0.106862 0.361292
v -1.188727 0.103225 0.348047
v -1.102063 -0.085126 0.340910
v -1.105528 0.042502 0.372437
v -0.936197 -0.083551 0.353582
v -1.019291 -0.084855 0.348269
v -0.942409 0.048667 0.386859
v -1.025668 0.045331 0.380951
v -0.936947 0.181300 0.353657
v -1.020227 0.175928 0.348407
v -1.169991 -0.083037 0.329579
v -1.240334 -0.080750 0.317945
v -1.175565 0.040863 0.358296
v -1.245599 0.039220 0.344136
v -1.170284 0.164976 0.330028
v -1.240360 0.159415 0.318446
v -1.079523 -0.022553 0.368147
v -0.915973 0.117489 0.379582
v -1.082458 0.108745 0.368178
v -0.999216 0.113117 0.373880
v -1.149659 -0.022322 0.355258
v -1.152502 0.105107 0.355270
v -1.231036 -0.021921 0.339783
v -1.225463 -0.183763 0.245192
v -1.160950 -0.022273 0.353058
v -0.912947 -0.017955 0.379635
v -0.996235 -0.020254 0.373891
v -0.924462 -0.018279 0.378825
v -1.219744 -0.021969 0.341979
v -1.090863 -0.022625 0.366333
v -1.007750 -0.020578 0.373081
v -1.222503 0.101469 0.342007
v -1.100192 0.170519 0.341490
v -1.183631 -0.133825 0.297563
v -1.201170 -0.137311 0.291313
v -1.206843 -0.137140 0.290423
v -0.951877 -0.138683 0.320005
v -1.034956 -0.139141 0.315192
v -1.114757 -0.137622 0.307674
v -1.154034 -0.189468 0.253994
v -1.129537 -0.141467 0.301653
v -1.135211 -0.141297 0.300764
v -1.062315 -0.199809 0.260342
v -1.084390 -0.148239 0.304785
v -1.056023 -0.143976 0.310329
v -1.061724 -0.143902 0.309635
v -0.999035 -0.195530 0.266916
v -0.972692 -0.143593 0.315105
v -0.978444 -0.143686 0.314748
v -0.868676 -0.238356 0.216082
v -0.896867 -0.143285 0.319409
v -0.917609 -0.195930 0.270890
v -0.861639 -0.139625 0.323467
v -0.891115 -0.143191 0.319766
v -1.228122 0.101346 0.340700
v -0.921736 0.117259 0.379129
v -1.158120 0.104984 0.353959
v -1.088097 0.108598 0.367058
v -1.004978 0.112887 0.373427
v -1.081012 0.230038 0.308943
v -0.947524 0.287798 0.277417
v -0.978756 0.285219 0.275823
v -1.009988 0.282640 0.274229
v -1.041220 0.280061 0.272635
v -1.144191 0.268688 0.263128
v -1.170474 0.265516 0.259669
v -1.196757 0.262344 0.256211
v -1.223039 0.259172 0.252753
v -0.998551 0.236394 0.313958
v -1.187793 0.219061 0.294087
v -0.957729 0.239486 0.316243
v -1.222026 0.215461 0.289159
v -1.041015 0.233195 0.311569
v -1.151938 0.222791 0.299282
v -0.915266 0.242685 0.318633
v -1.117703 0.226388 0.304190
v -0.990113 -0.268685 0.150910
v -1.039522 -0.267805 0.149388
v -1.155213 -0.258891 0.143472
v -1.208523 -0.253100 0.139326
v -1.187734 -0.226600 0.196368
v -1.031006 -0.237547 0.208481
v -1.120595 -0.233168 0.202884
v -0.953335 -0.238556 0.211474
v -1.013257 0.057306 0.330850
v -1.008709 0.038902 0.361169
v -1.017579 0.057191 0.330510
v -1.008178 0.119219 0.342977
v -1.019657 -0.009875 0.330251
v -1.018791 0.038607 0.360400
v -0.997678 -0.071737 0.286500
v -1.006449 -0.066068 0.327761
v -0.993364 -0.071690 0.286768
v -0.974087 -0.136234 0.272903
v -1.011021 -0.009713 0.330858
v -0.996381 -0.065910 0.328410
v -1.159639 -0.012213 0.313175
v -1.147899 -0.066161 0.312495
v -1.161771 0.051819 0.313185
v -1.159075 0.034251 0.341841
v -1.165984 0.051758 0.312201
v -1.158599 0.111000 0.325587
v -1.168107 -0.012189 0.311525
v -1.168919 0.034138 0.339653
v -1.148802 -0.071998 0.272305
v -1.157813 -0.065980 0.310834
v -1.144547 -0.072084 0.272972
v -1.129600 -0.134597 0.261209
v -0.930148 0.060678 0.336469
v -0.925476 0.042043 0.367078
v -0.934470 0.060563 0.336129
v -0.924913 0.123610 0.348484
v -0.936514 -0.007545 0.335901
v -0.935558 0.041748 0.366308
v -0.915818 -0.070361 0.291339
v -0.923544 -0.064552 0.333061
v -0.911504 -0.070314 0.291607
v -0.893409 -0.135790 0.277198
v -0.927878 -0.007383 0.336509
v -0.913475 -0.064393 0.333709
v -1.238323 -0.012076 0.298446
v -1.238906 0.032761 0.325467
v -1.220179 -0.069973 0.261426
v -1.228375 -0.064198 0.299149
v -1.215924 -0.070059 0.262094
v -1.201926 -0.130597 0.251422
v -1.229854 -0.012100 0.300093
v -1.218461 -0.064379 0.300811
v -1.231924 0.049927 0.300114
v -1.229059 0.032874 0.327650
v -1.236138 0.049866 0.299134
v -1.228648 0.107219 0.313192
v -1.090649 -0.011806 0.325580
v -1.077640 -0.067295 0.323348
v -1.092851 0.054171 0.325603
v -1.089858 0.035887 0.355527
v -1.097080 0.054097 0.324764
v -1.089328 0.114972 0.337569
v -1.099155 -0.011843 0.324220
v -1.099743 0.035726 0.353674
v -1.077300 -0.072784 0.281696
v -1.087602 -0.067235 0.322027
v -1.073024 -0.072821 0.282217
v -1.055300 -0.136495 0.268619
v -1.713601 -0.181757 0.042358
v -1.699843 -0.181559 0.070024
v -1.678501 -0.186001 0.034786
v -1.687530 -0.186122 0.016548
v -1.711606 -0.181661 0.026574
v -1.698959 -0.181486 0.052357
v -1.645136 -0.178990 0.118437
v -1.613252 -0.177343 0.141491
v -1.581367 -0.175696 0.164544
v -1.594603 -0.181738 0.119518
v -1.617363 -0.182949 0.103053
v -1.640103 -0.184159 0.086571
v -1.655032 -0.179677 0.100614
v -1.623918 -0.178047 0.123135
v -1.592787 -0.176416 0.145636
v -1.509502 -0.173214 0.191033
v -1.472220 -0.172108 0.201007
v -1.434938 -0.171002 0.210981
v -1.466435 -0.176798 0.175070
v -1.493036 -0.177599 0.167954
v -1.519629 -0.178398 0.160817
v -1.525249 -0.173697 0.177817
v -1.488868 -0.172611 0.187561
v -1.452483 -0.171524 0.197281
v -1.724471 -0.179832 0.013984
v -1.728530 -0.181945 0.004881
v -1.716354 -0.179114 0.023691
v -1.719638 -0.181817 0.022684
v -1.710384 -0.181615 0.021088
v -1.717493 -0.181704 0.004680
v -1.674848 -0.178612 0.092845
v -1.685323 -0.181137 0.085379
v -1.660901 -0.177945 0.099761
v -1.663884 -0.180027 0.100907
v -1.670924 -0.178524 0.089178
v -1.657726 -0.179888 0.094719
v -1.684871 -0.179191 0.082261
v -1.678592 -0.180987 0.079497
v -1.545393 -0.172736 0.178274
v -1.558044 -0.174662 0.174667
v -1.530305 -0.172294 0.179486
v -1.532995 -0.173918 0.181386
v -1.543248 -0.172686 0.173087
v -1.529923 -0.173844 0.173127
v -1.558337 -0.173128 0.171875
v -1.554340 -0.174575 0.166507
v -1.711131 -0.179373 0.041198
v -1.714842 -0.181750 0.032446
v -1.703944 -0.179251 0.049846
v -1.706120 -0.181626 0.050160
v -1.705718 -0.179253 0.039373
v -1.698150 -0.181450 0.046642
v -1.712905 -0.179375 0.030724
v -1.705925 -0.181554 0.030133
v -1.693624 -0.179295 0.065432
v -1.685862 -0.181282 0.071706
v -1.700462 -0.179409 0.057299
v -1.693977 -0.181394 0.055238
v -1.697908 -0.179390 0.068238
v -1.701541 -0.181562 0.059366
v -1.691070 -0.179276 0.076371
v -1.692751 -0.181436 0.077073
v -1.642782 -0.177386 0.115659
v -1.653762 -0.179498 0.108226
v -1.629065 -0.176723 0.122489
v -1.632280 -0.178386 0.123770
v -1.639457 -0.177311 0.111809
v -1.626924 -0.178264 0.117091
v -1.653174 -0.177974 0.104980
v -1.647879 -0.179366 0.101879
v -1.611234 -0.175747 0.138940
v -1.622178 -0.177858 0.131074
v -1.597718 -0.175088 0.145599
v -1.600680 -0.176745 0.146614
v -1.608382 -0.175682 0.134801
v -1.596072 -0.176639 0.139387
v -1.621897 -0.176341 0.128142
v -1.617078 -0.177742 0.124219
v -1.577225 -0.173604 0.156715
v -1.565194 -0.175013 0.161591
v -1.590545 -0.174258 0.150323
v -1.586207 -0.176117 0.146497
v -1.579691 -0.173661 0.161283
v -1.590573 -0.176217 0.153922
v -1.566371 -0.173006 0.167675
v -1.569088 -0.175105 0.169437
v -1.508505 -0.171639 0.187535
v -1.521126 -0.173564 0.184562
v -1.493684 -0.171203 0.188710
v -1.496049 -0.172819 0.191276
v -1.506980 -0.171602 0.182329
v -1.493896 -0.172766 0.182816
v -1.521801 -0.172038 0.181153
v -1.518365 -0.173497 0.176243
v -1.471618 -0.170542 0.197404
v -1.484187 -0.172465 0.194450
v -1.457079 -0.170111 0.198460
v -1.459116 -0.171721 0.201150
v -1.470655 -0.170517 0.192038
v -1.457862 -0.171687 0.192420
v -1.485194 -0.170947 0.190983
v -1.482336 -0.172419 0.185908
v -1.434328 -0.169431 0.201593
v -1.421847 -0.170608 0.201936
v -1.448547 -0.169855 0.200742
v -1.446277 -0.171339 0.195494
v -1.434737 -0.169445 0.207271
v -1.447230 -0.171366 0.204330
v -1.420518 -0.169022 0.208122
v -1.422197 -0.170623 0.211008
v -1.428411 -0.163053 0.204291
v -1.440728 -0.163420 0.201096
v -1.440897 -0.163424 0.202729
v -1.428482 -0.163056 0.206025
v -1.477476 -0.164515 0.192955
v -1.465018 -0.164146 0.196278
v -1.464786 -0.164139 0.194696
v -1.477151 -0.164507 0.191427
v -1.514071 -0.165606 0.183151
v -1.501607 -0.165236 0.186493
v -1.501217 -0.165227 0.184985
v -1.513577 -0.165594 0.181648
v -1.572565 -0.165356 0.161271
v -1.583225 -0.165908 0.153670
v -1.583928 -0.165923 0.154878
v -1.573224 -0.165372 0.162591
v -1.615207 -0.169791 0.134586
v -1.604490 -0.169239 0.142329
v -1.603751 -0.169221 0.141178
v -1.614404 -0.169773 0.133498
v -1.646488 -0.171424 0.109602
v -1.635791 -0.170873 0.117352
v -1.634933 -0.170853 0.116292
v -1.645531 -0.171404 0.108564
v -1.696816 -0.170880 0.071155
v -1.700857 -0.170937 0.062873
v -1.702097 -0.170964 0.063559
v -1.697920 -0.170904 0.071997
v -1.714534 -0.170111 0.036065
v -1.710448 -0.170053 0.044513
v -1.709027 -0.170022 0.043919
v -1.712706 -0.170071 0.035593
v -1.550641 -0.166696 0.176386
v -1.538209 -0.166328 0.179736
v -1.537639 -0.166314 0.178222
v -1.549942 -0.166680 0.174836
v -1.680325 -0.170990 0.086949
v -1.669679 -0.170441 0.094682
v -1.668641 -0.170417 0.093649
v -1.679144 -0.170964 0.085912
v -1.722573 -0.169264 0.019239
v -1.720227 -0.169213 0.018918
v -1.564480 -0.142750 0.181650
v -1.589015 -0.140408 0.169649
v -1.570843 -0.142622 0.176189
v -1.684454 -0.120970 0.101261
v -1.692230 -0.118869 0.090526
v -1.716021 -0.114227 0.068818
v -1.706878 -0.114921 0.074537
v -1.745721 -0.107937 0.000860
v -1.409238 -0.163031 0.206828
v -1.742496 -0.109330 0.000861
v -1.493904 -0.154028 0.201253
v -1.535074 -0.147572 0.190099
v -1.429736 -0.160664 0.206936
v -1.735684 -0.110962 0.038886
v -1.638520 -0.130922 0.137415
v -1.569162 -0.143293 0.181337
v -1.669155 -0.123914 0.110674
v -1.708399 -0.116283 0.085232
v -1.740700 -0.109420 0.019513
v -1.703695 -0.116606 0.083797
v -1.706140 -0.105596 0.036026
v -1.696421 -0.107340 0.054342
v -1.730671 -0.111205 0.038294
v -1.720728 -0.112983 0.057032
v -1.629134 -0.122800 0.119916
v -1.606854 -0.127121 0.135650
v -1.584574 -0.131441 0.151383
v -1.646237 -0.128505 0.126755
v -1.623320 -0.133095 0.142835
v -1.600404 -0.137685 0.158914
v -1.662138 -0.124810 0.111749
v -1.632005 -0.130750 0.132959
v -1.601872 -0.136691 0.154170
v -1.495618 -0.144106 0.184923
v -1.468456 -0.147998 0.189466
v -1.441292 -0.151890 0.194008
v -1.507268 -0.151279 0.194707
v -1.479465 -0.154987 0.199316
v -1.451663 -0.158694 0.203925
v -1.526974 -0.147809 0.188618
v -1.490327 -0.152875 0.194719
v -1.453681 -0.157942 0.200820
v -1.675542 -0.125179 0.100008
v -1.685970 -0.119894 0.092743
v -1.664634 -0.127574 0.109911
v -1.664407 -0.124093 0.107955
v -1.679551 -0.124876 0.101637
v -1.668209 -0.123881 0.109672
v -1.690459 -0.122482 0.091733
v -1.690143 -0.119505 0.094266
v -1.697578 -0.120220 0.081379
v -1.702430 -0.115594 0.076264
v -1.693913 -0.121690 0.088674
v -1.692201 -0.118492 0.087454
v -1.702298 -0.119898 0.082816
v -1.696640 -0.118081 0.088928
v -1.705963 -0.118428 0.075521
v -1.707078 -0.115385 0.077559
v -1.741266 -0.108385 0.004249
v -1.742701 -0.111429 0.013327
v -1.745412 -0.111306 0.002605
v -1.746873 -0.108084 0.004332
v -1.529680 -0.148326 0.187162
v -1.531291 -0.146740 0.186394
v -1.546293 -0.146534 0.185863
v -1.532699 -0.147488 0.189169
v -1.561356 -0.143946 0.181888
v -1.559461 -0.143886 0.184725
v -1.544744 -0.145738 0.183186
v -1.557682 -0.142994 0.181989
v -1.723810 -0.114751 0.037162
v -1.728499 -0.110694 0.028606
v -1.721065 -0.115605 0.047899
v -1.719184 -0.112362 0.046121
v -1.729330 -0.114487 0.037861
v -1.724207 -0.112132 0.046951
v -1.732074 -0.113632 0.027124
v -1.733709 -0.110440 0.029167
v -1.709626 -0.117937 0.072477
v -1.706294 -0.114682 0.070557
v -1.711110 -0.114483 0.071771
v -1.712179 -0.116320 0.061341
v -1.645635 -0.130996 0.120973
v -1.656151 -0.125712 0.113783
v -1.634376 -0.133521 0.131063
v -1.634528 -0.129923 0.129037
v -1.649065 -0.130929 0.122887
v -1.637771 -0.129944 0.131046
v -1.660325 -0.128405 0.112797
v -1.659763 -0.125556 0.115600
v -1.615724 -0.135844 0.142365
v -1.626325 -0.131531 0.134828
v -1.604132 -0.138493 0.152629
v -1.604655 -0.135751 0.150115
v -1.618585 -0.136007 0.144560
v -1.607345 -0.136003 0.152414
v -1.630177 -0.133359 0.134296
v -1.629380 -0.131607 0.136937
v -1.573910 -0.144565 0.173890
v -1.574790 -0.141579 0.171185
v -1.588112 -0.142188 0.165940
v -1.576932 -0.142060 0.173772
v -1.600010 -0.139420 0.155518
v -1.598992 -0.137659 0.158278
v -1.585808 -0.141798 0.163468
v -1.596487 -0.137353 0.155879
v -1.493054 -0.153456 0.193473
v -1.494908 -0.151889 0.192478
v -1.509428 -0.151578 0.192174
v -1.495770 -0.152476 0.195291
v -1.524796 -0.149067 0.188189
v -1.522561 -0.148870 0.190842
v -1.508422 -0.150944 0.189487
v -1.521333 -0.148137 0.188067
v -1.456455 -0.158569 0.199796
v -1.458533 -0.157034 0.198559
v -1.472578 -0.156613 0.198503
v -1.458858 -0.157464 0.201411
v -1.488218 -0.154178 0.194508
v -1.485657 -0.153856 0.196961
v -1.472095 -0.156134 0.195802
v -1.484971 -0.153281 0.194146
v -1.451616 -0.159277 0.200845
v -1.448745 -0.158846 0.203084
v -1.435763 -0.161305 0.202126
v -1.448592 -0.158424 0.200226
v -1.419886 -0.163664 0.206128
v -1.422168 -0.162176 0.204637
v -1.435739 -0.161635 0.204847
v -1.421963 -0.162451 0.207531
v -1.444431 -0.164558 0.201318
v -1.444378 -0.164384 0.200221
v -1.430152 -0.166400 0.202595
v -1.430079 -0.166493 0.203702
v -1.466443 -0.161145 0.195323
v -1.466575 -0.161300 0.196427
v -1.480946 -0.159362 0.194039
v -1.480685 -0.159128 0.192947
v -1.502755 -0.155810 0.188112
v -1.503099 -0.156030 0.189216
v -1.517462 -0.154093 0.186830
v -1.516983 -0.153794 0.185738
v -1.581291 -0.152368 0.168005
v -1.582179 -0.152569 0.169062
v -1.594001 -0.150212 0.160757
v -1.592977 -0.150090 0.159763
v -1.623336 -0.143560 0.138430
v -1.611681 -0.145832 0.146651
v -1.612801 -0.145940 0.147596
v -1.624596 -0.143588 0.139310
v -1.653676 -0.142553 0.115659
v -1.642071 -0.144814 0.123844
v -1.643430 -0.144826 0.124675
v -1.655176 -0.142484 0.116423
v -1.718318 -0.129502 0.065086
v -1.720631 -0.129408 0.065636
v -1.728533 -0.127081 0.031910
v -1.723654 -0.127959 0.041159
v -1.725996 -0.127849 0.041509
v -1.730959 -0.126961 0.032144
v -1.539082 -0.150410 0.180976
v -1.539649 -0.150698 0.182082
v -1.553979 -0.148765 0.179701
v -1.553273 -0.148399 0.178609
v -1.742894 -0.124096 0.008089
v -1.745568 -0.123956 0.008146
v -1.703025 -0.132053 0.077041
v -1.697690 -0.133562 0.082875
v -1.699650 -0.133372 0.083523
v -1.705073 -0.131969 0.077614
v -1.683994 -0.136692 0.095026
v -1.672456 -0.138941 0.103163
v -1.674059 -0.138855 0.103878
v -1.685741 -0.136525 0.095671
v 0.465352 -0.113477 0.209913
v 0.752801 -0.132152 0.124043
v 0.655050 -0.106350 0.168895
v 0.441852 -0.147818 0.200466
v 0.685457 -0.134019 0.149329
v 0.563131 -0.166372 0.149181
v 0.563094 -0.134084 0.179878
v 0.685475 -0.152371 0.132497
v 0.441870 -0.170810 0.178070
v 0.504810 -0.171024 0.190408
v 0.642275 -0.145087 0.168859
v 0.564307 -0.192442 0.235903
v 0.504685 -0.153331 0.203886
v 0.642406 -0.162792 0.155561
v 0.675792 -0.168644 0.211116
v 0.592002 -0.157047 0.206031
v 0.670992 -0.152744 0.156129
v 0.676669 -0.167917 0.171439
v 0.676539 -0.157364 0.177820
v 0.592254 -0.178157 0.193129
v 0.476085 -0.165089 0.205109
v 0.507599 -0.168226 0.229040
v 0.507722 -0.178783 0.222518
v 0.670860 -0.216180 0.283018
v 0.564069 -0.175228 0.245713
v 0.676040 -0.185848 0.201467
v 0.735700 -0.203362 0.268331
v 0.657822 -0.203108 0.244685
v 0.657573 -0.186907 0.254088
v 0.697085 -0.176187 0.200282
v 0.720203 -0.195774 0.228146
v 0.720075 -0.187676 0.232793
v 0.542986 -0.185637 0.247852
v 0.590861 -0.194561 0.271053
v 0.590982 -0.202665 0.266298
v 0.741649 -0.225186 0.308710
v 0.670692 -0.206538 0.289366
v 0.735874 -0.212997 0.262086
v 0.769036 -0.224015 0.295635
v 0.739898 -0.207705 0.261674
v 0.759513 -0.221113 0.284504
v 0.759454 -0.218495 0.286566
v 0.744942 -0.218274 0.297659
v 0.745056 -0.223513 0.293487
v 0.645248 -0.211972 0.289742
v 0.703418 -0.220654 0.306468
v 0.703473 -0.223274 0.304358
v -0.635268 0.409676 -0.071843
v -0.635809 0.355867 -0.214018
v -0.506934 0.391410 -0.142938
v -0.635809 0.257076 -0.321243
v -0.507476 0.313179 -0.270265
v -0.635809 0.128000 -0.379829
v -0.507475 0.196613 -0.353764
v -0.635809 -0.015169 -0.379127
v -0.507475 0.059114 -0.383201
v -0.621089 -0.127061 -0.331653
v -0.507475 -0.074979 -0.356472
v -0.635810 -0.292353 -0.078364
v -0.507476 -0.275052 -0.142268
v -0.379569 0.357434 -0.208297
v -0.379569 0.258445 -0.312680
v -0.379568 0.129110 -0.369269
v -0.379568 -0.014368 -0.368692
v -0.394075 -0.126657 -0.323567
v -0.379570 -0.292082 -0.076178
v -0.871441 0.393973 -0.073754
v -0.757094 0.382874 -0.146924
v -0.872495 -0.289580 -0.083671
v -0.712934 -0.274027 -0.147723
v -0.850175 -0.019751 -0.379496
v -0.712933 -0.079875 -0.360111
v -0.850553 0.120550 -0.380272
v -0.757093 0.051778 -0.388587
v -0.850413 0.246988 -0.319354
v -0.757093 0.190948 -0.357482
v -0.871440 0.337060 -0.219834
v -0.757093 0.305999 -0.272787
v -1.078943 0.372172 -0.070866
v -0.978961 0.359625 -0.151242
v -1.078462 -0.283074 -0.082781
v -1.081174 -0.236533 -0.204607
v -0.930618 -0.269736 -0.151023
v -0.890401 -0.077986 -0.358332
v -0.895724 0.050517 -0.388469
v -0.894583 0.184013 -0.354610
v -1.078943 0.312927 -0.218962
v -0.916291 0.290376 -0.277282
v -1.256010 0.343481 -0.065256
v -1.170676 0.335705 -0.142293
v -1.253928 -0.265288 -0.071034
v -1.272088 -0.216394 -0.188220
v -1.115832 -0.263172 -0.144801
v -1.274596 -0.134969 -0.276918
v -1.099398 -0.193725 -0.259089
v -1.274505 -0.021883 -0.329479
v -1.274141 0.098374 -0.329671
v -1.273328 0.209510 -0.279329
v -1.256009 0.292601 -0.195144
v -1.117905 0.271855 -0.264838
v -1.414303 0.309388 -0.058532
v -1.336792 0.310612 -0.122648
v -1.410647 -0.246057 -0.058416
v -1.338317 -0.236288 -0.124384
v -1.421892 -0.125094 -0.247902
v -1.338699 -0.174524 -0.227782
v -1.414302 -0.022916 -0.298686
v -1.339906 -0.079760 -0.295589
v -1.417341 0.086902 -0.297745
v -1.336791 0.035861 -0.322754
v -1.414302 0.189221 -0.253140
v -1.336791 0.149667 -0.298147
v -1.414303 0.267191 -0.168616
v -1.336791 0.246146 -0.227847
v -1.563637 0.265212 -0.050061
v -1.489823 0.272964 -0.107960
v -1.567920 -0.223976 -0.049674
v -1.487413 -0.219649 -0.111000
v -1.563636 -0.022891 -0.256498
v -1.494179 -0.074718 -0.260311
v -1.549515 0.088020 -0.257884
v -1.492861 0.026924 -0.283239
v -1.563636 0.159087 -0.218321
v -1.492861 0.128652 -0.261589
v -1.563636 0.228203 -0.144487
v -1.489823 0.215340 -0.200694
v -1.705574 0.219369 -0.039738
v -1.636028 0.229780 -0.089100
v -1.710444 -0.107590 -0.121195
v -1.633968 -0.196279 -0.087750
v -1.700860 -0.075550 -0.172417
v -1.711480 -0.005586 -0.202540
v -1.631313 -0.060029 -0.216930
v -1.725048 0.074502 -0.196537
v -1.611392 0.008415 -0.248351
v -1.705574 0.132379 -0.174360
v -1.611651 0.124853 -0.226194
v -1.705574 0.188550 -0.115097
v -1.636027 0.178909 -0.167153
v -1.835423 0.167906 -0.029439
v -1.770854 0.184677 -0.069455
v -1.839401 -0.085035 -0.029244
v -1.833034 -0.071818 -0.085227
v -1.835422 -0.035831 -0.129167
v -1.768465 -0.075939 -0.128955
v -1.836588 0.011545 -0.151923
v -1.776760 -0.024491 -0.167490
v -1.835422 0.110762 -0.129240
v -1.773821 0.092136 -0.168851
v -1.835423 0.147763 -0.085791
v -1.770854 0.147313 -0.129580
v -1.966114 0.113853 -0.014639
v -1.902836 0.134836 -0.044378
v -1.966072 -0.033605 -0.014627
v -1.966159 -0.022632 -0.043613
v -1.902749 -0.056774 -0.044349
v -1.966158 -0.001672 -0.066134
v -1.902836 -0.034540 -0.083223
v -1.960418 0.026867 -0.081742
v -1.897101 0.000442 -0.112693
v -1.959809 0.054216 -0.082055
v -1.894645 0.039678 -0.122172
v -1.966136 0.082753 -0.066161
v -1.896499 0.077958 -0.113025
v -1.966124 0.103113 -0.043641
v -1.902836 0.112833 -0.083265
v -2.069543 0.056374 -0.003649
v -0.143369 0.400782 -0.083531
v -0.143369 0.351051 -0.198083
v -0.259565 0.388681 -0.143707
v -0.143369 0.253713 -0.297375
v -0.259564 0.311909 -0.260072
v -0.143368 0.126535 -0.351185
v -0.259564 0.195926 -0.340432
v -0.143368 -0.014608 -0.350574
v -0.259564 0.055628 -0.368036
v -0.130091 -0.139759 -0.295726
v -0.303084 -0.078051 -0.345283
v -0.130091 -0.234400 -0.199421
v -0.143370 -0.287620 -0.072561
v -0.303085 -0.273347 -0.141784
v 0.083617 0.365856 -0.077464
v 0.083618 0.319901 -0.180814
v -0.026889 0.369214 -0.134252
v 0.083618 0.229450 -0.271476
v -0.026889 0.295704 -0.242582
v 0.083618 0.111271 -0.320552
v -0.026889 0.184573 -0.317525
v 0.083618 -0.016646 -0.320567
v -0.026888 0.053486 -0.343887
v 0.083618 -0.134825 -0.271510
v -0.026889 -0.077602 -0.317632
v 0.083618 -0.225275 -0.180848
v -0.026889 -0.188732 -0.242733
v 0.083617 -0.274226 -0.062819
v -0.026889 -0.262986 -0.130693
v 0.271054 0.317682 -0.065333
v 0.274195 0.275463 -0.160031
v 0.181893 0.325963 -0.120781
v 0.274196 0.195130 -0.240363
v 0.181893 0.259453 -0.217670
v 0.274196 0.090170 -0.283839
v 0.181893 0.158790 -0.284930
v 0.274196 -0.023438 -0.283838
v 0.181894 0.040050 -0.308548
v 0.278189 -0.129660 -0.238634
v 0.181893 -0.078690 -0.284929
v 0.278188 -0.207145 -0.161148
v 0.181893 -0.179352 -0.217668
v 0.274195 -0.252205 -0.055507
v 0.181893 -0.246612 -0.117115
v 0.458218 0.274166 -0.046561
v 0.461360 0.235318 -0.137877
v 0.363640 0.281451 -0.101394
v 0.461360 0.165374 -0.207208
v 0.366782 0.221440 -0.190777
v 0.461360 0.073988 -0.244729
v 0.366782 0.133115 -0.249793
v 0.461360 -0.024927 -0.244729
v 0.366782 0.028929 -0.270517
v 0.370775 -0.076519 -0.248064
v 0.465353 -0.187023 -0.134905
v 0.371551 -0.163616 -0.190640
v 0.461359 -0.223387 -0.047727
v 0.370775 -0.221012 -0.103680
v 0.663567 0.221400 -0.036705
v 0.659333 0.190271 -0.109252
v 0.559635 0.235388 -0.085036
v 0.659333 0.130753 -0.164368
v 0.559635 0.184373 -0.158395
v 0.659333 0.052990 -0.194197
v 0.559635 0.108023 -0.207484
v 0.659333 -0.031181 -0.194196
v 0.559636 0.017963 -0.224722
v 0.559635 -0.070720 -0.208366
v 0.655050 -0.168848 -0.106826
v 0.663545 -0.195841 -0.036704
v 0.559635 -0.197829 -0.083666
v 0.852471 0.142138 -0.080359
v 0.762411 0.182267 -0.063836
v 0.852471 0.095329 -0.121128
v 0.758177 0.141509 -0.121017
v 0.852471 0.034170 -0.143192
v 0.758177 0.078892 -0.158648
v 0.852471 -0.032028 -0.143191
v 0.758178 0.005031 -0.171862
v 0.848188 -0.094759 -0.121326
v 0.753895 -0.070402 -0.158846
v 0.848188 -0.139527 -0.082058
v 0.856683 -0.162864 -0.031799
v 0.758107 -0.170152 -0.065534
v 1.015030 0.106817 -0.053961
v 0.938515 0.136444 -0.046944
v 1.015031 0.071290 -0.081620
v 0.938515 0.104704 -0.084792
v 1.015031 0.024872 -0.096590
v 0.938515 0.056551 -0.111319
v 1.015031 -0.025370 -0.096589
v 0.938515 -0.000249 -0.120633
v 1.015031 -0.071788 -0.081620
v 0.938515 -0.057049 -0.111318
v 1.015030 -0.107315 -0.053960
v 0.938515 -0.105202 -0.084792
v 1.012703 -0.125903 -0.023362
v 0.938515 -0.136941 -0.046943
v 1.141698 0.091927 -0.012404
v 1.144026 0.077276 -0.037591
v 1.078410 0.102447 -0.030582
v 1.144026 0.051552 -0.057121
v 1.080737 0.077793 -0.057978
v 1.144026 0.017941 -0.067690
v 1.080737 0.041987 -0.076284
v 1.144026 -0.018439 -0.067690
v 1.080737 -0.000249 -0.082712
v 1.144026 -0.052049 -0.057120
v 1.080737 -0.042485 -0.076284
v 1.144026 -0.077774 -0.037590
v 1.080737 -0.078291 -0.057977
v 1.141698 -0.092425 -0.012404
v 1.078410 -0.102944 -0.030582
v 1.279706 0.069470 -0.006678
v 1.279706 0.058298 -0.020977
v 1.213288 0.071405 -0.019506
v 1.279706 0.038448 -0.032257
v 1.213288 0.054592 -0.037313
v 1.279706 0.012514 -0.038362
v 1.213288 0.029431 -0.049284
v 1.279706 -0.015558 -0.038362
v 1.213288 -0.000249 -0.053487
v 1.279706 -0.041493 -0.032257
v 1.213288 -0.029929 -0.049284
v 1.279706 -0.061342 -0.020977
v 1.213288 -0.055090 -0.037312
v 1.279706 -0.073196 -0.006678
v 1.213288 -0.071902 -0.019506
v 1.381537 0.107209 -0.003616
v 1.381537 0.087032 -0.012259
v 1.334461 0.073754 -0.010227
v 1.381537 0.054932 -0.019209
v 1.334461 0.054867 -0.020167
v 1.381537 0.012991 -0.022971
v 1.334461 0.027243 -0.026882
v 1.381537 -0.032406 -0.022970
v 1.334461 -0.005343 -0.029240
v 1.381537 -0.074347 -0.019209
v 1.334461 -0.037928 -0.026882
v 1.381537 -0.106448 -0.012258
v 1.334461 -0.065552 -0.020166
v 1.381537 -0.131076 -0.003616
v 1.334461 -0.085121 -0.010226
v 1.557238 0.287347 -0.003241
v 1.557239 0.240495 -0.011188
v 1.424915 0.140355 -0.007277
v 1.557239 0.154346 -0.017607
v 1.424915 0.103960 -0.014717
v 1.557239 0.041787 -0.020286
v 1.424915 0.050475 -0.019761
v 1.557239 -0.080047 -0.020285
v 1.424915 -0.012615 -0.021532
v 1.557239 -0.192606 -0.017606
v 1.424915 -0.075704 -0.019761
v 1.557239 -0.278755 -0.011186
v 1.424915 -0.129189 -0.014716
v 1.557238 -0.325969 -0.003239
v 1.424915 -0.166628 -0.007276
v 1.507972 -0.263357 -0.007276
v 1.507972 -0.205100 -0.014715
v 1.507972 -0.118795 -0.019760
v 1.507972 -0.016992 -0.021532
v 1.507972 0.084811 -0.019761
v 1.507972 0.171116 -0.014717
v 1.507972 0.229011 -0.007277
v 1.466444 0.201473 -0.003241
v 1.466444 0.167023 -0.011188
v 1.466444 0.106691 -0.017607
v 1.466444 0.027863 -0.021081
v 1.466444 -0.057459 -0.021081
v 1.466444 -0.136287 -0.017606
v 1.466444 -0.196619 -0.011187
v 1.466444 -0.233923 -0.003240
v 1.695788 0.386101 -0.003240
v 1.695788 0.325961 -0.011188
v 1.621979 0.314299 -0.007277
v 1.695788 0.214837 -0.016689
v 1.621979 0.235592 -0.014717
v 1.691208 0.074350 -0.014357
v 1.621979 0.117800 -0.018966
v 1.681145 -0.108974 -0.014222
v 1.621979 -0.021145 -0.016763
v 1.684205 -0.250446 -0.016039
v 1.621979 -0.160091 -0.018965
v 1.685034 -0.361062 -0.010644
v 1.621979 -0.277883 -0.014715
v 1.685034 -0.421202 -0.003239
v 1.621979 -0.356589 -0.007275
v 1.716969 -0.113955 -0.002242
v 1.728115 -0.158768 -0.005007
v 1.707002 -0.084171 -0.006722
v 1.752307 -0.285798 -0.006327
v 1.721207 -0.203339 -0.011211
v 1.763118 -0.391879 -0.006499
v 1.728416 -0.332074 -0.010444
v 1.762158 -0.454361 -0.002881
v 1.729246 -0.421765 -0.006733
v 1.767689 -0.291626 -0.001305
v 1.776842 -0.308451 -0.002426
v 1.761024 -0.269640 -0.003208
v 1.817789 -0.404867 -0.001182
v 1.780159 -0.341372 -0.003681
v 1.799098 -0.431253 -0.002838
v 1.799476 -0.364366 -0.001848
v 1.847081 0.491486 -0.003240
v 1.847070 0.429364 -0.010502
v 1.772260 0.416048 -0.007277
v 1.844821 0.319412 -0.010497
v 1.772260 0.325849 -0.013799
v 1.798556 0.186750 -0.005810
v 1.767680 0.195559 -0.012421
v 1.740203 0.084839 -0.006989
v 1.900149 0.342844 -0.005207
v 1.971107 0.572825 -0.003240
v 1.971043 0.509554 -0.006388
v 1.915907 0.513947 -0.006591
v 1.949524 0.426831 -0.004760
v 1.913647 0.428573 -0.008767
v 1.983002 0.465990 -0.001692
v 2.004814 0.488584 -0.003859
v 2.030790 0.604556 -0.002822
v 2.030779 0.542434 -0.005124
v 2.004825 0.566914 -0.005906
v 2.062520 0.557136 -0.002479
v 2.088464 0.627844 -0.000365
v 2.088464 0.614129 -0.001410
v 2.062494 0.603484 -0.003235
v -0.379028 0.409197 -0.080847
v -0.138090 0.428807 -0.025837
v 0.065594 0.400274 -0.025268
v -0.443213 0.425272 -0.023537
v 0.292678 0.326355 -0.021634
v -0.254791 0.419720 -0.042020
v 0.173940 0.355809 -0.038915
v -0.028484 0.399067 -0.040840
v -0.329752 0.441347 -0.021410
v -0.273161 0.490695 -0.016536
v -0.123236 0.481550 -0.019688
v -0.069726 0.627645 -0.010448
v 0.034505 0.611159 -0.010440
v 0.117014 0.503947 -0.012713
v -0.028845 0.578690 -0.012736
v 0.076201 0.555713 -0.012746
v 0.119802 0.543083 -0.005950
v -0.148064 0.589773 -0.012764
v -0.231996 0.590830 -0.005964
v -0.011696 0.710299 -0.005274
v 0.054503 0.699956 -0.005270
v 0.001378 0.664201 -0.007885
v 0.101496 0.593256 -0.009026
v 0.076081 0.648176 -0.007882
v -0.160849 0.631169 -0.009045
v -0.146434 0.673075 -0.003521
v -0.084019 0.672375 -0.007895
v 0.056786 0.794175 -0.000886
v 0.086640 0.789071 -0.000884
v 0.095705 0.688920 -0.004503
v 0.086068 0.738455 -0.002852
v -0.074633 0.712459 -0.004514
v -0.053952 0.747360 -0.001074
v -0.004111 0.751237 -0.002858
v 0.047127 0.748022 -0.002854
v 0.011098 0.784791 -0.000742
v 0.102725 0.774471 -0.000739
v -0.224681 0.553421 -0.012736
v -0.103934 0.550626 -0.014579
v 0.027855 0.529679 -0.014573
v 0.037945 0.459653 -0.019128
v 0.147343 0.432938 -0.016099
v 0.210832 0.365847 -0.021401
v -0.299275 0.520969 -0.007866
v -0.038166 0.440182 -0.022739
v -0.221546 0.458714 -0.022484
v -0.357959 0.468021 -0.009941
v 0.195179 0.396875 -0.010051
v 0.089156 0.478934 -0.016476
v -0.185136 0.519771 -0.016644
v -0.039345 0.507584 -0.016595
v 0.146748 0.461524 -0.007799
v 0.122278 0.412587 -0.021547
v -0.799995 -0.270499 -0.152264
v -0.799995 -0.086162 -0.354887
v -0.217273 -0.082469 -0.336017
v -0.217274 -0.268824 -0.144109
v -0.755835 -0.245037 -0.205216
v -0.260793 -0.130733 -0.312569
v -0.579681 -0.210769 -0.377666
v -0.621089 -0.248360 -0.200265
v -0.394076 -0.248338 -0.195073
v -0.368907 -0.210076 -0.374065
v -0.755835 -0.133161 -0.327569
v -0.821883 -0.196318 -0.272715
v -0.260794 -0.243825 -0.195332
v -0.195634 -0.193487 -0.257583
v -0.685905 -0.232277 -0.263926
v -0.767577 -0.223101 -0.277163
v -0.767577 -0.186023 -0.316063
v -0.313272 -0.169824 -0.316872
v -0.232693 -0.221208 -0.265818
v -0.499151 -0.170644 -0.323793
v -0.313272 -0.231771 -0.255471
v -0.499151 -0.232219 -0.261315
v -0.685905 -0.171198 -0.327017
v -0.232693 -0.183410 -0.303136
v -0.690257 -0.243998 -0.355173
v -0.259768 -0.211600 -0.369785
v -0.477847 -0.271154 -0.523071
v -0.579681 -0.245340 -0.353584
v -0.368907 -0.245085 -0.350251
v -0.304518 -0.270330 -0.523071
v -0.690257 -0.213882 -0.376327
v -0.563098 -0.292229 -0.523071
v -0.259768 -0.242484 -0.349104
v -0.220680 -0.271025 -0.523070
v -0.232922 -0.228592 -0.359912
v -0.228653 -0.263847 -0.447587
v -0.228653 -0.250400 -0.450538
v -0.595274 -0.271436 -0.447611
v -0.595274 -0.245210 -0.453648
v -0.279207 -0.243492 -0.452246
v -0.436749 -0.270916 -0.447212
v -0.436749 -0.244448 -0.453201
v -0.717447 -0.230978 -0.366865
v -0.646941 -0.252981 -0.452277
v -0.646941 -0.266071 -0.449254
v -0.279207 -0.270272 -0.446320
v -0.277078 -0.315831 -0.710804
v -0.477847 -0.292934 -0.523071
v -0.304518 -0.292387 -0.523071
v -0.154464 -0.315252 -0.731147
v -0.563098 -0.273256 -0.523072
v -0.349872 -0.330666 -0.686410
v -0.220680 -0.290483 -0.523070
v -0.114875 -0.315741 -0.710803
v -0.321706 -0.293197 -0.606538
v -0.204391 -0.281247 -0.523070
v -0.170908 -0.306872 -0.599665
v -0.170908 -0.297244 -0.599665
v -0.446448 -0.293840 -0.599666
v -0.579786 -0.283566 -0.523072
v -0.486827 -0.299327 -0.596162
v -0.486827 -0.308699 -0.596162
v -0.202658 -0.311599 -0.606537
v -0.202658 -0.292427 -0.606538
v -0.446448 -0.312616 -0.599666
v -0.321706 -0.312146 -0.606538
v -0.136734 -0.343854 -0.832272
v -0.277078 -0.331162 -0.710804
v -0.154464 -0.330777 -0.731147
v -0.043632 -0.343491 -0.872959
v -0.349872 -0.317311 -0.686410
v -0.207323 -0.344198 -0.783485
v -0.114875 -0.329437 -0.710803
v -0.036328 -0.343149 -0.834608
v -0.054571 -0.343029 -0.825718
v -0.117228 -0.333745 -0.825719
v -0.054571 -0.333252 -0.825718
v -0.117228 -0.343409 -0.825718
v -0.120802 -0.322936 -0.689913
v -0.067974 -0.340604 -0.779949
v -0.067974 -0.335694 -0.779949
v -0.363219 -0.324568 -0.682906
v -0.254041 -0.337051 -0.753083
v -0.254041 -0.341830 -0.753083
v -0.214702 -0.343734 -0.777614
v -0.214702 -0.334159 -0.777614
v 0.100168 0.729524 -0.001069
v 0.105053 0.639684 -0.003511
v 2.088490 0.603987 -0.000427
v 1.707327 -0.011009 -0.003691
v 1.775658 0.149399 -0.002510
v 1.852863 0.258233 -0.002310
v 1.938275 0.399371 -0.002228
v 2.030784 0.496460 -0.001443
v 1.748242 -0.217601 -0.001535
v 1.809983 -0.383358 -0.000536
v 1.791602 -0.329662 -0.000435
v -1.590174 0.104044 -0.244763
v -1.682190 0.095146 -0.211016
v -1.682230 0.031354 -0.223887
v -1.609421 0.094964 -0.245687
v -1.595464 0.084807 -0.250389
v -1.676762 0.048298 -0.226793
v -1.676709 0.078923 -0.220342
v -1.654145 0.027741 -0.238867
v -1.654122 0.102254 -0.223694
v -1.618005 0.106186 -0.236855
v -1.607018 0.079493 -0.244529
v -1.623418 0.095595 -0.234606
v -1.646495 0.093864 -0.226725
v -1.636276 0.104044 -0.232760
v -1.662553 0.052075 -0.229362
v -1.672318 0.063743 -0.228013
v -1.622800 0.038420 -0.247046
v -1.636405 0.028723 -0.248541
v -1.607198 0.056272 -0.249433
v -1.607621 0.072507 -0.220165
v -1.602121 0.066392 -0.236103
v -1.619436 0.083944 -0.213131
v -1.610673 0.087335 -0.228326
v -1.636855 0.082483 -0.207401
v -1.632030 0.094518 -0.219227
v -1.647969 0.069967 -0.205720
v -1.652577 0.084522 -0.213702
v -1.647970 0.051432 -0.209650
v -1.660537 0.062035 -0.215749
v -1.636856 0.040675 -0.216266
v -1.652578 0.040674 -0.222999
v -1.619437 0.041705 -0.222087
v -1.632031 0.033799 -0.232101
v -1.607622 0.055011 -0.223875
v -1.610674 0.044096 -0.237494
v -1.635132 0.033719 -0.248801
v -1.667928 0.064104 -0.229764
v -1.635758 0.099707 -0.234527
v -1.603957 0.068539 -0.253790
v -1.613056 0.090997 -0.245515
v -1.612807 0.045554 -0.255189
v -1.667696 0.051099 -0.233731
v -1.667661 0.077212 -0.228210
v -1.622381 0.035013 -0.254431
v -1.649339 0.033435 -0.244279
v -1.649322 0.097661 -0.230726
v -1.622552 0.100117 -0.240554
v -1.550443 0.055330 -0.264594
v -1.725055 0.046669 -0.202333
v -1.660325 0.007687 -0.229036
v -1.660323 0.118874 -0.208431
v -1.695178 0.062683 -0.213831
v -1.635795 0.114184 -0.225499
v -1.635519 0.017148 -0.243322
v -1.416600 -0.198452 -0.172148
v -1.642497 -0.117838 -0.167191
v -1.558802 -0.192166 -0.142379
v -1.776739 -0.099054 -0.068051
v -1.727360 -0.181955 -0.012969
v -1.677021 -0.180638 -0.093656
v -1.546783 -0.174321 -0.179331
v -1.393446 -0.178973 -0.210224
v -1.393466 -0.160795 -0.229206
v -1.416032 -0.167323 -0.216041
v -0.899558 -0.169011 -0.061483
v -0.919404 -0.167130 -0.128381
v -0.955470 -0.163266 -0.167454
v -1.177721 -0.169790 -0.195410
v -0.936017 -0.141830 -0.163638
v -1.161385 -0.163944 -0.198919
v -0.935858 -0.122377 -0.094415
v -1.669722 -0.185885 -0.050922
v -1.571829 -0.180528 -0.134233
v -1.685982 -0.181291 -0.076231
v -1.439832 -0.175999 -0.180433
v -1.561560 -0.174791 -0.166206
v -1.321709 -0.179107 -0.169077
v -1.375286 -0.170547 -0.200614
v -1.107499 -0.171549 -0.165907
v -0.996123 -0.190961 -0.039237
v -0.947117 -0.175279 -0.088336
v -1.643821 -0.131020 -0.139197
v -1.715397 -0.115805 -0.085638
v -1.743723 -0.110574 -0.038149
v -1.078087 -0.106531 -0.155685
v -1.312341 -0.163013 -0.200358
v -1.103507 -0.154449 -0.185707
v -1.492774 -0.155366 -0.204950
v -1.489744 -0.228206 -0.025244
v -1.458871 -0.228670 -0.059604
v -1.585478 -0.204464 -0.055728
v -1.402600 -0.226371 -0.086477
v -1.500782 -0.199963 -0.117044
v -1.342296 -0.229097 -0.082916
v -1.392500 -0.200477 -0.139266
v -1.281983 -0.204929 -0.114467
v -1.294487 -0.232226 -0.062418
v -1.273537 -0.236038 -0.028952
v -1.149446 -0.211518 -0.061792
v -1.549348 -0.131624 -0.167116
v -1.651413 -0.118481 -0.102456
v -1.593045 -0.141082 -0.171728
v -1.672739 -0.107714 -0.075949
v -1.690293 -0.120613 -0.101951
v -1.715754 -0.103862 -0.016035
v -1.722523 -0.113907 -0.068617
v -1.344648 -0.155681 -0.194208
v -1.522778 -0.140214 -0.178652
v -1.427350 -0.161491 -0.209511
v -1.441571 -0.067298 -0.108206
v -1.486398 -0.106418 -0.149838
v -1.482436 -0.065823 -0.087752
v -1.520698 -0.101693 -0.133425
v -1.507668 -0.054603 -0.059751
v -1.594814 -0.087381 -0.080380
v -1.529293 -0.055575 -0.037608
v -1.618961 -0.080687 -0.052904
v -1.408465 -0.077292 -0.120070
v -1.389045 -0.115929 -0.165775
v -1.340043 -0.077222 -0.134378
v -1.115456 -0.182598 -0.117175
v -1.336352 -0.120342 -0.181272
v -1.230840 -0.126902 -0.180096
v -1.253557 -0.071166 -0.083492
v -0.973425 -0.079364 -0.352972
v -1.056741 -0.080739 -0.347593
v -0.978983 0.047182 -0.382561
v -1.062242 0.043847 -0.376653
v -0.977863 0.178641 -0.349360
v -1.061143 0.173269 -0.344110
v -1.130486 -0.079695 -0.337753
v -1.200873 -0.077546 -0.326002
v -1.135598 0.041754 -0.364744
v -1.205631 0.040112 -0.350581
v -1.134537 0.167771 -0.334256
v -1.204613 0.162210 -0.322673
v -0.958691 -0.019218 -0.374759
v -1.041977 -0.021517 -0.369016
v -0.958722 0.115231 -0.374787
v -1.041997 0.110857 -0.369085
v -1.118648 -0.022474 -0.359428
v -1.188734 -0.022122 -0.346150
v -1.118657 0.106861 -0.359563
v -1.188725 0.103224 -0.346319
v -1.102062 -0.085127 -0.339181
v -1.105527 0.042501 -0.370708
v -0.936195 -0.083552 -0.351853
v -1.019290 -0.084856 -0.346540
v -0.942408 0.048665 -0.385130
v -1.025667 0.045330 -0.379222
v -0.936946 0.181298 -0.351928
v -1.020226 0.175927 -0.346678
v -1.169990 -0.083038 -0.327850
v -1.240333 -0.080751 -0.316216
v -1.175564 0.040861 -0.356568
v -1.245598 0.039219 -0.342407
v -1.170282 0.164975 -0.328300
v -1.240359 0.159414 -0.316718
v -1.079521 -0.022555 -0.366418
v -0.915972 0.117488 -0.377853
v -1.082456 0.108743 -0.366449
v -0.999214 0.113115 -0.372151
v -1.149658 -0.022323 -0.353529
v -1.152501 0.105105 -0.353542
v -1.231034 -0.021922 -0.338054
v -1.225462 -0.183764 -0.243463
v -1.160948 -0.022275 -0.351329
v -0.912946 -0.017957 -0.377906
v -0.996234 -0.020256 -0.372162
v -0.924460 -0.018280 -0.377095
v -1.219743 -0.021971 -0.340251
v -1.090862 -0.022627 -0.364604
v -1.007748 -0.020579 -0.371352
v -1.222502 0.101468 -0.340279
v -1.100191 0.170518 -0.339762
v -1.183630 -0.133826 -0.295834
v -1.201169 -0.137312 -0.289584
v -1.206842 -0.137141 -0.288694
v -0.951876 -0.138685 -0.318276
v -1.034955 -0.139143 -0.313463
v -1.114756 -0.137623 -0.305945
v -1.154033 -0.189469 -0.252265
v -1.129536 -0.141469 -0.299924
v -1.135209 -0.141298 -0.299035
v -1.062314 -0.199810 -0.258613
v -1.084389 -0.148240 -0.303056
v -1.056021 -0.143977 -0.308599
v -1.061723 -0.143903 -0.307905
v -0.999034 -0.195531 -0.265186
v -0.972691 -0.143594 -0.313375
v -0.978443 -0.143688 -0.313018
v -0.868676 -0.238357 -0.214351
v -0.896866 -0.143286 -0.317679
v -0.917608 -0.195931 -0.269159
v -0.861638 -0.139626 -0.321737
v -0.891114 -0.143192 -0.318036
v -1.228121 0.101345 -0.338972
v -0.921734 0.117258 -0.377400
v -1.158118 0.104983 -0.352231
v -1.088096 0.108597 -0.365330
v -1.004977 0.112886 -0.371698
v -1.081010 0.230037 -0.307215
v -0.947523 0.287797 -0.275689
v -0.978755 0.285218 -0.274095
v -1.009987 0.282639 -0.272501
v -1.041219 0.280059 -0.270907
v -1.144190 0.268687 -0.261400
v -1.170473 0.265515 -0.257942
v -1.196756 0.262343 -0.254484
v -1.223038 0.259171 -0.251025
v -0.998550 0.236393 -0.312230
v -1.187792 0.219060 -0.292360
v -0.957728 0.239485 -0.314515
v -1.222024 0.215460 -0.287431
v -1.041013 0.233194 -0.309840
v -1.151937 0.222790 -0.297554
v -0.915264 0.242684 -0.316905
v -1.117702 0.226386 -0.302462
v -0.990112 -0.268686 -0.149181
v -1.039522 -0.267806 -0.147659
v -1.155213 -0.258892 -0.141743
v -1.208522 -0.253100 -0.137598
v -1.187733 -0.226600 -0.194639
v -1.031006 -0.237548 -0.206751
v -1.120594 -0.233168 -0.201155
v -0.953334 -0.238557 -0.209744
v -1.013256 0.057305 -0.329121
v -1.008708 0.038900 -0.359440
v -1.017578 0.057190 -0.328781
v -1.008177 0.119218 -0.341248
v -1.019656 -0.009876 -0.328521
v -1.018790 0.038605 -0.358672
v -0.997677 -0.071738 -0.284771
v -1.006448 -0.066070 -0.326032
v -0.993363 -0.071691 -0.285039
v -0.974086 -0.136235 -0.271173
v -1.011020 -0.009714 -0.329129
v -0.996379 -0.065911 -0.326680
v -1.159638 -0.012214 -0.311447
v -1.147898 -0.066162 -0.310766
v -1.161770 0.051818 -0.311456
v -1.159074 0.034250 -0.340113
v -1.165983 0.051757 -0.310473
v -1.158597 0.110998 -0.323859
v -1.168105 -0.012190 -0.309797
v -1.168918 0.034137 -0.337924
v -1.148801 -0.071999 -0.270576
v -1.157812 -0.065981 -0.309105
v -1.144546 -0.072085 -0.271243
v -1.129599 -0.134598 -0.259480
v -0.930147 0.060677 -0.334740
v -0.925475 0.042042 -0.365348
v -0.934468 0.060561 -0.334400
v -0.924912 0.123609 -0.346755
v -0.936513 -0.007547 -0.334172
v -0.935557 0.041747 -0.364579
v -0.915817 -0.070362 -0.289610
v -0.923543 -0.064553 -0.331331
v -0.911503 -0.070315 -0.289877
v -0.893408 -0.135791 -0.275468
v -0.927877 -0.007384 -0.334780
v -0.913474 -0.064394 -0.331980
v -1.238322 -0.012077 -0.296717
v -1.238904 0.032759 -0.323739
v -1.220178 -0.069974 -0.259698
v -1.228374 -0.064199 -0.297421
v -1.215923 -0.070060 -0.260365
v -1.201926 -0.130598 -0.249693
v -1.229853 -0.012101 -0.298365
v -1.218460 -0.064380 -0.299082
v -1.231923 0.049926 -0.298386
v -1.229058 0.032873 -0.325922
v -1.236137 0.049865 -0.297405
v -1.228647 0.107218 -0.311464
v -1.090648 -0.011808 -0.323851
v -1.077639 -0.067296 -0.321619
v -1.092849 0.054170 -0.323875
v -1.089857 0.035886 -0.353799
v -1.097079 0.054096 -0.323035
v -1.089327 0.114971 -0.335841
v -1.099154 -0.011844 -0.322491
v -1.099742 0.035725 -0.351946
v -1.077299 -0.072785 -0.279967
v -1.087601 -0.067237 -0.320298
v -1.073023 -0.072822 -0.280488
v -1.055299 -0.136496 -0.266890
v -1.713601 -0.181757 -0.040631
v -1.699843 -0.181560 -0.068297
v -1.678501 -0.186001 -0.033059
v -1.687530 -0.186122 -0.014824
v -1.711606 -0.181661 -0.024847
v -1.698959 -0.181486 -0.050630
v -1.645136 -0.178991 -0.116710
v -1.613251 -0.177344 -0.139763
v -1.581366 -0.175697 -0.162817
v -1.594602 -0.181739 -0.117790
v -1.617362 -0.182949 -0.101326
v -1.640103 -0.184160 -0.084844
v -1.655032 -0.179677 -0.098886
v -1.623918 -0.178047 -0.121408
v -1.592787 -0.176416 -0.143909
v -1.509501 -0.173215 -0.189305
v -1.472219 -0.172109 -0.199279
v -1.434937 -0.171003 -0.209253
v -1.466435 -0.176799 -0.173342
v -1.493036 -0.177599 -0.166226
v -1.519628 -0.178399 -0.159089
v -1.525248 -0.173698 -0.176089
v -1.488868 -0.172612 -0.185833
v -1.452482 -0.171525 -0.195553
v -1.716354 -0.179114 -0.021964
v -1.719638 -0.181817 -0.020958
v -1.717204 -0.179673 -0.011694
v -1.710384 -0.181615 -0.019361
v -1.674847 -0.178613 -0.091117
v -1.685322 -0.181138 -0.083652
v -1.660901 -0.177946 -0.098034
v -1.663884 -0.180028 -0.099179
v -1.670924 -0.178525 -0.087450
v -1.657725 -0.179888 -0.092991
v -1.684871 -0.179192 -0.080533
v -1.678592 -0.180987 -0.077770
v -1.545393 -0.172737 -0.176547
v -1.558044 -0.174662 -0.172939
v -1.530304 -0.172295 -0.177758
v -1.532994 -0.173919 -0.179658
v -1.543248 -0.172686 -0.171359
v -1.529923 -0.173845 -0.171399
v -1.558336 -0.173129 -0.170147
v -1.554339 -0.174576 -0.164779
v -1.711131 -0.179373 -0.039470
v -1.714842 -0.181751 -0.030719
v -1.703944 -0.179251 -0.048119
v -1.706120 -0.181626 -0.048432
v -1.705718 -0.179253 -0.037645
v -1.698150 -0.181450 -0.044915
v -1.712905 -0.179375 -0.028996
v -1.705925 -0.181554 -0.028406
v -1.693624 -0.179295 -0.063705
v -1.685862 -0.181283 -0.069978
v -1.700462 -0.179410 -0.055572
v -1.693977 -0.181394 -0.053511
v -1.697908 -0.179391 -0.066510
v -1.701541 -0.181562 -0.057639
v -1.691070 -0.179276 -0.074644
v -1.692750 -0.181437 -0.075345
v -1.642782 -0.177387 -0.113932
v -1.653762 -0.179498 -0.106498
v -1.629065 -0.176724 -0.120761
v -1.632280 -0.178387 -0.122042
v -1.639457 -0.177311 -0.110082
v -1.626924 -0.178264 -0.115363
v -1.653174 -0.177975 -0.103253
v -1.647878 -0.179366 -0.100151
v -1.611233 -0.175748 -0.137212
v -1.622178 -0.177858 -0.129347
v -1.597717 -0.175088 -0.143871
v -1.600680 -0.176746 -0.144886
v -1.608381 -0.175682 -0.133074
v -1.596072 -0.176639 -0.137659
v -1.621897 -0.176341 -0.126415
v -1.617077 -0.177743 -0.122492
v -1.577224 -0.173604 -0.154988
v -1.565194 -0.175014 -0.159863
v -1.590544 -0.174259 -0.148595
v -1.586206 -0.176117 -0.144769
v -1.579690 -0.173662 -0.159555
v -1.590573 -0.176217 -0.152194
v -1.566370 -0.173007 -0.165948
v -1.569087 -0.175106 -0.167709
v -1.508505 -0.171640 -0.185807
v -1.521125 -0.173565 -0.182834
v -1.493684 -0.171203 -0.186982
v -1.496048 -0.172820 -0.189548
v -1.506979 -0.171603 -0.180601
v -1.493896 -0.172766 -0.181088
v -1.521800 -0.172039 -0.179425
v -1.518364 -0.173498 -0.174515
v -1.471617 -0.170543 -0.195676
v -1.484186 -0.172466 -0.192722
v -1.457078 -0.170112 -0.196731
v -1.459115 -0.171722 -0.199422
v -1.470654 -0.170517 -0.190310
v -1.457861 -0.171687 -0.190692
v -1.485194 -0.170948 -0.189255
v -1.482335 -0.172419 -0.184180
v -1.434327 -0.169432 -0.199865
v -1.421846 -0.170609 -0.200207
v -1.448546 -0.169856 -0.199014
v -1.446276 -0.171340 -0.193765
v -1.434736 -0.169446 -0.205543
v -1.447229 -0.171367 -0.202601
v -1.420517 -0.169022 -0.206394
v -1.422197 -0.170624 -0.209280
v -1.428410 -0.163054 -0.202563
v -1.440727 -0.163420 -0.199368
v -1.440896 -0.163425 -0.201000
v -1.428481 -0.163057 -0.204297
v -1.477475 -0.164516 -0.191227
v -1.465017 -0.164146 -0.194550
v -1.464785 -0.164140 -0.192968
v -1.477150 -0.164508 -0.189699
v -1.514070 -0.165607 -0.181424
v -1.501606 -0.165237 -0.184765
v -1.501216 -0.165227 -0.183257
v -1.513577 -0.165595 -0.179921
v -1.572565 -0.165356 -0.159543
v -1.583224 -0.165908 -0.151942
v -1.583927 -0.165924 -0.153150
v -1.573223 -0.165372 -0.160863
v -1.615206 -0.169792 -0.132859
v -1.604490 -0.169239 -0.140602
v -1.603750 -0.169221 -0.139450
v -1.614403 -0.169774 -0.131770
v -1.646488 -0.171425 -0.107875
v -1.635791 -0.170873 -0.115625
v -1.634933 -0.170853 -0.114564
v -1.645531 -0.171404 -0.106836
v -1.696816 -0.170880 -0.069428
v -1.700857 -0.170937 -0.061146
v -1.702096 -0.170965 -0.061832
v -1.697919 -0.170904 -0.070270
v -1.714533 -0.170111 -0.034338
v -1.710448 -0.170053 -0.042786
v -1.709027 -0.170022 -0.042192
v -1.712706 -0.170071 -0.033866
v -1.550640 -0.166697 -0.174659
v -1.538209 -0.166328 -0.178008
v -1.537638 -0.166314 -0.176494
v -1.549942 -0.166681 -0.173109
v -1.680324 -0.170991 -0.085221
v -1.669678 -0.170441 -0.092954
v -1.668640 -0.170417 -0.091922
v -1.679143 -0.170965 -0.084185
v -1.726506 -0.168779 -0.009488
v -1.722573 -0.169264 -0.017511
v -1.720227 -0.169213 -0.017190
v -1.723615 -0.168719 -0.009425
v -1.550837 -0.146103 -0.186702
v -1.564479 -0.142750 -0.179923
v -1.589014 -0.140408 -0.167922
v -1.570842 -0.142623 -0.174461
v -1.684453 -0.120970 -0.099534
v -1.692230 -0.118869 -0.088799
v -1.716021 -0.114227 -0.067092
v -1.706877 -0.114921 -0.072810
v -1.409237 -0.163032 -0.205100
v -1.535073 -0.147573 -0.188372
v -1.429735 -0.160665 -0.205208
v -1.735684 -0.110962 -0.037163
v -1.572582 -0.144326 -0.183410
v -1.638520 -0.130923 -0.135688
v -1.569161 -0.143293 -0.179609
v -1.669155 -0.123914 -0.108947
v -1.708398 -0.116283 -0.083505
v -1.740700 -0.109420 -0.017789
v -1.703695 -0.116607 -0.082070
v -1.706139 -0.105596 -0.034299
v -1.696421 -0.107340 -0.052616
v -1.730671 -0.111205 -0.036568
v -1.720728 -0.112983 -0.055306
v -1.629133 -0.122801 -0.118189
v -1.606853 -0.127121 -0.133922
v -1.584573 -0.131442 -0.149656
v -1.646236 -0.128505 -0.125028
v -1.623319 -0.133096 -0.141108
v -1.600403 -0.137686 -0.157187
v -1.662137 -0.124810 -0.110022
v -1.632004 -0.130751 -0.131232
v -1.601871 -0.136692 -0.152442
v -1.495617 -0.144107 -0.183195
v -1.468455 -0.147999 -0.187738
v -1.441291 -0.151890 -0.192280
v -1.507267 -0.151280 -0.192980
v -1.479464 -0.154987 -0.197588
v -1.451662 -0.158695 -0.202196
v -1.526973 -0.147809 -0.186890
v -1.490326 -0.152876 -0.192991
v -1.453680 -0.157943 -0.199092
v -1.675541 -0.125179 -0.098281
v -1.685970 -0.119895 -0.091016
v -1.664633 -0.127574 -0.108184
v -1.664406 -0.124094 -0.106227
v -1.679550 -0.124877 -0.099909
v -1.668209 -0.123882 -0.107945
v -1.690458 -0.122482 -0.090006
v -1.690143 -0.119505 -0.092539
v -1.697577 -0.120221 -0.079652
v -1.702430 -0.115594 -0.074537
v -1.693913 -0.121691 -0.086947
v -1.692201 -0.118492 -0.085727
v -1.702298 -0.119898 -0.081089
v -1.696640 -0.118081 -0.087201
v -1.705963 -0.118428 -0.073794
v -1.707078 -0.115385 -0.075832
v -1.736730 -0.111740 -0.011344
v -1.741266 -0.108385 -0.002526
v -1.745412 -0.111306 -0.000880
v -1.746873 -0.108084 -0.002608
v -1.529680 -0.148327 -0.185434
v -1.531290 -0.146741 -0.184666
v -1.546292 -0.146535 -0.184135
v -1.532698 -0.147489 -0.187442
v -1.561355 -0.143947 -0.180160
v -1.559460 -0.143886 -0.182997
v -1.544743 -0.145739 -0.181459
v -1.557682 -0.142995 -0.180261
v -1.723810 -0.114751 -0.035435
v -1.728498 -0.110694 -0.026879
v -1.721065 -0.115606 -0.046172
v -1.719184 -0.112362 -0.044394
v -1.729330 -0.114487 -0.036134
v -1.724207 -0.112132 -0.045224
v -1.732074 -0.113632 -0.025397
v -1.733709 -0.110440 -0.027440
v -1.709626 -0.117938 -0.070750
v -1.706293 -0.114682 -0.068830
v -1.717503 -0.116093 -0.060759
v -1.711110 -0.114484 -0.070044
v -1.645635 -0.130997 -0.119246
v -1.656151 -0.125712 -0.112056
v -1.634375 -0.133521 -0.129336
v -1.634527 -0.129923 -0.127310
v -1.649065 -0.130929 -0.121160
v -1.637771 -0.129944 -0.129319
v -1.660325 -0.128405 -0.111070
v -1.659762 -0.125556 -0.113873
v -1.615723 -0.135845 -0.140638
v -1.626324 -0.131532 -0.133100
v -1.604132 -0.138494 -0.150902
v -1.604654 -0.135752 -0.148387
v -1.618585 -0.136008 -0.142833
v -1.607344 -0.136004 -0.150686
v -1.630176 -0.133359 -0.132569
v -1.629379 -0.131607 -0.135209
v -1.573909 -0.144566 -0.172162
v -1.574790 -0.141579 -0.169458
v -1.588111 -0.142188 -0.164213
v -1.576931 -0.142061 -0.172045
v -1.600009 -0.139420 -0.153791
v -1.598991 -0.137659 -0.156550
v -1.585807 -0.141798 -0.161741
v -1.596487 -0.137354 -0.154152
v -1.493054 -0.153456 -0.191745
v -1.494907 -0.151889 -0.190750
v -1.509428 -0.151579 -0.190447
v -1.495769 -0.152477 -0.193563
v -1.524796 -0.149068 -0.186461
v -1.522560 -0.148870 -0.189114
v -1.508422 -0.150945 -0.187760
v -1.521333 -0.148138 -0.186339
v -1.456454 -0.158570 -0.198068
v -1.458532 -0.157035 -0.196831
v -1.472577 -0.156614 -0.196775
v -1.458857 -0.157464 -0.199683
v -1.488217 -0.154179 -0.192780
v -1.485656 -0.153857 -0.195233
v -1.472094 -0.156135 -0.194074
v -1.484970 -0.153281 -0.192418
v -1.451616 -0.159277 -0.199117
v -1.448744 -0.158847 -0.201355
v -1.435762 -0.161306 -0.200398
v -1.448592 -0.158425 -0.198498
v -1.419885 -0.163665 -0.204400
v -1.422167 -0.162176 -0.202908
v -1.435738 -0.161636 -0.203119
v -1.421963 -0.162451 -0.205803
v -1.444430 -0.164558 -0.199590
v -1.444377 -0.164385 -0.198493
v -1.430151 -0.166401 -0.200867
v -1.430078 -0.166494 -0.201974
v -1.466443 -0.161146 -0.193595
v -1.466574 -0.161301 -0.194699
v -1.480946 -0.159363 -0.192311
v -1.480684 -0.159128 -0.191219
v -1.502755 -0.155811 -0.186384
v -1.503098 -0.156030 -0.187488
v -1.517461 -0.154093 -0.185102
v -1.516983 -0.153795 -0.184011
v -1.581290 -0.152368 -0.166278
v -1.582178 -0.152570 -0.167335
v -1.594001 -0.150213 -0.159029
v -1.592976 -0.150091 -0.158036
v -1.623336 -0.143561 -0.136703
v -1.611680 -0.145833 -0.144924
v -1.612801 -0.145940 -0.145869
v -1.624595 -0.143589 -0.137583
v -1.653675 -0.142553 -0.113932
v -1.642071 -0.144815 -0.122116
v -1.643430 -0.144827 -0.122948
v -1.655176 -0.142485 -0.114696
v -1.718318 -0.129502 -0.063359
v -1.720630 -0.129408 -0.063909
v -1.725787 -0.129063 -0.054632
v -1.723431 -0.129151 -0.054202
v -1.728533 -0.127081 -0.030183
v -1.723654 -0.127959 -0.039432
v -1.725996 -0.127849 -0.039782
v -1.730958 -0.126961 -0.030417
v -1.539082 -0.150410 -0.179248
v -1.539648 -0.150698 -0.180354
v -1.553978 -0.148765 -0.177973
v -1.553272 -0.148400 -0.176881
v -1.742894 -0.124096 -0.006362
v -1.738234 -0.125489 -0.015390
v -1.740778 -0.125372 -0.015556
v -1.745568 -0.123956 -0.006419
v -1.703024 -0.132054 -0.075314
v -1.697690 -0.133562 -0.081148
v -1.699650 -0.133373 -0.081796
v -1.705072 -0.131969 -0.075887
v -1.683993 -0.136693 -0.093299
v -1.672456 -0.138941 -0.101436
v -1.674059 -0.138855 -0.102151
v -1.685740 -0.136526 -0.093944
v 0.465353 -0.113478 -0.208178
v 0.752802 -0.132152 -0.122306
v 0.655050 -0.106351 -0.167159
v 0.441853 -0.147818 -0.198730
v 0.685457 -0.134020 -0.147593
v 0.563131 -0.166372 -0.147445
v 0.563095 -0.134084 -0.178142
v 0.685476 -0.152371 -0.130761
v 0.441871 -0.170811 -0.176334
v 0.504811 -0.171025 -0.188672
v 0.642276 -0.145088 -0.167123
v 0.564308 -0.192443 -0.234167
v 0.504685 -0.153332 -0.202151
v 0.642406 -0.162792 -0.153825
v 0.675793 -0.168645 -0.209380
v 0.592002 -0.157047 -0.204295
v 0.670992 -0.152745 -0.154393
v 0.676670 -0.167917 -0.169703
v 0.676540 -0.157364 -0.176084
v 0.592255 -0.178158 -0.191394
v 0.476085 -0.165090 -0.203374
v 0.507600 -0.168226 -0.227304
v 0.507723 -0.178784 -0.220783
v 0.673183 -0.216181 -0.281282
v 0.564070 -0.175228 -0.243977
v 0.676041 -0.185848 -0.199731
v 0.736088 -0.203363 -0.266594
v 0.658210 -0.203109 -0.242949
v 0.657961 -0.186908 -0.252351
v 0.697086 -0.176188 -0.198546
v 0.720204 -0.195774 -0.226410
v 0.720075 -0.187677 -0.231057
v 0.542987 -0.185638 -0.246116
v 0.591250 -0.194562 -0.269317
v 0.591371 -0.202666 -0.264562
v 0.746553 -0.225187 -0.306974
v 0.673016 -0.206539 -0.287630
v 0.736262 -0.212998 -0.260350
v 0.769812 -0.224016 -0.293898
v 0.739899 -0.207706 -0.259937
v 0.759514 -0.221114 -0.282768
v 0.759455 -0.218496 -0.284829
v 0.747653 -0.218275 -0.295922
v 0.747766 -0.223514 -0.291750
v 0.646023 -0.211973 -0.288006
v 0.706386 -0.220655 -0.304732
v 0.706441 -0.223275 -0.302622
v 0.856704 0.165146 -0.031800
v 1.079520 0.110541 0.000861
v 1.012703 0.125406 -0.023362
v 1.037712 0.129606 0.009665
v 1.037712 0.129605 -0.007945
v 0.839438 0.181315 -0.011473
v 0.942384 0.152559 0.018312
v 0.839438 0.181315 0.013193
v 0.942384 0.152558 -0.016591
v 0.903291 0.184787 0.010985
v 1.004693 0.158866 -0.009205
v 0.969167 0.222345 0.005831
v 0.903291 0.184787 -0.009269
v 1.004693 0.158867 0.010921
v 1.015570 0.210495 -0.004087
v 0.880782 0.192243 0.000858
v 0.919240 0.208807 -0.003598
v 0.919240 0.208808 0.005313
v 1.027199 0.154479 0.000858
v 1.023400 0.182076 0.005273
v 1.023400 0.182075 -0.003559
v 0.971325 0.194692 -0.008014
v 0.971325 0.194693 0.009729
v 1.007119 0.239279 0.000855
v 0.969167 0.222345 -0.004118
v 1.015570 0.210495 0.005799
v 1.023420 0.235123 0.000855
v 0.959775 0.225247 0.000856
v 0.993375 0.236222 -0.000407
v 0.993375 0.236222 0.002118
v 1.009545 0.231980 -0.001658
v 1.009545 0.231980 0.003369
v 1.024948 0.208500 0.000856
v 1.025707 0.227953 0.002106
v 1.025707 0.227953 -0.000396
v 0.856683 -0.162864 0.033526
v 1.079520 -0.111038 0.000861
v 1.012703 -0.125904 0.025089
v 0.852764 -0.176017 -0.010972
v 1.039726 -0.130598 0.009168
v 1.039726 -0.130598 -0.007448
v 0.950137 -0.152153 -0.015593
v 0.852764 -0.176017 0.012691
v 0.950137 -0.152154 0.017314
v 0.950893 -0.177238 -0.005765
v 1.019076 -0.159928 0.007440
v 1.026523 -0.190021 0.000857
v 0.950893 -0.177238 0.007482
v 1.019076 -0.159928 -0.005723
v 1.036447 -0.187495 0.000857
v 1.019871 -0.183659 0.003323
v 1.034669 -0.156973 0.000858
v 1.036978 -0.179560 -0.000370
v 1.036978 -0.179560 0.002085
v 0.935109 -0.181935 0.000858
v 1.002657 -0.188228 0.002096
v 1.002657 -0.188228 -0.000380
v 1.019871 -0.183659 -0.001608
v -2.069526 0.057353 0.000861
v -2.069712 0.032203 0.005336
v -2.069709 0.035088 0.009711
v -2.069697 0.039325 0.012656
v -2.069674 0.044278 0.013691
v -2.069639 0.049242 0.012688
v -2.069596 0.053502 0.009757
v -2.018289 0.086193 -0.017535
v -2.018458 -0.002413 -0.017493
v -2.018454 0.008061 -0.033588
v -2.018443 0.023736 -0.044422
v -2.018419 0.042231 -0.048240
v -2.018384 0.060738 -0.044458
v -2.018342 0.076335 -0.033641
v -2.054665 0.018349 0.005643
v -2.054391 0.068841 -0.003952
v -2.054524 0.058053 -0.020579
v -2.054652 0.029340 0.022240
v -2.054663 0.022207 -0.013131
v -2.054524 0.058053 0.022304
v -2.054626 0.038642 0.026240
v -2.054582 0.048717 0.026267
v -2.054663 0.022207 0.014856
v -2.054448 0.065090 -0.013200
v -2.054665 0.018349 -0.003921
v -2.054582 0.048717 -0.024542
v -2.054391 0.068841 0.005674
v -2.054448 0.065090 0.014925
v -2.054626 0.038642 -0.024515
v -2.054652 0.029340 -0.020515
v -2.073027 0.049255 0.003729
v -2.073018 0.050145 0.001755
v -2.069543 0.056374 0.005374
v -2.073018 0.050145 -0.000032
v -2.073027 0.049255 -0.002004
v -2.073040 0.047593 -0.003748
v -2.069596 0.053502 -0.008032
v -2.073050 0.045518 -0.004637
v -2.069638 0.049242 -0.010963
v -2.073057 0.043306 -0.004633
v -2.069674 0.044278 -0.011966
v -2.073061 0.041237 -0.003737
v -2.069697 0.039325 -0.010931
v -2.073063 0.039575 -0.001992
v -2.069709 0.035088 -0.007986
v -2.073064 0.038684 -0.000027
v -2.069712 0.032203 -0.003611
v -2.073064 0.038685 0.001750
v -2.069712 0.031231 0.000861
v -2.073063 0.039575 0.003718
v -2.073061 0.041237 0.005462
v -2.073057 0.043306 0.006358
v -2.073050 0.045518 0.006362
v -2.073040 0.047593 0.005473
v -1.829833 0.046123 -0.136731
v -1.827111 0.049652 -0.148648
v -1.819100 0.039328 -0.152746
v -1.819798 0.040623 -0.144386
v -1.822441 0.038685 -0.143070
v -1.833581 0.047670 -0.137363
v -1.830922 0.049640 -0.138718
v -1.827366 0.050518 -0.140504
v -1.831340 0.039238 -0.138030
v -1.833971 0.040945 -0.137176
v -1.835052 0.043656 -0.136617
v -1.821893 0.049465 -0.143272
v -1.819286 0.047384 -0.144603
v -1.818164 0.044706 -0.145157
v -1.840502 0.043473 0.143706
v -1.822176 0.038782 0.145014
v -1.819534 0.040720 0.146330
v -1.827367 0.050518 0.142298
v -1.830922 0.049640 0.140512
v -1.833581 0.047671 0.139157
v -1.835025 0.043596 0.138492
v -1.833944 0.040885 0.139052
v -1.818164 0.044707 0.146951
v -1.819270 0.047411 0.146393
v -1.821878 0.049492 0.145062
v -1.829805 0.046063 0.138607
v -1.596233 0.054015 0.258516
v -1.595465 0.084808 0.252116
v -1.652578 0.084522 0.215428
v -1.646496 0.093865 0.228451
v -1.652579 0.040675 0.224726
v -1.662554 0.052076 0.231089
v -1.603958 0.068539 0.255517
v -1.649340 0.033436 0.246006
v -1.667697 0.051100 0.235458
v -1.667662 0.077213 0.229937
v -1.649323 0.097662 0.232453
v -1.604029 0.055810 0.259330
v -1.612808 0.045555 0.256915
v -1.622383 0.035014 0.256158
v -1.492775 -0.155365 0.206678
v -1.726506 -0.168779 0.011215
v -1.723615 -0.168718 0.011152
v -1.717204 -0.179673 0.013420
v -1.572583 -0.144325 0.185137
v -1.550838 -0.146102 0.188429
v -1.738234 -0.125489 0.017117
v -1.736730 -0.111740 0.013070
v -1.740778 -0.125372 0.017283
v -1.725787 -0.129063 0.056359
v -1.717504 -0.116093 0.062486
v -1.723431 -0.129151 0.055929
v -1.590550 0.034221 -0.259244
v -1.618191 0.029434 -0.252700
v -1.577119 0.069392 -0.255654
v -1.596232 0.054014 -0.256790
v -1.662549 0.075811 -0.224331
v -1.646498 0.036547 -0.238870
v -1.604019 0.082247 -0.251954
v -1.604028 0.055809 -0.257604
v -1.663045 0.038672 -0.236654
v -1.662958 0.090484 -0.225741
v -1.576105 -0.145425 -0.187597
v -1.564955 -0.112596 -0.215148
v -1.724471 -0.179832 -0.012257
v -1.728531 -0.181945 -0.003158
v -1.717493 -0.181704 -0.002957
v -1.493903 -0.154028 -0.199525
v -1.742701 -0.111430 -0.011601
v -1.712179 -0.116320 -0.059614
v -1.836589 0.011545 0.153925
v -1.837656 0.026537 0.156993
v -1.894646 0.039678 0.124174
v -1.847992 0.040091 0.151811
v -1.831125 0.048443 0.160246
v -1.827096 0.049679 0.150438
v -1.820786 0.034821 0.165564
v -1.819101 0.039328 0.154540
v -1.832407 0.033137 -0.146001
v -1.837655 0.026536 -0.154975
v -1.840501 0.043473 -0.141912
v -1.847992 0.040090 -0.149793
v -1.831135 0.048410 -0.158201
v -1.831401 0.062488 -0.154362
v -1.820786 0.034820 -0.163547
v -1.776177 0.031147 -0.181076
v -1.819262 0.043598 0.154441
v -1.822161 0.047629 0.152899
v -1.832712 0.049518 0.147620
v -1.837692 0.047183 0.145117
v -1.840386 0.039181 0.143796
v -1.837447 0.035235 0.145378
v -1.826893 0.033281 0.150729
v -1.821874 0.035663 0.153174
v -1.819278 0.043571 -0.152651
v -1.822256 0.047470 -0.151128
v -1.832712 0.049517 -0.145826
v -1.837691 0.047182 -0.143324
v -1.840386 0.039180 -0.142003
v -1.837126 0.035495 -0.143189
v -1.826892 0.033280 -0.148935
v -1.821873 0.035662 -0.151380
v -1.831494 0.038615 0.140712
v -1.832729 0.032877 0.148190
v -1.550514 -0.146684 -0.188857
v -1.606047 0.035300 -0.256047
v -1.549474 -0.148006 0.194511
v -1.582866 -0.136503 0.193896
v -1.568541 -0.144460 -0.185273
v -1.727561 -0.179441 -0.005428
v -1.599547 0.042578 0.258989
v -1.718758 -0.181631 -0.004811
v -1.839385 0.029627 0.152759
v -1.660074 0.036917 0.241594
v -1.722121 -0.115725 -0.052286
v -1.820882 0.040668 0.165478
v -1.819841 0.037607 0.167096
v -1.658214 0.043644 0.233508
v -1.728073 -0.181834 -0.004978
v -1.731632 -0.110131 0.021040
v -1.658212 0.084745 -0.223067
v -1.725082 -0.178211 0.005872
v -1.716826 -0.115942 0.053075
v -1.738608 -0.109783 -0.019872
v -1.720929 -0.179299 -0.005399
v -1.554776 -0.139880 0.202767
v -1.733064 -0.110387 -0.023572
v -1.656549 0.091315 -0.228399
v -1.720929 -0.179299 0.007126
v -1.590929 0.065008 -0.255709
v -1.732578 -0.112938 -0.019519
v -1.833294 0.048739 0.155633
v -1.601046 0.072226 0.257317
v -1.839664 0.047275 -0.150577
v -1.601225 0.065864 0.258646
v -1.725082 -0.178211 -0.004145
v -1.718758 -0.181631 0.006538
v -1.661946 0.043968 0.238109
v -1.654545 0.088874 -0.223622
v -1.590930 0.065009 0.257436
v -1.606048 0.035301 0.257773
v -1.734831 -0.114264 -0.021195
v -1.658213 0.084746 0.224793
v -1.661945 0.043967 -0.236382
v -1.601224 0.065863 -0.256919
v -1.601045 0.072225 -0.255590
v -1.832955 0.028376 -0.154163
v -1.654546 0.040094 -0.233965
v -1.846004 0.038411 -0.147457
v -1.731632 -0.110131 -0.019313
v -1.826896 0.047474 -0.157027
v -1.714519 -0.113208 -0.051716
v -1.608761 0.046258 -0.258178
v -1.826521 0.029896 0.159179
v -1.846005 0.038412 0.149306
v -1.612974 0.041223 0.259235
v -1.839664 0.047275 0.152427
v -1.728073 -0.181834 0.006704
v -1.664518 0.087649 0.229250
v -1.716826 -0.115942 -0.051348
v -1.844155 0.033354 0.150258
v -1.821854 0.033677 -0.159679
v -1.721014 -0.112925 -0.052950
v -1.664602 0.041277 0.239026
v -1.830539 0.026637 -0.158556
v -1.834216 0.025173 -0.157453
v -1.824344 0.029611 -0.161695
v -1.827088 0.026819 -0.161037
v -1.821758 0.031414 -0.163840
v -1.597879 0.065417 0.258231
v -1.821855 0.033677 0.161528
v -1.660073 0.036916 -0.239868
v -1.826211 0.037552 -0.141579
v -1.659995 0.092683 0.229844
v -1.590000 0.074152 -0.253958
v -1.720989 -0.116986 0.051904
v -1.664601 0.041276 -0.237299
v -1.597934 0.073856 0.256421
v -1.658213 0.043643 -0.231782
v -1.844352 0.043484 0.150098
v -1.611620 0.038424 0.258495
v -1.820238 0.038734 -0.160468
v -1.721014 -0.112925 0.054677
v -1.656550 0.091316 0.230126
v -1.599546 0.042577 -0.257263
v -1.661918 0.085287 0.229358
v -1.722121 -0.115725 0.054013
v -1.605699 0.045085 -0.257831
v -1.654547 0.040095 0.235691
v -1.727561 -0.179441 0.007155
v -1.664517 0.087648 -0.227524
v -1.549473 -0.148007 -0.192783
v -1.738243 -0.112667 -0.019950
v -1.605700 0.045086 0.259558
v -1.571280 -0.145337 -0.187914
v -1.590001 0.074153 0.255684
v -1.825947 0.037649 0.143524
v -1.733064 -0.110387 0.025299
v -1.844053 0.029320 0.153765
v -1.841529 0.026622 0.156027
v -1.847868 0.034311 0.151861
v -1.847213 0.030899 0.153197
v -1.849435 0.036802 0.152169
v -1.550515 -0.146683 0.190585
v -1.826807 0.047638 0.158886
v -1.654546 0.088875 0.225348
v -1.714519 -0.113208 0.053443
v -1.827214 0.042154 -0.138109
v -1.820238 0.038734 0.162318
v -1.568541 -0.144459 0.187000
v -1.832956 0.028377 0.156013
v -1.719865 -0.112743 0.050080
v -1.820892 0.040636 -0.163433
v -1.819840 0.037606 -0.164855
v -1.824692 0.045630 -0.161461
v -1.821984 0.043570 -0.163677
v -1.827739 0.047840 -0.160758
v -1.597933 0.073855 -0.254694
v -1.724648 -0.181694 -0.001854
v -1.608762 0.046259 0.259905
v -1.597878 0.065416 -0.256504
v -1.659994 0.092682 -0.228118
v -1.822096 0.043788 -0.159487
v -1.828677 0.038114 -0.139766
v -1.822007 0.043953 0.161345
v -1.824345 0.029611 0.163713
v -1.821758 0.031414 0.166082
v -1.830540 0.026637 0.160574
v -1.827088 0.026820 0.163278
v -1.834217 0.025174 0.159695
v -1.661918 0.085286 -0.227631
v -1.838174 0.048320 -0.154644
v -1.835048 0.049296 -0.157085
v -1.844368 0.045341 -0.151539
v -1.842074 0.047662 -0.153529
v -1.847486 0.042998 -0.150882
v -1.833293 0.048738 -0.153783
v -1.734831 -0.114264 0.022921
v -1.656575 0.038768 0.241250
v -1.582865 -0.136504 -0.192169
v -1.847867 0.034310 -0.149843
v -1.849434 0.036801 -0.149928
v -1.844052 0.029319 -0.151747
v -1.847212 0.030898 -0.150955
v -1.841529 0.026622 -0.153786
v -1.844154 0.033353 -0.148408
v -1.839063 0.029887 -0.150514
v -1.844369 0.045341 0.153557
v -1.847487 0.042999 0.153123
v -1.838175 0.048321 0.156661
v -1.842075 0.047663 0.155770
v -1.835048 0.049297 0.159327
v -1.826520 0.029896 -0.157329
v -1.656574 0.038767 -0.239523
v -1.554775 -0.139881 -0.201039
v -1.720989 -0.116986 -0.050177
v -1.738243 -0.112667 0.021677
v -1.612973 0.041222 -0.257508
v -1.732578 -0.112938 0.021246
v -1.724648 -0.181694 0.003580
v -1.738608 -0.109783 0.021599
v -1.719865 -0.112743 -0.048353
v -1.571281 -0.145336 0.189642
v -1.844352 0.043483 -0.148249
v -1.611619 0.038423 -0.256768
v -1.605845 0.039889 0.258736
v -1.594348 0.069813 0.256762
v -1.658485 0.088164 0.228306
v -1.658494 0.041539 0.238189
v -1.598749 0.069521 0.258812
v -1.661889 0.039368 0.240683
v -1.661829 0.089983 0.229980
v -1.609259 0.042155 0.260570
v -1.570607 -0.146077 0.192734
v -1.727897 -0.181334 0.004459
v -1.721778 -0.181204 0.004534
v -1.568167 -0.145018 0.189073
v -1.730985 -0.110863 0.024222
v -1.736091 -0.110623 0.024690
v -1.722110 -0.113137 0.051282
v -1.717280 -0.113335 0.050414
v -1.605844 0.039888 -0.257009
v -1.594347 0.069812 -0.255035
v -1.658484 0.088163 -0.226580
v -1.658493 0.041538 -0.236463
v -1.598748 0.069520 -0.257086
v -1.661889 0.039367 -0.238957
v -1.661829 0.089982 -0.228254
v -1.609257 0.042154 -0.258843
v -1.570606 -0.146078 -0.191006
v -1.727897 -0.181334 -0.002733
v -1.721778 -0.181204 -0.002808
v -1.568167 -0.145019 -0.187345
v -1.730985 -0.110863 -0.022495
v -1.736091 -0.110623 -0.022963
v -1.722110 -0.113137 -0.049555
v -1.717280 -0.113335 -0.048687
v -1.824431 0.048466 -0.139469
v -1.821513 0.044371 -0.140986
v -1.822029 0.043617 0.166168
v -1.827784 0.047886 0.163250
v -1.824630 0.045823 0.163644
v -1.824431 0.048466 0.141263
v -1.821249 0.044468 0.142930
v -1.826781 0.041887 0.140545
v -0.507477 -0.293216 0.075586
v -0.507477 -0.248437 0.199783
v -0.507477 -0.126842 0.329920
v -0.507477 -0.010967 0.377538
v -0.507477 0.129199 0.377391
v -0.507477 0.258696 0.319821
v -0.507477 0.357808 0.213639
v -0.505309 0.412820 0.067809
v -0.757095 0.402989 0.076140
v -0.757095 -0.289761 0.091321
v -0.698215 -0.248316 0.202273
v -0.698215 -0.127571 0.333888
v -0.757095 -0.027768 0.379394
v -0.757095 0.124410 0.382658
v -0.757095 0.252223 0.322770
v -0.757095 0.350047 0.215626
v -0.978961 0.383840 0.074350
v -0.983178 -0.284936 0.098735
v -0.893901 -0.017428 0.380956
v -0.895414 0.118555 0.380902
v -0.978961 0.313622 0.241841
v -1.170677 0.358549 0.070025
v -1.164536 -0.273134 0.093409
v -1.151806 -0.230114 0.199856
v -1.104487 -0.022549 0.363805
v -1.170677 0.292307 0.227669
v -1.336792 0.327481 0.063771
v -1.334605 -0.255749 0.063671
v -1.348644 -0.203051 0.187807
v -1.349252 -0.136590 0.260134
v -1.336792 -0.022144 0.318137
v -1.336792 0.093869 0.318237
v -1.336792 0.201051 0.269866
v -1.336792 0.283085 0.180359
v -1.489823 0.288043 0.056285
v -1.486135 -0.237750 0.056154
v -1.489727 -0.188019 0.171857
v -1.507250 -0.121731 0.229253
v -1.489823 -0.024479 0.280409
v -1.501979 0.077436 0.276314
v -1.489823 0.175030 0.237933
v -1.489823 0.248358 0.159034
v -1.636028 0.242664 0.046672
v -1.662850 -0.197883 0.045553
v -1.665117 -0.120032 0.144154
v -1.617172 -0.108583 0.194906
v -1.636028 -0.014204 0.233966
v -1.626616 0.061525 0.212646
v -1.636028 0.142007 0.202193
v -1.636028 0.208348 0.131659
v -1.770854 0.194297 0.036656
v -1.788513 -0.099942 0.035950
v -1.761301 -0.094908 0.101072
v -1.770854 -0.053035 0.154227
v -1.794481 0.011404 0.173450
v -1.782734 0.055801 0.178594
v -1.770854 0.122240 0.154350
v -1.770854 0.168571 0.103156
v -1.902836 0.140650 0.023873
v -1.902487 -0.061577 0.023857
v -1.902836 -0.047492 0.066726
v -1.902836 -0.018727 0.099877
v -1.879896 0.023463 0.131778
v -1.877488 0.054958 0.133002
v -1.902836 0.097120 0.099915
v -1.902836 0.125484 0.066764
v -2.018276 0.088836 0.010193
v -2.018458 -0.005153 0.010170
v -2.018457 0.002060 0.027740
v -2.018450 0.015387 0.041520
v -2.018433 0.032803 0.048987
v -2.018403 0.051662 0.049007
v -2.018365 0.069100 0.041566
v -2.018314 0.082029 0.027790
v -0.259565 0.406781 0.087313
v -0.259565 0.356315 0.205636
v -0.259565 0.257698 0.307833
v -0.259565 0.128848 0.363232
v -0.259565 -0.024564 0.360498
v -0.317592 -0.126233 0.321324
v -0.317592 -0.247845 0.194235
v -0.259565 -0.288680 0.087138
v -0.026890 0.386410 0.082484
v -0.026890 0.338251 0.191909
v -0.026890 0.243760 0.287248
v -0.026890 0.120302 0.338886
v -0.026890 -0.013328 0.338944
v -0.026890 -0.136786 0.287389
v -0.026890 -0.231277 0.192051
v -0.026890 -0.282415 0.067873
v 0.181892 0.341311 0.075616
v 0.181892 0.297993 0.172351
v 0.181892 0.212402 0.257941
v 0.181892 0.100573 0.304263
v 0.181892 -0.020471 0.304263
v 0.181892 -0.132300 0.257941
v 0.181892 -0.217890 0.172351
v 0.181892 -0.264212 0.060951
v 0.354216 0.299875 0.048864
v 0.366781 0.255256 0.151226
v 0.366781 0.180156 0.226326
v 0.366781 0.082034 0.266970
v 0.366781 -0.024174 0.266970
v 0.382753 -0.127345 0.219414
v 0.382753 -0.191055 0.155704
v 0.366781 -0.238039 0.053533
v 0.559635 0.248737 0.044601
v 0.559635 0.213604 0.125789
v 0.559635 0.148686 0.188256
v 0.559635 0.063868 0.222064
v 0.559635 -0.027940 0.222064
v 0.559635 -0.107250 0.191785
v 0.559635 -0.179813 0.120313
v 0.559635 -0.209921 0.044601
v 0.775113 0.189969 0.030403
v 0.758177 0.165483 0.096428
v 0.758177 0.112242 0.144314
v 0.758177 0.042679 0.170230
v 0.758177 -0.032615 0.170230
v 0.741045 -0.108466 0.145108
v 0.741045 -0.153545 0.103226
v 0.775028 -0.179347 0.030403
v 0.938515 0.143559 0.031265
v 0.938515 0.123140 0.067972
v 0.938515 0.082197 0.101728
v 0.938515 0.028702 0.119996
v 0.938515 -0.029200 0.119996
v 0.938515 -0.082694 0.101728
v 0.938515 -0.123637 0.067972
v 0.938515 -0.144056 0.031265
v 1.071427 0.110894 0.016468
v 1.080737 0.091502 0.046909
v 1.080737 0.061057 0.070204
v 1.080737 0.021279 0.082811
v 1.080737 -0.021776 0.082811
v 1.080737 -0.061554 0.070204
v 1.080737 -0.091999 0.046909
v 1.071427 -0.111391 0.016468
v 1.213288 0.075804 0.011201
v 1.213288 0.064226 0.030676
v 1.213288 0.042832 0.045909
v 1.213288 0.014879 0.054154
v 1.213288 -0.015376 0.054154
v 1.213288 -0.043329 0.045909
v 1.213288 -0.064723 0.030676
v 1.213288 -0.076301 0.011201
v 1.334461 0.079872 0.006472
v 1.334461 0.065443 0.017207
v 1.334461 0.041955 0.025752
v 1.334461 0.011266 0.030377
v 1.334461 -0.021951 0.030377
v 1.334461 -0.052640 0.025752
v 1.334461 -0.076128 0.017207
v 1.334461 -0.093284 0.006472
v 1.424915 0.151678 0.004969
v 1.424915 0.124437 0.012926
v 1.424915 0.078960 0.019345
v 1.424915 0.019542 0.022819
v 1.424915 -0.044771 0.022819
v 1.424915 -0.104190 0.019345
v 1.424915 -0.149666 0.012926
v 1.424915 -0.181082 0.004969
v 1.507972 0.244785 0.004969
v 1.507972 0.204158 0.012926
v 1.507972 0.130776 0.019345
v 1.507972 0.034897 0.022819
v 1.507972 -0.068881 0.022819
v 1.507972 -0.164760 0.019345
v 1.507972 -0.238142 0.012926
v 1.507972 -0.280217 0.004969
v 1.621979 0.334893 0.004969
v 1.621979 0.280690 0.012926
v 1.621979 0.180534 0.019345
v 1.621979 0.049675 0.019641
v 1.621979 -0.091965 0.019641
v 1.621979 -0.222825 0.019345
v 1.621979 -0.322980 0.012926
v 1.621979 -0.377183 0.004969
v 1.732923 -0.166555 0.003483
v 1.704773 -0.067092 0.004854
v 1.713690 -0.135408 0.011284
v 1.725926 -0.270499 0.013083
v 1.729246 -0.383248 0.010762
v 1.729246 -0.445367 0.004969
v 1.758530 -0.259801 0.003191
v 1.768508 -0.299159 0.005546
v 1.791317 -0.452867 0.003663
v 1.772260 0.439650 0.004969
v 1.772260 0.377531 0.012926
v 1.772260 0.262750 0.015674
v 1.753942 0.131599 0.011818
v 1.813427 0.205134 0.004017
v 1.915939 0.537558 0.004969
v 1.915896 0.475426 0.010184
v 1.906898 0.379961 0.009261
v 2.004857 0.592249 0.004969
v 2.004814 0.525583 0.007441
v 2.062504 0.618475 0.003295
v 2.062504 0.579028 0.005126
v 0.111142 0.590654 0.006514
v -0.033266 0.416415 0.027405
v 0.238486 0.360700 0.013529
v 0.150080 0.381228 0.026598
v -0.240469 0.436605 0.027237
v -0.395288 0.444570 0.015521
v -0.036093 0.542066 0.016292
v 0.080685 0.515436 0.016344
v 0.131461 0.499822 0.008629
v -0.168442 0.553389 0.016360
v -0.267714 0.553787 0.008643
v -0.016089 0.620605 0.012173
v 0.074825 0.601067 0.012169
v -0.119178 0.630518 0.012185
v 0.079494 0.693719 0.007000
v -0.099109 0.712580 0.003936
v -0.044808 0.712098 0.007009
v 0.022760 0.705867 0.007002
v 0.073549 0.793083 0.002609
v -0.015618 0.774723 0.002028
v 0.035622 0.791343 0.002611
v 0.096804 0.783139 0.002609
v -0.040115 0.472097 0.021248
v -0.202970 0.487325 0.021126
v -0.327656 0.492934 0.010730
v 0.166294 0.428846 0.010507
v 0.102495 0.444903 0.020500
v -0.810940 -0.235246 0.222354
v -0.810940 -0.148607 0.317487
v -0.206455 -0.145307 0.300538
v -0.206455 -0.233140 0.210290
v -0.178877 -0.344019 0.806244
v -0.217763 -0.344394 0.778209
v -0.031252 -0.343274 0.861222
v -0.085227 -0.343677 0.861222
v -0.047125 -0.343217 0.815589
v -0.238636 -0.236750 0.355399
v -0.238636 -0.219080 0.367203
v -0.648982 -0.245552 0.355487
v -0.648982 -0.211091 0.379637
v -0.300317 -0.209525 0.374034
v -0.474178 -0.245237 0.353896
v -0.474178 -0.210459 0.377851
v -0.711692 -0.221591 0.374153
v -0.711692 -0.238791 0.362060
v -0.300317 -0.244713 0.350332
v -0.391069 -0.270758 0.524803
v -0.207123 -0.286571 0.524803
v -0.207123 -0.275439 0.524803
v -0.532623 -0.271503 0.524803
v -0.576990 -0.277847 0.524803
v -0.576990 -0.288684 0.524803
v -0.250436 -0.292037 0.524803
v -0.250436 -0.269868 0.524803
v -0.532623 -0.293214 0.524803
v -0.391069 -0.292670 0.524803
v -0.124542 -0.330529 0.726145
v -0.213244 -0.315552 0.726145
v -0.124542 -0.314925 0.726145
v -0.213244 -0.330975 0.726145
v -0.116884 -0.326682 0.698656
v -0.116884 -0.318846 0.698656
v -0.361457 -0.320541 0.684638
v -0.361457 -0.328169 0.684638
v -0.322187 -0.331358 0.698656
v -0.322187 -0.316076 0.698656
v -0.191147 0.631543 0.006526
v 0.101109 0.687321 0.003930
v 0.103084 0.762252 0.002026
v 2.097131 0.626502 0.001835
v 1.963732 0.442454 0.003689
v 1.735624 0.069253 0.004961
v 1.897899 0.330471 0.004046
v 2.004814 0.476252 0.003332
v 2.062526 0.549839 0.002690
v 1.800916 -0.356056 0.002212
v 1.795157 -0.389295 0.005076
v 1.779620 -0.311549 0.002565
v 1.821224 -0.404191 0.002007
v -1.581133 0.085701 0.253495
v -1.661531 0.107394 0.218361
v -1.692590 0.045986 0.219588
v -1.609167 0.024548 0.255389
v -1.605380 0.079238 0.252976
v -1.601684 0.055215 0.258946
v -1.665624 0.052632 0.234829
v -1.668952 0.079977 0.227802
v -1.621245 0.038153 0.255354
v -1.652614 0.032447 0.243786
v -1.647567 0.096193 0.232472
v -1.621385 0.102336 0.240810
v -1.604428 0.077874 0.234495
v -1.620181 0.093123 0.225116
v -1.645299 0.090806 0.218832
v -1.658247 0.076225 0.216873
v -1.658247 0.048742 0.222701
v -1.645301 0.036210 0.230409
v -1.620183 0.036805 0.237057
v -1.604429 0.054547 0.239441
v -1.601905 0.083881 0.252786
v -1.606096 0.056335 0.257753
v -1.669014 0.048169 0.234511
v -1.665608 0.075983 0.229883
v -1.621981 0.032516 0.255266
v -1.647573 0.035213 0.245369
v -1.652576 0.098144 0.229954
v -1.623720 0.097899 0.241421
v -1.692560 0.079657 0.212542
v -1.584848 0.051673 0.259960
v -1.610203 0.113304 0.237167
v -1.661541 0.020580 0.234612
v -1.618004 -0.185229 0.125474
v -1.410228 -0.169258 0.219893
v -1.152855 -0.166901 0.200729
v -0.889676 -0.153201 0.108627
v -1.375070 -0.239319 0.044698
v -1.251094 -0.170817 0.189977
v -1.006683 -0.172979 0.132488
v -0.927278 -0.178612 0.045898
v -1.076336 -0.094289 0.089849
v -1.076973 -0.131153 0.182125
v -1.188207 -0.162709 0.196798
v -1.623406 -0.199841 0.029518
v -1.568329 -0.195604 0.096638
v -1.458403 -0.191113 0.149136
v -1.338310 -0.203779 0.131187
v -1.129382 -0.215010 0.032659
v -1.574450 -0.144847 0.187049
v -1.641194 -0.130979 0.139205
v -1.711744 -0.116054 0.086252
v -1.739611 -0.110772 0.039367
v -1.385251 -0.163179 0.206647
v -1.492106 -0.154866 0.204244
v -1.497672 -0.099627 0.143076
v -1.583332 -0.107701 0.117052
v -1.602517 -0.079489 0.066215
v -1.656668 -0.087636 0.032610
v -1.459023 -0.126974 0.171364
v -1.209670 -0.207833 0.092503
v -1.341873 -0.104105 0.167776
v -1.315920 -0.134806 0.187389
v -1.409971 -0.055235 0.077702
v -1.100336 -0.142933 0.306362
v -0.941301 -0.018739 0.377679
v -0.977187 -0.019727 0.375212
v -1.024587 -0.021038 0.371935
v -1.060474 -0.022026 0.369468
v -0.978678 0.114182 0.375200
v -1.061942 0.109809 0.369498
v -1.133885 -0.022397 0.358267
v -1.174574 -0.022197 0.350528
v -1.203971 -0.022045 0.344989
v -1.244661 -0.021845 0.337252
v -1.135307 0.105986 0.358302
v -1.205351 0.102347 0.345038
v -1.051157 -0.125212 0.324512
v -0.967841 -0.124536 0.329495
v -1.243204 0.100465 0.337752
v -1.125729 -0.123359 0.315913
v -0.939938 0.116253 0.377824
v -0.978140 0.237940 0.315101
v -1.196846 -0.119805 0.305186
v -1.232564 -0.135512 0.287060
v -1.173159 0.104104 0.351014
v -1.161620 -0.139618 0.297318
v -1.090043 -0.008861 0.305309
v -1.068839 -0.162486 0.295751
v -1.023202 0.111880 0.372122
v -1.009111 -0.143745 0.313151
v -1.059222 -0.237173 0.207406
v -0.926680 -0.143353 0.317869
v -0.885695 -0.123848 0.334400
v -1.230222 -0.009519 0.281530
v -0.928275 -0.004451 0.315888
v -1.159639 -0.009571 0.293880
v -1.103104 0.107732 0.364196
v -1.010980 -0.006810 0.310518
v -1.204909 0.217261 0.291623
v -1.019783 0.234795 0.312763
v -1.169866 0.220926 0.296685
v -0.936498 0.241086 0.317438
v -1.239953 0.213596 0.286562
v -1.061426 0.231649 0.310426
v -1.134822 0.224591 0.301746
v -0.894855 0.244231 0.319776
v -1.099769 0.228244 0.306727
v -1.223140 -0.223134 0.192934
v -0.994050 -0.238030 0.209904
v -1.099342 -0.235252 0.204937
v -0.913843 -0.239062 0.212994
v -1.008096 0.092454 0.352128
v -1.013858 0.092270 0.351675
v -1.016630 -0.014769 0.351329
v -0.987324 -0.113502 0.292996
v -0.981572 -0.113427 0.293353
v -1.005115 -0.014510 0.352139
v -1.155647 -0.016785 0.333867
v -1.158490 0.085412 0.333880
v -1.164108 0.085314 0.332569
v -1.166937 -0.016746 0.331667
v -1.141198 -0.112203 0.279373
v -1.135525 -0.112340 0.280263
v -0.924853 0.096428 0.357831
v -0.930615 0.096244 0.357377
v -0.933341 -0.012458 0.357073
v -0.905746 -0.112712 0.297657
v -0.899994 -0.112637 0.298014
v -0.921826 -0.012198 0.357884
v -1.237028 -0.016526 0.318364
v -1.212836 -0.108931 0.269004
v -1.207163 -0.109068 0.269894
v -1.225737 -0.016564 0.320560
v -1.228496 0.082433 0.320588
v -1.234115 0.082335 0.319281
v -1.086320 -0.016694 0.346661
v -1.089255 0.088607 0.346692
v -1.094895 0.088490 0.345573
v -1.097661 -0.016752 0.344847
v -1.068521 -0.114016 0.288149
v -1.062820 -0.114075 0.288843
v -1.726150 -0.181921 0.012641
v -1.713399 -0.181693 0.025138
v -1.713544 -0.181646 0.011621
v -1.724066 -0.181838 0.002330
v -1.675678 -0.180606 0.094149
v -1.657280 -0.179773 0.100375
v -1.667085 -0.180413 0.086102
v -1.685483 -0.181246 0.079876
v -1.546084 -0.174303 0.179395
v -1.527337 -0.173758 0.178368
v -1.541567 -0.174196 0.168448
v -1.560314 -0.174741 0.169475
v -1.711888 -0.181719 0.041789
v -1.700760 -0.181519 0.051253
v -1.700630 -0.181471 0.037901
v -1.711758 -0.181671 0.028438
v -1.688715 -0.181311 0.062681
v -1.699168 -0.181498 0.054454
v -1.698350 -0.181526 0.069011
v -1.687897 -0.181339 0.077237
v -1.643958 -0.178963 0.117083
v -1.626066 -0.178140 0.122993
v -1.636465 -0.178793 0.108399
v -1.654357 -0.179616 0.102489
v -1.612238 -0.177320 0.140018
v -1.594834 -0.176507 0.145559
v -1.605766 -0.177172 0.130630
v -1.623170 -0.177985 0.125088
v -1.575012 -0.175549 0.152771
v -1.591932 -0.176351 0.147659
v -1.580519 -0.175677 0.162952
v -1.563600 -0.174875 0.168064
v -1.508997 -0.173202 0.189317
v -1.490844 -0.172669 0.188153
v -1.505721 -0.173122 0.178131
v -1.523874 -0.173654 0.179295
v -1.471910 -0.172100 0.199239
v -1.454360 -0.171581 0.197886
v -1.469840 -0.172046 0.187725
v -1.487390 -0.172565 0.189078
v -1.433953 -0.170970 0.197222
v -1.450875 -0.171476 0.198818
v -1.434822 -0.170998 0.209161
v -1.417900 -0.170493 0.207565
v -1.434520 -0.164786 0.202546
v -1.444509 -0.165083 0.201296
v -1.434712 -0.164792 0.205239
v -1.424723 -0.164495 0.206489
v -1.471362 -0.165884 0.195436
v -1.461210 -0.165583 0.196829
v -1.470917 -0.165872 0.192948
v -1.481068 -0.166173 0.191555
v -1.508040 -0.166976 0.185619
v -1.497757 -0.166673 0.187086
v -1.507333 -0.166959 0.183210
v -1.517616 -0.167263 0.181743
v -1.577814 -0.167627 0.157439
v -1.586905 -0.168081 0.152325
v -1.578904 -0.167652 0.159462
v -1.569814 -0.167198 0.164576
v -1.610247 -0.171074 0.138654
v -1.601082 -0.170618 0.143928
v -1.609013 -0.171046 0.136862
v -1.618178 -0.171502 0.131589
v -1.641613 -0.172709 0.114096
v -1.632369 -0.172252 0.119447
v -1.640161 -0.172677 0.112416
v -1.649405 -0.173134 0.107065
v -1.697691 -0.173008 0.066722
v -1.701916 -0.173076 0.060645
v -1.699566 -0.173050 0.067944
v -1.695341 -0.172982 0.074021
v -1.712287 -0.172408 0.040561
v -1.707882 -0.172336 0.046844
v -1.709689 -0.172350 0.039708
v -1.714094 -0.172422 0.033425
v -1.544719 -0.168069 0.178240
v -1.534317 -0.167763 0.179709
v -1.543703 -0.168045 0.175789
v -1.554105 -0.168351 0.174321
v -1.675046 -0.172691 0.091401
v -1.665699 -0.172233 0.096761
v -1.673270 -0.172652 0.089745
v -1.682618 -0.173111 0.084385
v -1.725370 -0.173672 0.013165
v -1.719683 -0.171270 0.021797
v -1.720699 -0.173573 0.012917
v -1.725540 -0.170486 0.009166
v -1.567679 -0.142687 0.178948
v -1.500633 -0.152512 0.197145
v -1.570294 -0.143916 0.183953
v -1.635757 -0.130833 0.135481
v -1.732127 -0.111133 0.038449
v -1.705669 -0.116470 0.084398
v -1.674524 -0.122044 0.100079
v -1.662683 -0.124702 0.111365
v -1.679841 -0.121643 0.102239
v -1.691681 -0.118985 0.090953
v -1.696559 -0.117095 0.081629
v -1.692699 -0.118753 0.090071
v -1.702616 -0.116681 0.083474
v -1.706476 -0.115023 0.075032
v -1.735936 -0.109233 0.012655
v -1.743228 -0.108853 0.012985
v -1.745566 -0.107965 0.001447
v -1.527565 -0.147727 0.188519
v -1.546345 -0.145824 0.187406
v -1.563001 -0.142827 0.182619
v -1.544221 -0.144730 0.183732
v -1.722988 -0.111568 0.037248
v -1.720127 -0.112527 0.049478
v -1.729811 -0.111245 0.038175
v -1.732672 -0.110287 0.025944
v -1.707199 -0.114853 0.074017
v -1.716463 -0.113632 0.063330
v -1.709957 -0.113910 0.061881
v -1.644768 -0.127829 0.121091
v -1.632515 -0.130650 0.132600
v -1.649338 -0.127738 0.123642
v -1.661592 -0.124917 0.112133
v -1.615011 -0.133614 0.142104
v -1.602358 -0.136595 0.153828
v -1.618841 -0.133832 0.145042
v -1.631494 -0.130851 0.133319
v -1.572214 -0.142538 0.175045
v -1.588349 -0.139925 0.166440
v -1.601386 -0.136787 0.154512
v -1.585252 -0.139400 0.163117
v -1.490904 -0.152796 0.194623
v -1.509339 -0.150783 0.193532
v -1.526382 -0.147890 0.188716
v -1.507946 -0.149903 0.189807
v -1.454259 -0.157862 0.200724
v -1.472342 -0.155744 0.199658
v -1.489750 -0.152955 0.194815
v -1.471668 -0.155073 0.195881
v -1.453102 -0.158022 0.200916
v -1.435385 -0.160242 0.201952
v -1.417632 -0.162926 0.206822
v -1.435350 -0.160706 0.205786
v -1.448315 -0.162881 0.200438
v -1.436891 -0.164355 0.201460
v -1.425452 -0.166042 0.204244
v -1.436875 -0.164568 0.203222
v -1.461886 -0.160851 0.197207
v -1.473488 -0.159424 0.196179
v -1.484776 -0.157686 0.193395
v -1.473174 -0.159113 0.194423
v -1.498351 -0.155595 0.190217
v -1.510116 -0.154221 0.189191
v -1.521223 -0.152433 0.186409
v -1.509458 -0.153807 0.187435
v -1.578045 -0.150835 0.171093
v -1.588213 -0.149110 0.165294
v -1.596852 -0.147127 0.157855
v -1.586684 -0.148851 0.163654
v -1.616914 -0.142475 0.142384
v -1.608485 -0.144379 0.149717
v -1.618818 -0.142583 0.143844
v -1.627246 -0.140680 0.136511
v -1.647134 -0.140515 0.119958
v -1.638938 -0.142334 0.127170
v -1.649421 -0.140470 0.121234
v -1.657618 -0.138651 0.114021
v -1.716343 -0.127291 0.068922
v -1.722023 -0.123376 0.059646
v -1.724559 -0.126734 0.054175
v -1.717987 -0.123540 0.058837
v -1.725199 -0.124343 0.036656
v -1.723169 -0.124958 0.044335
v -1.729013 -0.124160 0.037123
v -1.731042 -0.123545 0.029443
v -1.534842 -0.150287 0.183287
v -1.546759 -0.148971 0.182267
v -1.557659 -0.147133 0.179488
v -1.545741 -0.148448 0.180508
v -1.737651 -0.119370 0.014776
v -1.738014 -0.123464 0.019436
v -1.742113 -0.119148 0.015004
v -1.745574 -0.121216 0.004904
v -1.699401 -0.129679 0.080234
v -1.696701 -0.130734 0.085419
v -1.702607 -0.129460 0.081210
v -1.705306 -0.128404 0.076025
v -1.677342 -0.134673 0.099238
v -1.669394 -0.136403 0.106320
v -1.680022 -0.134471 0.100327
v -1.687970 -0.132741 0.093245
v 0.725943 -0.225330 0.310723
v 0.758191 -0.224606 0.302197
v 0.767653 -0.223836 0.293471
v 0.573472 -0.147773 0.187141
v 0.668578 -0.157751 0.152477
v 0.668503 -0.147633 0.160055
v 0.573618 -0.168000 0.171840
v 0.478505 -0.159400 0.208080
v 0.478576 -0.169509 0.200358
v 0.620194 -0.190300 0.217886
v 0.619917 -0.170632 0.229006
v 0.696064 -0.181096 0.197659
v 0.695921 -0.171266 0.203155
v 0.544024 -0.180427 0.250125
v 0.544159 -0.190265 0.244501
v 0.742524 -0.210436 0.259912
v 0.742423 -0.204931 0.263468
v 0.705325 -0.204248 0.279297
v 0.705521 -0.215263 0.272101
v 0.651192 -0.209183 0.291540
v 0.651286 -0.214694 0.287900
v -0.507476 -0.293216 -0.073861
v -0.507476 -0.248438 -0.198051
v -0.507475 -0.126844 -0.328189
v -0.507475 -0.010969 -0.375807
v -0.507475 0.129197 -0.375660
v -0.507475 0.258694 -0.318091
v -0.507476 0.357807 -0.211909
v -0.505309 0.412820 -0.063265
v -0.757094 0.402989 -0.074416
v -0.757094 -0.289762 -0.089595
v -0.698214 -0.248317 -0.200541
v -0.698213 -0.127572 -0.332157
v -0.757093 -0.027770 -0.377663
v -0.757093 0.124409 -0.380928
v -0.757093 0.252222 -0.321041
v -0.757094 0.350046 -0.213898
v -0.978961 0.383840 -0.072627
v -0.983177 -0.284937 -0.097009
v -0.893899 -0.017430 -0.379226
v -0.895413 0.118554 -0.379173
v -0.978960 0.313621 -0.240113
v -1.170676 0.358548 -0.068302
v -1.164536 -0.273135 -0.091683
v -1.151805 -0.230114 -0.198127
v -1.104486 -0.022550 -0.362076
v -1.170676 0.292306 -0.225942
v -1.336792 0.327481 -0.062048
v -1.334605 -0.255749 -0.061948
v -1.348643 -0.203051 -0.186078
v -1.349251 -0.136591 -0.258405
v -1.336791 -0.022145 -0.316409
v -1.336791 0.093868 -0.316509
v -1.336791 0.201050 -0.268139
v -1.336792 0.283084 -0.178632
v -1.489823 0.288042 -0.054563
v -1.486135 -0.237750 -0.054431
v -1.489727 -0.188020 -0.170129
v -1.507249 -0.121732 -0.227525
v -1.489822 -0.024480 -0.278681
v -1.501978 0.077435 -0.274587
v -1.489823 0.175029 -0.236206
v -1.489823 0.248357 -0.157308
v -1.636028 0.242664 -0.044950
v -1.662850 -0.197883 -0.043828
v -1.665117 -0.120032 -0.142427
v -1.617171 -0.108584 -0.193178
v -1.636027 -0.014205 -0.232239
v -1.626615 0.061524 -0.210920
v -1.636027 0.142006 -0.200467
v -1.636027 0.208348 -0.129933
v -1.770854 0.194297 -0.034934
v -1.788513 -0.099942 -0.034228
v -1.761300 -0.094908 -0.099345
v -1.770854 -0.053036 -0.152501
v -1.770854 0.122239 -0.152624
v -1.770854 0.168571 -0.101430
v -1.902836 0.140650 -0.022151
v -1.902487 -0.061577 -0.022135
v -1.902836 -0.047492 -0.065000
v -1.902836 -0.018727 -0.098151
v -1.830900 0.043020 -0.136106
v -1.828572 0.049019 -0.137294
v -1.902836 0.097120 -0.098190
v -1.902836 0.125484 -0.065039
v -2.018276 0.088836 -0.008471
v -2.018458 -0.005153 -0.008448
v -2.018457 0.002060 -0.026014
v -2.018450 0.015387 -0.039794
v -2.018433 0.032803 -0.047262
v -2.018403 0.051662 -0.047282
v -2.018365 0.069100 -0.039841
v -2.018314 0.082029 -0.026065
v -0.259565 0.406781 -0.085583
v -0.259565 0.356314 -0.203905
v -0.259564 0.257696 -0.306102
v -0.259564 0.128847 -0.361500
v -0.259564 -0.024565 -0.358766
v -0.317591 -0.126235 -0.319592
v -0.317591 -0.247846 -0.192502
v -0.259565 -0.288680 -0.085410
v -0.026889 0.386410 -0.080752
v -0.026889 0.338251 -0.190178
v -0.026889 0.243759 -0.285516
v -0.026889 0.120301 -0.337153
v -0.026889 -0.013329 -0.337211
v -0.026889 -0.136788 -0.285655
v -0.026889 -0.231278 -0.190317
v -0.026890 -0.282416 -0.066147
v 0.181893 0.341311 -0.073883
v 0.181893 0.297992 -0.170619
v 0.181893 0.212401 -0.256209
v 0.181894 0.100572 -0.302529
v 0.181894 -0.020472 -0.302529
v 0.181893 -0.132301 -0.256207
v 0.181893 -0.217891 -0.170616
v 0.181893 -0.264212 -0.059225
v 0.354216 0.299874 -0.047137
v 0.366782 0.255255 -0.149493
v 0.366782 0.180155 -0.224592
v 0.366782 0.082033 -0.265236
v 0.366782 -0.024175 -0.265235
v 0.382754 -0.127345 -0.217679
v 0.382754 -0.191055 -0.153969
v 0.366782 -0.238040 -0.051806
v 0.559635 0.248737 -0.042875
v 0.559635 0.213604 -0.124055
v 0.559635 0.148686 -0.186522
v 0.559635 0.063867 -0.220329
v 0.559635 -0.027940 -0.220328
v 0.559635 -0.107250 -0.190049
v 0.559635 -0.179814 -0.118578
v 0.559635 -0.209921 -0.042874
v 0.775113 0.189969 -0.028678
v 0.758177 0.165482 -0.094692
v 0.758177 0.112241 -0.142579
v 0.758178 0.042678 -0.168494
v 0.758178 -0.032616 -0.168494
v 0.741046 -0.108466 -0.143372
v 0.741046 -0.153546 -0.101489
v 0.775028 -0.179347 -0.028678
v 0.938515 0.143558 -0.029538
v 0.938515 0.123139 -0.066236
v 0.938515 0.082196 -0.099991
v 0.938515 0.028702 -0.118259
v 0.938515 -0.029200 -0.118259
v 0.938515 -0.082694 -0.099991
v 0.938515 -0.123637 -0.066235
v 0.938515 -0.144055 -0.029537
v 1.071427 0.110893 -0.014742
v 1.080737 0.091502 -0.045172
v 1.080737 0.061057 -0.068467
v 1.080737 0.021279 -0.081074
v 1.080737 -0.021777 -0.081074
v 1.080737 -0.061554 -0.068466
v 1.080737 -0.091999 -0.045171
v 1.071427 -0.111391 -0.014741
v 1.213288 0.075804 -0.009474
v 1.213288 0.064225 -0.028938
v 1.213288 0.042831 -0.044172
v 1.213288 0.014879 -0.052416
v 1.213288 -0.015377 -0.052416
v 1.213288 -0.043329 -0.044171
v 1.213288 -0.064723 -0.028938
v 1.213288 -0.076301 -0.009473
v 1.334461 0.079872 -0.004744
v 1.334461 0.065443 -0.015469
v 1.334461 0.041955 -0.024014
v 1.334461 0.011266 -0.028639
v 1.334461 -0.021951 -0.028639
v 1.334461 -0.052640 -0.024014
v 1.334461 -0.076128 -0.015469
v 1.334461 -0.093284 -0.004744
v 1.424915 0.151678 -0.003241
v 1.424915 0.124437 -0.011188
v 1.424915 0.078960 -0.017607
v 1.424915 0.019542 -0.021081
v 1.424915 -0.044772 -0.021081
v 1.424915 -0.104190 -0.017607
v 1.424915 -0.149666 -0.011187
v 1.424915 -0.181082 -0.003240
v 1.507972 0.244785 -0.003241
v 1.507972 0.204158 -0.011188
v 1.507972 0.130776 -0.017607
v 1.507972 0.034897 -0.021081
v 1.507972 -0.068881 -0.021080
v 1.507972 -0.164760 -0.017606
v 1.507972 -0.238142 -0.011187
v 1.507972 -0.280217 -0.003240
v 1.621979 0.334893 -0.003240
v 1.621979 0.280690 -0.011188
v 1.621979 0.180534 -0.017607
v 1.621979 0.049675 -0.017902
v 1.621979 -0.091966 -0.017901
v 1.621979 -0.222825 -0.017605
v 1.621979 -0.322980 -0.011186
v 1.621979 -0.377183 -0.003239
v 1.732923 -0.166555 -0.001753
v 1.704773 -0.067092 -0.003125
v 1.713690 -0.135408 -0.009544
v 1.725926 -0.270499 -0.011343
v 1.729246 -0.383248 -0.009021
v 1.729246 -0.445367 -0.003239
v 1.758530 -0.259801 -0.001462
v 1.768508 -0.299159 -0.003805
v 1.791317 -0.452867 -0.001808
v 1.772260 0.439650 -0.003240
v 1.772260 0.377531 -0.011188
v 1.772260 0.262750 -0.013936
v 1.753942 0.131598 -0.010079
v 1.813427 0.205134 -0.002288
v 1.915939 0.537558 -0.003240
v 1.915896 0.475426 -0.008445
v 1.906898 0.379961 -0.007522
v 2.004857 0.592249 -0.003240
v 2.004814 0.525582 -0.005703
v 2.062504 0.618475 -0.001566
v 2.062504 0.579028 -0.003388
v 0.111142 0.590654 -0.004789
v -0.033266 0.416415 -0.025674
v 0.238486 0.360700 -0.011804
v 0.150080 0.381228 -0.024866
v -0.240469 0.436605 -0.025506
v -0.395288 0.444570 -0.010273
v -0.036093 0.542066 -0.014561
v 0.080685 0.515436 -0.014613
v 0.131461 0.499822 -0.006904
v -0.168442 0.553389 -0.014630
v -0.267714 0.553787 -0.006919
v -0.016089 0.620605 -0.010443
v 0.074825 0.601067 -0.010438
v -0.119178 0.630518 -0.010455
v 0.079494 0.693719 -0.005269
v -0.099126 0.712580 -0.002212
v -0.044825 0.712098 -0.005278
v 0.022760 0.705867 -0.005272
v 0.073549 0.793083 -0.000885
v -0.015641 0.774722 -0.000306
v 0.035605 0.791343 -0.000887
v 0.096804 0.783139 -0.000884
v -0.040115 0.472097 -0.019517
v -0.202970 0.487324 -0.019396
v -0.327656 0.492934 -0.009006
v 0.166294 0.428846 -0.008782
v 0.102495 0.444903 -0.018768
v -0.810939 -0.235247 -0.220623
v -0.810939 -0.148609 -0.315756
v -0.206454 -0.145308 -0.298806
v -0.206454 -0.233141 -0.208557
v -0.178874 -0.344022 -0.804511
v -0.217760 -0.344397 -0.776476
v -0.031249 -0.343277 -0.859487
v -0.085224 -0.343681 -0.859488
v -0.047122 -0.343220 -0.813855
v -0.238635 -0.236751 -0.353666
v -0.238635 -0.219081 -0.365470
v -0.648980 -0.245553 -0.353756
v -0.648980 -0.211092 -0.377905
v -0.300315 -0.209527 -0.372302
v -0.474176 -0.245239 -0.352164
v -0.474176 -0.210460 -0.376119
v -0.711691 -0.221593 -0.372422
v -0.711691 -0.238793 -0.360329
v -0.300315 -0.244714 -0.348599
v -0.391067 -0.270760 -0.523071
v -0.207121 -0.286573 -0.523070
v -0.207121 -0.275441 -0.523070
v -0.532621 -0.271505 -0.523071
v -0.576988 -0.277849 -0.523072
v -0.576988 -0.288686 -0.523072
v -0.250434 -0.292039 -0.523070
v -0.250434 -0.269870 -0.523070
v -0.532621 -0.293216 -0.523071
v -0.391067 -0.292672 -0.523071
v -0.124539 -0.330532 -0.724411
v -0.213241 -0.315554 -0.724411
v -0.124539 -0.314928 -0.724411
v -0.213241 -0.330978 -0.724411
v -0.116881 -0.326685 -0.696922
v -0.116881 -0.318849 -0.696922
v -0.361455 -0.320544 -0.682906
v -0.361455 -0.328172 -0.682906
v -0.322184 -0.331360 -0.696923
v -0.322184 -0.316078 -0.696923
v -0.191147 0.631543 -0.004802
v 0.101109 0.687321 -0.002205
v 0.103084 0.762252 -0.000303
v 2.097131 0.626502 -0.000107
v 1.963732 0.442454 -0.001960
v 1.735624 0.069253 -0.003232
v 1.897899 0.330471 -0.002317
v 2.004814 0.476252 -0.001603
v 2.062526 0.549839 -0.000962
v 1.800916 -0.356056 -0.000482
v 1.795157 -0.389295 -0.003262
v 1.779620 -0.311549 -0.000836
v 1.821224 -0.404191 -0.000152
v -1.581133 0.085700 -0.251768
v -1.661530 0.107393 -0.216634
v -1.692589 0.045985 -0.217862
v -1.609167 0.024547 -0.253662
v -1.605379 0.079237 -0.251249
v -1.601683 0.055214 -0.257219
v -1.665623 0.052631 -0.233103
v -1.668951 0.079976 -0.226076
v -1.621244 0.038153 -0.253627
v -1.652613 0.032446 -0.242059
v -1.647566 0.096192 -0.230745
v -1.621385 0.102335 -0.239083
v -1.604427 0.077874 -0.232768
v -1.620181 0.093122 -0.223389
v -1.645299 0.090805 -0.217106
v -1.658246 0.076225 -0.215147
v -1.658247 0.048741 -0.220974
v -1.645300 0.036209 -0.228682
v -1.620182 0.036804 -0.235331
v -1.604428 0.054546 -0.237715
v -1.601904 0.083880 -0.251059
v -1.606095 0.056334 -0.256026
v -1.669013 0.048168 -0.232784
v -1.665607 0.075982 -0.228157
v -1.621980 0.032515 -0.253540
v -1.647572 0.035212 -0.243642
v -1.652575 0.098143 -0.228228
v -1.623719 0.097898 -0.239695
v -1.692559 0.079656 -0.210815
v -1.584847 0.051672 -0.258233
v -1.610202 0.113303 -0.235441
v -1.661540 0.020579 -0.232886
v -1.618004 -0.185230 -0.123747
v -1.410227 -0.169259 -0.218165
v -1.152854 -0.166902 -0.198999
v -0.889675 -0.153201 -0.106901
v -1.375070 -0.239319 -0.042973
v -1.251093 -0.170818 -0.188248
v -1.006682 -0.172980 -0.130758
v -0.927278 -0.178613 -0.044174
v -1.076336 -0.094290 -0.088125
v -1.076972 -0.131154 -0.180396
v -1.188206 -0.162710 -0.195069
v -1.623406 -0.199841 -0.027793
v -1.568329 -0.195604 -0.094910
v -1.458403 -0.191114 -0.147407
v -1.338310 -0.203780 -0.129459
v -1.129382 -0.215011 -0.030935
v -1.574449 -0.144847 -0.185322
v -1.641193 -0.130979 -0.137478
v -1.711744 -0.116054 -0.084525
v -1.739611 -0.110772 -0.037645
v -1.385250 -0.163180 -0.204919
v -1.492106 -0.154867 -0.202516
v -1.497671 -0.099628 -0.141348
v -1.583332 -0.107701 -0.115325
v -1.602517 -0.079489 -0.064487
v -1.656668 -0.087636 -0.030886
v -1.459022 -0.126975 -0.169636
v -1.209670 -0.207833 -0.090774
v -1.341872 -0.104106 -0.166047
v -1.315919 -0.134807 -0.185660
v -1.409971 -0.055235 -0.075976
v -1.100335 -0.142934 -0.304633
v -0.941299 -0.018741 -0.375949
v -0.977186 -0.019728 -0.373482
v -1.024586 -0.021040 -0.370206
v -1.060472 -0.022027 -0.367739
v -0.978676 0.114180 -0.373471
v -1.061940 0.109807 -0.367769
v -1.133884 -0.022398 -0.356539
v -1.174573 -0.022198 -0.348800
v -1.203970 -0.022046 -0.343260
v -1.244659 -0.021847 -0.335523
v -1.135306 0.105985 -0.356574
v -1.205350 0.102345 -0.343310
v -1.051156 -0.125214 -0.322783
v -0.967840 -0.124537 -0.327765
v -1.243203 0.100464 -0.336024
v -1.125728 -0.123360 -0.314184
v -0.939936 0.116252 -0.376096
v -0.978139 0.237939 -0.313372
v -1.196845 -0.119806 -0.303457
v -1.232563 -0.135513 -0.285331
v -1.173158 0.104103 -0.349286
v -1.161619 -0.139619 -0.295589
v -1.090042 -0.008862 -0.303580
v -1.068838 -0.162488 -0.294022
v -1.023200 0.111879 -0.370394
v -1.009110 -0.143746 -0.311421
v -1.059222 -0.237173 -0.205676
v -0.926679 -0.143355 -0.316139
v -0.885693 -0.123849 -0.332670
v -1.230221 -0.009520 -0.279801
v -0.928274 -0.004452 -0.314158
v -1.159637 -0.009572 -0.292151
v -1.103103 0.107731 -0.362468
v -1.010978 -0.006811 -0.308789
v -1.204908 0.217260 -0.289896
v -1.019782 0.234793 -0.311035
v -1.169865 0.220925 -0.294957
v -0.936496 0.241085 -0.315710
v -1.239952 0.213595 -0.284834
v -1.061424 0.231648 -0.308698
v -1.134821 0.224590 -0.300018
v -0.894854 0.244230 -0.318047
v -1.099767 0.228243 -0.304999
v -1.223139 -0.223135 -0.191205
v -0.994049 -0.238030 -0.208173
v -1.099341 -0.235253 -0.203208
v -0.913842 -0.239063 -0.211264
v -1.008095 0.092453 -0.350399
v -1.013857 0.092268 -0.349946
v -1.016629 -0.014770 -0.349600
v -0.987323 -0.113503 -0.291266
v -0.981571 -0.113428 -0.291623
v -1.005114 -0.014511 -0.350410
v -1.155646 -0.016786 -0.332139
v -1.158489 0.085411 -0.332152
v -1.164106 0.085313 -0.330841
v -1.166936 -0.016748 -0.329939
v -1.141197 -0.112204 -0.277644
v -1.135524 -0.112341 -0.278534
v -0.924851 0.096427 -0.356102
v -0.930614 0.096243 -0.355648
v -0.933340 -0.012459 -0.355344
v -0.905745 -0.112713 -0.295928
v -0.899993 -0.112638 -0.296284
v -0.921825 -0.012200 -0.356154
v -1.237027 -0.016527 -0.316635
v -1.212835 -0.108932 -0.267276
v -1.207162 -0.109069 -0.268165
v -1.225736 -0.016565 -0.318832
v -1.228495 0.082432 -0.318860
v -1.234114 0.082334 -0.317553
v -1.086319 -0.016695 -0.344932
v -1.089254 0.088605 -0.344964
v -1.094893 0.088488 -0.343844
v -1.097660 -0.016753 -0.343118
v -1.068520 -0.114017 -0.286420
v -1.062819 -0.114076 -0.287114
v -1.726150 -0.181921 -0.010916
v -1.713399 -0.181693 -0.023410
v -1.713544 -0.181646 -0.009896
v -1.724066 -0.181838 -0.000608
v -1.675677 -0.180607 -0.092422
v -1.657279 -0.179774 -0.098648
v -1.667085 -0.180413 -0.084375
v -1.685483 -0.181247 -0.078149
v -1.546084 -0.174304 -0.177667
v -1.527336 -0.173759 -0.176640
v -1.541566 -0.174197 -0.166721
v -1.560313 -0.174742 -0.167747
v -1.711888 -0.181719 -0.040062
v -1.700760 -0.181519 -0.049525
v -1.700630 -0.181471 -0.036174
v -1.711758 -0.181671 -0.026711
v -1.688715 -0.181311 -0.060953
v -1.699168 -0.181498 -0.052727
v -1.698350 -0.181526 -0.067283
v -1.687897 -0.181340 -0.075510
v -1.643957 -0.178964 -0.115356
v -1.626065 -0.178141 -0.121266
v -1.636464 -0.178794 -0.106672
v -1.654356 -0.179617 -0.100762
v -1.612238 -0.177321 -0.138290
v -1.594834 -0.176508 -0.143832
v -1.605765 -0.177172 -0.128902
v -1.623169 -0.177985 -0.123360
v -1.575012 -0.175550 -0.151044
v -1.591931 -0.176352 -0.145931
v -1.580518 -0.175678 -0.161224
v -1.563599 -0.174875 -0.166337
v -1.508996 -0.173202 -0.187589
v -1.490843 -0.172670 -0.186426
v -1.505720 -0.173122 -0.176403
v -1.523873 -0.173654 -0.177567
v -1.471909 -0.172101 -0.197511
v -1.454359 -0.171582 -0.196158
v -1.469839 -0.172047 -0.185996
v -1.487389 -0.172566 -0.187350
v -1.433952 -0.170971 -0.195494
v -1.450874 -0.171476 -0.197090
v -1.434821 -0.170999 -0.207433
v -1.417899 -0.170494 -0.205837
v -1.434519 -0.164786 -0.200818
v -1.444508 -0.165083 -0.199568
v -1.434711 -0.164793 -0.203511
v -1.424723 -0.164496 -0.204761
v -1.471361 -0.165885 -0.193708
v -1.461209 -0.165584 -0.195101
v -1.470916 -0.165873 -0.191220
v -1.481068 -0.166173 -0.189827
v -1.508040 -0.166977 -0.183891
v -1.497757 -0.166674 -0.185358
v -1.507333 -0.166960 -0.181482
v -1.517616 -0.167263 -0.180015
v -1.577814 -0.167627 -0.155711
v -1.586904 -0.168081 -0.150597
v -1.578903 -0.167653 -0.157734
v -1.569813 -0.167198 -0.162848
v -1.610247 -0.171075 -0.136927
v -1.601082 -0.170618 -0.142200
v -1.609012 -0.171046 -0.135135
v -1.618178 -0.171502 -0.129861
v -1.641612 -0.172710 -0.112368
v -1.632368 -0.172252 -0.117720
v -1.640160 -0.172677 -0.110689
v -1.649404 -0.173135 -0.105337
v -1.697691 -0.173009 -0.064994
v -1.701915 -0.173076 -0.058918
v -1.699565 -0.173050 -0.066217
v -1.695341 -0.172982 -0.072294
v -1.712287 -0.172408 -0.038834
v -1.707882 -0.172336 -0.045117
v -1.709688 -0.172351 -0.037981
v -1.714094 -0.172422 -0.031698
v -1.544718 -0.168070 -0.176512
v -1.534316 -0.167764 -0.177981
v -1.543702 -0.168046 -0.174062
v -1.554104 -0.168352 -0.172593
v -1.675045 -0.172692 -0.089673
v -1.665698 -0.172233 -0.095034
v -1.673270 -0.172652 -0.088018
v -1.682617 -0.173111 -0.082658
v -1.725370 -0.173672 -0.011438
v -1.719683 -0.171270 -0.020070
v -1.720699 -0.173573 -0.011190
v -1.725540 -0.170486 -0.007439
v -1.567679 -0.142688 -0.177221
v -1.500633 -0.152513 -0.195417
v -1.570294 -0.143916 -0.182225
v -1.635756 -0.130833 -0.133753
v -1.732127 -0.111133 -0.036725
v -1.705669 -0.116471 -0.082671
v -1.674524 -0.122044 -0.098352
v -1.662683 -0.124702 -0.109638
v -1.679840 -0.121643 -0.100512
v -1.691681 -0.118985 -0.089226
v -1.696558 -0.117095 -0.079902
v -1.692698 -0.118753 -0.088344
v -1.702616 -0.116682 -0.081747
v -1.706476 -0.115023 -0.073305
v -1.735936 -0.109233 -0.010930
v -1.743228 -0.108853 -0.011260
v -1.745566 -0.107965 0.000275
v -1.527565 -0.147727 -0.186791
v -1.546345 -0.145824 -0.185679
v -1.563000 -0.142828 -0.180892
v -1.544220 -0.144731 -0.182004
v -1.722988 -0.111568 -0.035521
v -1.720127 -0.112527 -0.047751
v -1.729810 -0.111246 -0.036448
v -1.732671 -0.110287 -0.024218
v -1.707199 -0.114853 -0.072290
v -1.716462 -0.113632 -0.061603
v -1.709957 -0.113911 -0.060154
v -1.644768 -0.127829 -0.119364
v -1.632514 -0.130650 -0.130873
v -1.649338 -0.127739 -0.121915
v -1.661591 -0.124918 -0.110406
v -1.615010 -0.133615 -0.140377
v -1.602357 -0.136596 -0.152100
v -1.618840 -0.133833 -0.143315
v -1.631494 -0.130852 -0.131591
v -1.572214 -0.142539 -0.173318
v -1.588348 -0.139926 -0.164713
v -1.601385 -0.136788 -0.152784
v -1.585251 -0.139401 -0.161389
v -1.490903 -0.152796 -0.192895
v -1.509339 -0.150784 -0.191804
v -1.526381 -0.147891 -0.186988
v -1.507946 -0.149904 -0.188079
v -1.454258 -0.157863 -0.198996
v -1.472341 -0.155744 -0.197930
v -1.489749 -0.152956 -0.193087
v -1.471667 -0.155074 -0.194153
v -1.453102 -0.158023 -0.199188
v -1.435384 -0.160243 -0.200224
v -1.417631 -0.162927 -0.205094
v -1.435349 -0.160707 -0.204058
v -1.448314 -0.162882 -0.198709
v -1.436890 -0.164355 -0.199731
v -1.425451 -0.166043 -0.202516
v -1.436875 -0.164569 -0.201494
v -1.461885 -0.160852 -0.195479
v -1.473487 -0.159425 -0.194451
v -1.484775 -0.157687 -0.191668
v -1.473173 -0.159114 -0.192695
v -1.498350 -0.155596 -0.188490
v -1.510115 -0.154222 -0.187463
v -1.521223 -0.152434 -0.184682
v -1.509457 -0.153808 -0.185708
v -1.578045 -0.150835 -0.169365
v -1.588213 -0.149111 -0.163567
v -1.596851 -0.147127 -0.156128
v -1.586683 -0.148852 -0.161926
v -1.616913 -0.142476 -0.140656
v -1.608485 -0.144379 -0.147989
v -1.618817 -0.142584 -0.142116
v -1.627245 -0.140680 -0.134784
v -1.647134 -0.140516 -0.118231
v -1.638937 -0.142335 -0.125443
v -1.649421 -0.140471 -0.119507
v -1.657618 -0.138652 -0.112294
v -1.716343 -0.127291 -0.067195
v -1.722023 -0.123376 -0.057919
v -1.724559 -0.126734 -0.052448
v -1.717987 -0.123540 -0.057110
v -1.725198 -0.124344 -0.034929
v -1.723169 -0.124958 -0.042608
v -1.729013 -0.124160 -0.035396
v -1.731042 -0.123545 -0.027716
v -1.534841 -0.150288 -0.181559
v -1.546759 -0.148972 -0.180539
v -1.557658 -0.147133 -0.177761
v -1.545741 -0.148449 -0.178781
v -1.737651 -0.119370 -0.013049
v -1.738014 -0.123464 -0.017709
v -1.742113 -0.119148 -0.013277
v -1.745574 -0.121216 -0.003177
v -1.699400 -0.129679 -0.078507
v -1.696701 -0.130734 -0.083692
v -1.702606 -0.129460 -0.079483
v -1.705306 -0.128405 -0.074298
v -1.677342 -0.134674 -0.097511
v -1.669394 -0.136404 -0.104593
v -1.680022 -0.134471 -0.098600
v -1.687969 -0.132741 -0.091518
v 0.730073 -0.225331 -0.308987
v 0.761288 -0.224607 -0.300461
v 0.767654 -0.223837 -0.291735
v 0.573472 -0.147774 -0.185405
v 0.668579 -0.157752 -0.150741
v 0.668503 -0.147634 -0.158319
v 0.573619 -0.168001 -0.170104
v 0.478506 -0.159401 -0.206345
v 0.478577 -0.169510 -0.198623
v 0.620195 -0.190300 -0.216150
v 0.619918 -0.170633 -0.227270
v 0.696065 -0.181096 -0.195923
v 0.695922 -0.171267 -0.201418
v 0.544025 -0.180428 -0.248389
v 0.544160 -0.190266 -0.242765
v 0.742525 -0.210437 -0.258175
v 0.742424 -0.204932 -0.261732
v 0.706875 -0.204249 -0.277561
v 0.707070 -0.215264 -0.270364
v 0.652741 -0.209184 -0.289803
v 0.652836 -0.214695 -0.286164
v 1.004359 0.239996 0.000855
v 1.015271 0.237197 0.000855
v 1.026175 0.234430 0.000855
v 0.883185 0.190943 -0.004936
v 0.883185 0.190943 0.006653
v 1.024796 0.154552 0.006601
v 1.024796 0.154551 -0.004885
v 0.953992 0.171519 -0.010679
v 0.953992 0.171520 0.012395
v 0.960486 0.224863 -0.001990
v 0.960486 0.224863 0.003703
v 0.992370 0.216329 -0.004811
v 0.992370 0.216329 0.006523
v 1.024243 0.208522 0.003677
v 1.024243 0.208521 -0.001965
v 1.024650 -0.190533 0.000857
v 1.031493 -0.188743 0.000857
v 1.038268 -0.187073 0.000857
v 0.985004 -0.168409 0.008404
v 1.032854 -0.157028 -0.002898
v 1.032854 -0.157028 0.004614
v 0.937001 -0.181183 0.004648
v 0.937001 -0.181183 -0.002931
v 0.985004 -0.168409 -0.006687
v -2.074181 0.044456 0.000862
v -2.069712 0.031472 0.003090
v -2.069530 0.057109 -0.001388
v -2.069619 0.051504 -0.009721
v -2.069704 0.037077 0.011405
v -2.069711 0.033436 -0.005890
v -2.069619 0.051504 0.011446
v -2.069687 0.041755 0.013424
v -2.069657 0.046804 0.013441
v -2.069711 0.033436 0.007615
v -2.069568 0.055149 -0.005936
v -2.069712 0.031471 -0.001367
v -2.069657 0.046804 -0.011716
v -2.069530 0.057108 0.003111
v -2.069568 0.055149 0.007661
v -2.069687 0.041755 -0.011699
v -2.069704 0.037077 -0.009680
v -1.828572 0.049020 0.139088
v -1.782722 0.055789 -0.176548
v -1.877487 0.054958 -0.130982
v -1.879896 0.023463 -0.129758
v -1.794480 0.011404 -0.171429
v -1.820150 0.037377 -0.152233
v -1.824179 0.034271 -0.150222
v -1.829838 0.032765 -0.147695
v -1.839428 0.045450 -0.142449
v -1.835381 0.048578 -0.144485
v -1.829899 0.049879 -0.147240
v -1.833993 0.034807 -0.143354
v -1.839206 0.037091 -0.142607
v -1.840819 0.041345 -0.141767
v -1.824517 0.048826 -0.149970
v -1.820467 0.045652 -0.152043
v -1.818816 0.041428 -0.152886
v -1.829838 0.032766 0.149488
v -1.824179 0.034272 0.152016
v -1.820150 0.037377 0.154027
v -1.829899 0.049879 0.149034
v -1.835381 0.048579 0.146279
v -1.839429 0.045450 0.144242
v -1.840819 0.041346 0.143561
v -1.839206 0.037092 0.144401
v -1.835277 0.033765 0.146731
v -1.818816 0.041429 0.154679
v -1.820404 0.045758 0.153822
v -1.824454 0.048932 0.151749
v -1.567617 -0.144735 -0.186567
v -1.569410 -0.145609 0.190886
v -1.720748 -0.181345 -0.003147
v -1.841064 0.027597 0.155272
v -1.730413 -0.110702 0.023780
v -1.571018 -0.145991 0.193616
v -1.733483 -0.110809 -0.022857
v -1.660115 0.089038 -0.227537
v -1.834675 0.048734 0.158430
v -1.599555 0.069467 0.258951
v -1.720748 -0.181345 0.004874
v -1.660148 0.040516 0.239539
v -1.660147 0.040516 -0.237813
v -1.599554 0.069466 -0.257224
v -1.730412 -0.110702 -0.022053
v -1.827216 0.027791 0.162251
v -1.848414 0.037181 0.151600
v -1.841485 0.047170 0.154994
v -1.846368 0.031624 0.152605
v -1.722523 -0.112985 -0.050073
v -1.662720 0.038791 0.240820
v -1.834083 0.026217 -0.156773
v -1.827216 0.027790 -0.160233
v -1.822157 0.032032 -0.162832
v -1.596611 0.069666 0.257812
v -1.822157 0.032032 0.164850
v -1.823556 0.040906 -0.140029
v -1.662636 0.090455 0.229920
v -1.662720 0.038790 -0.239093
v -1.846591 0.042896 0.152479
v -1.607603 0.041051 0.259666
v -1.722523 -0.112985 0.051800
v -1.660116 0.089039 0.229263
v -1.569409 -0.145610 -0.189158
v -1.822496 0.041292 0.142425
v -1.733483 -0.110809 0.024584
v -1.567617 -0.144734 0.188294
v -1.827668 0.047479 0.162059
v -1.820364 0.037744 0.165757
v -1.834084 0.026218 0.158790
v -1.719789 -0.113276 0.050714
v -1.820363 0.037744 -0.163739
v -1.822377 0.043328 -0.162651
v -1.827709 0.047350 -0.159931
v -1.724886 -0.181216 -0.002659
v -1.596610 0.069665 -0.256086
v -1.662635 0.090455 -0.228193
v -1.834674 0.048734 -0.156412
v -1.841484 0.047169 -0.152976
v -1.846590 0.042896 -0.150462
v -1.848413 0.037180 -0.149583
v -1.846367 0.031623 -0.150587
v -1.841063 0.027597 -0.153255
v -1.571017 -0.145992 -0.191888
v -1.609892 0.042555 -0.258947
v -1.724886 -0.181216 0.004385
v -1.719788 -0.113276 -0.048987
v -1.607602 0.041050 -0.257940
v -1.604904 0.039311 0.258553
v -1.593169 0.069874 0.256473
v -1.657924 0.087896 0.227647
v -1.657925 0.041738 0.237434
v -1.609893 0.042556 0.260674
v -1.728635 -0.181514 0.004787
v -1.736994 -0.110387 0.024366
v -1.716308 -0.113246 0.050700
v -1.604903 0.039310 -0.256827
v -1.593168 0.069873 -0.254747
v -1.657923 0.087895 -0.225920
v -1.657924 0.041737 -0.235708
v -1.728636 -0.181514 -0.003060
v -1.736994 -0.110387 -0.022639
v -1.716308 -0.113246 -0.048973
v -1.820348 0.047449 -0.141449
v -1.822336 0.043457 0.164779
v -1.820349 0.047450 0.143243
v -1.830788 0.042778 0.138228
vn -0.9670 -0.2527 0.0318
vn -0.1444 0.1536 0.9775
vn -0.1877 0.4787 0.8577
vn 0.9469 0.3144 0.0669
vn 0.9590 0.2782 -0.0543
vn 0.9371 0.2840 0.2027
vn 0.9667 0.2529 0.0385
vn 0.9577 -0.0241 -0.2866
vn 0.9889 -0.1447 -0.0332
vn 0.9757 -0.1554 -0.1547
vn 0.0181 -0.4795 0.8773
vn 0.0464 -0.6505 0.7581
vn -0.1769 0.4224 0.8890
vn 0.9398 0.3304 0.0867
vn -0.2164 0.4747 0.8531
vn -0.2030 0.4209 0.8841
vn 0.9430 0.3039 0.1356
vn -0.2429 0.4763 0.8450
vn -0.9529 -0.2612 0.1542
vn -0.9578 -0.2856 0.0306
vn 0.9483 0.2922 -0.1240
vn 0.9452 0.2939 0.1422
vn 0.9623 0.2702 -0.0319
vn 0.9456 0.3043 -0.1148
vn 0.9366 0.3093 0.1646
vn 0.9598 0.2803 -0.0176
vn -0.1730 0.4453 0.8785
vn 0.9534 0.2767 0.1200
vn -0.2105 0.4963 0.8423
vn -0.9789 -0.2042 -0.0017
vn -0.1700 0.1957 0.9658
vn -0.1974 0.5119 0.8360
vn 0.9555 0.2754 0.1061
vn 0.9664 0.2520 -0.0514
vn 0.9472 0.2557 0.1935
vn 0.9720 0.2324 0.0332
vn -0.9727 -0.2136 0.0911
vn -0.9711 -0.2387 0.0069
vn 0.9668 0.2485 -0.0602
vn 0.9500 0.2560 0.1790
vn 0.9725 0.2320 0.0218
vn -0.9928 -0.0412 0.1121
vn -0.1008 -0.3104 0.9453
vn -0.9806 -0.1685 0.0999
vn -0.9571 -0.0317 0.2880
vn -0.8500 -0.2058 0.4850
vn 0.6878 0.0663 0.7228
vn -0.0208 -0.3187 0.9476
vn 0.9829 -0.1580 -0.0951
vn 0.9986 -0.0091 0.0518
vn 0.9617 0.1823 -0.2049
vn 0.9872 0.0738 0.1413
vn 0.9595 0.1800 0.2169
vn 0.7560 0.1726 0.6315
vn -0.6242 -0.6877 0.3707
vn -0.0837 -0.2225 0.9713
vn -0.9574 -0.2889 0.0027
vn -0.9686 -0.2485 0.0017
vn -0.9448 -0.1990 0.2603
vn -0.9771 -0.2121 -0.0190
vn -0.1996 -0.2997 0.9329
vn -0.9025 -0.3173 0.2912
vn -0.9700 -0.1654 0.1780
vn -0.9865 -0.1469 0.0719
vn -0.9970 -0.0403 0.0667
vn -0.9794 -0.0310 0.1996
vn -0.8856 -0.2031 0.4177
vn 0.5915 0.0834 0.8020
vn -0.1320 -0.3215 0.9377
vn 0.9896 -0.1432 -0.0101
vn 0.9934 -0.0139 0.1142
vn 0.9818 0.1474 -0.1199
vn 0.9792 0.0515 0.1963
vn 0.9588 0.1445 0.2448
vn 0.7382 0.1465 0.6585
vn -0.1525 -0.2049 0.9668
vn -0.9728 -0.2311 -0.0174
vn -0.9920 -0.0419 0.1191
vn -0.0956 -0.3088 0.9463
vn -0.9796 -0.1653 0.1140
vn -0.9568 -0.0318 0.2890
vn -0.8485 -0.2031 0.4886
vn 0.6885 0.0699 0.7218
vn -0.0212 -0.3155 0.9487
vn 0.9830 -0.1565 -0.0959
vn 0.9990 -0.0086 0.0442
vn 0.9614 0.1784 -0.2094
vn 0.9894 0.0720 0.1261
vn 0.9654 0.1741 0.1940
vn 0.7711 0.1653 0.6149
vn -0.6247 -0.6768 0.3895
vn -0.0730 -0.2229 0.9721
vn -0.9701 -0.2416 0.0227
vn -0.9445 -0.1951 0.2643
vn 0.9937 -0.0156 0.1109
vn -0.1979 -0.2927 0.9355
vn 0.8263 -0.1613 0.5396
vn 0.9816 0.1442 -0.1249
vn 0.9797 0.0521 0.1936
vn 0.9613 0.1486 0.2321
vn 0.7426 0.1552 0.6515
vn -0.6792 -0.6211 0.3910
vn -0.1472 -0.1902 0.9706
vn -0.9771 -0.2127 -0.0020
vn -0.9696 -0.1617 0.1837
vn -0.9856 -0.1459 0.0855
vn -0.9962 -0.0401 0.0778
vn -0.9786 -0.0302 0.2037
vn -0.8823 -0.2046 0.4239
vn -0.1283 -0.3293 0.9355
vn 0.9890 -0.1475 -0.0125
vn -0.9733 -0.2257 -0.0423
vn -0.1763 -0.3131 0.9332
vn -0.8981 -0.3480 0.2689
vn -0.9644 -0.1808 0.1927
vn -0.9859 -0.1563 0.0605
vn -0.9970 -0.0401 0.0657
vn -0.9748 -0.0319 0.2210
vn -0.8805 -0.2058 0.4270
vn 0.6168 0.0800 0.7831
vn -0.1085 -0.3197 0.9413
vn 0.9946 -0.0115 0.1032
vn 0.9773 0.1622 -0.1363
vn 0.9799 0.0589 0.1904
vn 0.9534 0.1550 0.2590
vn 0.7315 0.1484 0.6655
vn -0.1386 -0.2302 0.9632
vn -0.9643 -0.2613 -0.0427
vn -0.2319 0.4091 -0.8825
vn -0.9670 -0.2527 -0.0318
vn -0.1877 0.4787 -0.8577
vn 0.9590 0.2782 0.0543
vn 0.9372 0.2840 -0.2027
vn 0.9430 0.3039 -0.1356
vn -0.9698 -0.2413 -0.0359
vn -0.9533 -0.1754 -0.2460
vn -0.9654 -0.2468 -0.0841
vn 0.9884 -0.0221 0.1505
vn 0.9542 0.1731 0.2440
vn 0.9577 -0.0241 0.2866
vn -0.9530 -0.0207 -0.3024
vn -0.9770 0.0486 -0.2075
vn -0.9667 0.0579 -0.2493
vn 0.1121 -0.6432 -0.7575
vn 0.9757 -0.1554 0.1547
vn 0.0464 -0.6505 -0.7581
vn -0.2598 0.4044 -0.8769
vn -0.9631 -0.2687 -0.0118
vn -0.2164 0.4747 -0.8531
vn -0.2876 0.4046 -0.8681
vn -0.9696 -0.2417 0.0372
vn -0.2429 0.4763 -0.8451
vn -0.9604 -0.2580 -0.1054
vn -0.9281 -0.1898 -0.3202
vn -0.9529 -0.2612 -0.1542
vn 0.9483 0.2922 0.1240
vn 0.9454 0.2969 -0.1345
vn 0.9469 0.3144 -0.0669
vn -0.9590 -0.2680 -0.0917
vn -0.9279 -0.1931 -0.3190
vn -0.9510 -0.2729 -0.1453
vn 0.9456 0.3043 0.1148
vn 0.9371 0.3119 -0.1568
vn 0.9398 0.3304 -0.0867
vn -0.9257 -0.0194 -0.3776
vn -0.9618 0.0627 -0.2665
vn -0.9468 0.0720 -0.3136
vn 0.9752 -0.0202 0.2204
vn 0.9292 0.1888 0.3176
vn 0.9317 -0.0237 0.3624
vn -0.9257 -0.0195 -0.3776
vn -0.9617 0.0620 -0.2669
vn -0.9463 0.0716 -0.3151
vn 0.9755 -0.0212 0.2190
vn 0.9290 0.1922 0.3163
vn 0.9317 -0.0243 0.3625
vn 0.1493 -0.6399 -0.7538
vn 0.9608 -0.1679 0.2206
vn 0.0843 -0.6454 -0.7592
vn 0.1500 -0.6462 -0.7483
vn 0.9602 -0.1692 0.2220
vn 0.0829 -0.6525 -0.7533
vn -0.2593 0.4299 -0.8649
vn -0.9777 -0.2093 0.0178
vn -0.2105 0.4962 -0.8423
vn -0.2464 0.4407 -0.8632
vn -0.9789 -0.2042 0.0017
vn -0.1974 0.5119 -0.8360
vn -0.9749 -0.2182 -0.0434
vn -0.9621 -0.1590 -0.2214
vn -0.9724 -0.2187 -0.0817
vn 0.9664 0.2520 0.0514
vn 0.9478 0.2599 -0.1849
vn 0.9534 0.2767 -0.1200
vn -0.9749 -0.2154 -0.0559
vn -0.9623 -0.1542 -0.2238
vn -0.9727 -0.2136 -0.0911
vn 0.9668 0.2485 0.0602
vn 0.9504 0.2603 -0.1704
vn 0.9555 0.2754 -0.1061
vn -0.9623 -0.0210 -0.2710
vn -0.9806 0.0416 -0.1918
vn -0.9730 0.0489 -0.2255
vn 0.9917 -0.0240 0.1265
vn 0.9629 0.1571 0.2192
vn 0.9668 -0.0251 0.2545
vn -0.9623 -0.0209 -0.2710
vn -0.9791 0.0391 -0.1994
vn -0.9721 0.0453 -0.2300
vn 0.9913 -0.0265 0.1292
vn 0.9632 0.1522 0.2216
vn 0.9667 -0.0268 0.2543
vn 0.0949 -0.6518 -0.7524
vn 0.9803 -0.1510 0.1271
vn 0.0320 -0.6551 -0.7548
vn 0.0954 -0.6681 -0.7379
vn 0.9797 -0.1526 0.1299
vn 0.0326 -0.6682 -0.7433
vn -0.9901 -0.0427 -0.1335
vn -0.1033 -0.3090 -0.9455
vn -0.8687 -0.0600 -0.4916
vn 0.8683 -0.1510 -0.4725
vn -0.0209 -0.3188 -0.9476
vn 0.9957 -0.0239 -0.0897
vn 0.9847 0.0817 -0.1540
vn 0.9693 0.1796 -0.1681
vn 0.8229 0.0580 -0.5652
vn -0.8774 -0.3670 -0.3091
vn -0.0835 -0.2225 -0.9714
vn -0.9688 -0.2477 0.0085
vn -0.9799 -0.1691 -0.1063
vn -0.9771 -0.2117 0.0230
vn -0.1981 -0.2960 -0.9344
vn -0.9868 -0.1473 -0.0670
vn -0.9958 -0.0398 -0.0827
vn -0.9046 -0.0643 -0.4213
vn 0.8257 -0.1559 -0.5421
vn -0.1320 -0.3217 -0.9376
vn 0.9882 -0.0285 -0.1503
vn 0.9768 0.0573 -0.2061
vn 0.9694 0.1432 -0.1995
vn 0.8026 0.0243 -0.5960
vn -0.4846 -0.4047 -0.7755
vn -0.1522 -0.2050 -0.9669
vn -0.9893 -0.0422 -0.1394
vn -0.0979 -0.3084 -0.9462
vn -0.8670 -0.0574 -0.4950
vn 0.8710 -0.1503 -0.4677
vn -0.0213 -0.3156 -0.9486
vn 0.9965 -0.0220 -0.0810
vn 0.9872 0.0792 -0.1383
vn 0.9739 0.1734 -0.1461
vn 0.8357 0.0483 -0.5470
vn -0.8751 -0.3556 -0.3281
vn -0.0728 -0.2229 -0.9721
vn -0.9704 -0.2413 -0.0136
vn -0.9788 -0.1658 -0.1200
vn 0.9883 -0.0311 -0.1490
vn -0.1977 -0.2919 -0.9358
vn 0.9777 0.0575 -0.2020
vn 0.9714 0.1461 -0.1873
vn 0.8079 0.0298 -0.5885
vn -0.8992 -0.3113 -0.3074
vn -0.1470 -0.1903 -0.9707
vn -0.9771 -0.2127 0.0052
vn -0.9859 -0.1467 -0.0811
vn -0.9948 -0.0394 -0.0936
vn -0.9012 -0.0673 -0.4282
vn 0.3705 -0.1763 -0.9120
vn -0.1283 -0.3295 -0.9354
vn -0.9731 -0.2249 0.0493
vn -0.1743 -0.3117 -0.9341
vn -0.9863 -0.1557 -0.0545
vn -0.9956 -0.0414 -0.0841
vn -0.9000 -0.0635 -0.4313
vn 0.8354 -0.1509 -0.5285
vn -0.1086 -0.3200 -0.9412
vn 0.9900 -0.0267 -0.1388
vn 0.9770 0.0660 -0.2027
vn 0.9647 0.1547 -0.2132
vn 0.7988 0.0317 -0.6008
vn -0.4542 -0.4335 -0.7783
vn -0.1383 -0.2302 -0.9633
vn 0.3858 -0.6731 -0.6310
vn -0.2158 -0.1082 -0.9704
vn 0.4019 -0.3102 -0.8615
vn 0.6555 -0.6356 -0.4078
vn -0.2787 -0.9380 -0.2063
vn 0.0716 -0.9924 0.1005
vn -0.1052 -0.9793 0.1730
vn -0.4612 -0.4100 -0.7869
vn -0.1730 -0.9699 -0.1713
vn -0.7576 0.5072 -0.4108
vn -0.6098 0.1188 -0.7836
vn -0.8874 0.2733 -0.3713
vn -0.9886 -0.0413 0.1449
vn -0.9525 0.3046 -0.0073
vn -0.9807 0.0237 -0.1939
vn -0.5142 0.6646 -0.5422
vn -0.6765 0.6612 -0.3243
vn -0.5321 0.7823 -0.3238
vn -0.4219 0.7907 -0.4436
vn -0.2679 0.8449 -0.4630
vn -0.3402 0.7681 -0.5426
vn 0.1641 -0.9105 -0.3796
vn 0.4719 -0.8223 -0.3180
vn 0.3857 -0.9176 -0.0960
vn 0.2041 -0.9769 -0.0624
vn 0.2925 0.4128 -0.8626
vn -0.0465 0.6272 -0.7775
vn 0.1787 0.6494 -0.7391
vn 0.3881 0.5673 -0.7263
vn 0.4514 -0.0103 -0.8923
vn 0.4700 0.3331 -0.8174
vn 0.6988 0.0238 -0.7149
vn -0.8350 -0.5464 0.0642
vn -0.4465 -0.8937 -0.0447
vn -0.5462 -0.8144 0.1958
vn -0.7051 -0.6450 0.2946
vn -0.9132 -0.3860 0.1304
vn 0.3865 -0.3278 0.8621
vn 0.6558 -0.6356 0.4073
vn 0.7286 -0.3404 0.5944
vn -0.2277 -0.0742 0.9709
vn 0.4828 -0.5002 0.7189
vn -0.0271 -0.9561 0.2916
vn -0.4702 -0.3952 0.7891
vn -0.2820 -0.9360 0.2106
vn 0.0746 -0.9924 -0.0981
vn -0.4438 -0.8943 0.0570
vn -0.9013 0.2545 0.3506
vn -0.9889 -0.0370 -0.1442
vn -0.9899 -0.0713 0.1225
vn -0.6178 0.1187 0.7773
vn -0.7963 0.4825 0.3648
vn -0.4029 0.7933 0.4565
vn -0.5320 0.7831 0.3223
vn -0.5476 0.7028 0.4541
vn -0.2620 0.8388 0.4773
vn -0.3984 0.8256 0.3995
vn -0.6720 0.6704 0.3147
vn -0.8207 0.5566 0.1288
vn 0.3235 -0.8747 0.3610
vn 0.2042 -0.9769 0.0625
vn 0.3858 -0.9176 0.0957
vn 0.4720 -0.8223 0.3180
vn 0.1333 0.5296 0.8377
vn 0.4239 0.0431 0.9047
vn 0.4601 0.3282 0.8250
vn 0.3845 0.5700 0.7261
vn -0.1239 0.6911 0.7120
vn 0.1377 0.6755 0.7244
vn -0.7635 -0.6356 0.1148
vn -0.9188 -0.3748 -0.1242
vn -0.7278 -0.6246 -0.2831
vn -0.5533 -0.8134 -0.1796
vn -0.2774 -0.9339 -0.2256
vn -0.4380 0.0522 0.8975
vn -0.0847 -0.5045 0.8592
vn -0.5982 0.3119 0.7382
vn -0.4564 0.0141 -0.8897
vn -0.1633 -0.4251 -0.8903
vn -0.4274 0.2017 -0.8813
vn -0.5922 0.2951 -0.7498
vn -0.1208 0.8258 0.5508
vn 0.0366 0.7887 0.6137
vn -0.1157 0.8270 0.5502
vn -0.0433 0.7097 0.7032
vn -0.1830 0.7350 0.6530
vn -0.2610 0.8334 0.4872
vn 0.6693 -0.6148 0.4171
vn 0.7472 -0.3285 0.5778
vn 0.6975 0.0244 0.7162
vn 0.5585 -0.5757 0.5972
vn 0.6319 -0.3055 0.7123
vn -0.2141 -0.8666 0.4507
vn -0.2504 -0.9565 0.1494
vn -0.3469 -0.8683 0.3545
vn 0.0527 -0.9968 -0.0594
vn -0.0926 -0.9822 -0.1635
vn -0.1035 -0.9858 -0.1326
vn -0.9321 -0.0152 0.3619
vn -0.9401 0.2504 0.2312
vn -0.8973 0.2094 0.3886
vn -0.9929 -0.0252 -0.1161
vn -0.9552 0.2961 -0.0036
vn -0.9550 0.2965 0.0020
vn 0.0284 0.7845 -0.6195
vn -0.1321 0.8390 -0.5278
vn -0.1257 0.8215 -0.5562
vn -0.1809 0.5357 -0.8248
vn -0.2177 0.6815 -0.6987
vn -0.2852 0.5504 -0.7847
vn 0.6619 -0.6142 -0.4296
vn 0.7292 -0.3445 -0.5912
vn 0.7360 -0.3275 -0.5925
vn 0.3248 -0.4812 -0.8142
vn 0.5524 -0.2923 -0.7807
vn 0.3781 -0.2532 -0.8905
vn 0.0481 -0.9969 0.0621
vn -0.1233 -0.9819 0.1441
vn -0.2935 -0.9248 0.2420
vn -0.1295 -0.9507 -0.2817
vn -0.2874 -0.9368 -0.1993
vn -0.9923 -0.0293 0.1202
vn -0.9552 0.2961 -0.0032
vn -0.8211 0.5544 -0.1358
vn -0.9805 -0.0172 -0.1960
vn -0.9326 0.2454 -0.2646
vn -0.9439 -0.3133 0.1041
vn -0.9174 -0.3453 -0.1981
vn -0.7523 -0.6150 -0.2362
vn -0.8973 -0.3622 -0.2525
vn -0.2836 -0.9397 -0.1909
vn -0.5050 -0.8188 -0.2730
vn -0.5197 -0.8223 -0.2317
vn -0.4071 -0.9115 0.0580
vn 0.2110 -0.9770 0.0316
vn 0.2371 -0.9714 -0.0145
vn 0.5282 -0.8051 0.2697
vn 0.5255 -0.8185 0.2323
vn 0.5661 0.3406 0.7507
vn 0.5663 0.3492 0.7466
vn 0.2030 0.7065 0.6780
vn 0.0283 0.7917 0.6103
vn 0.2091 0.7092 0.6733
vn -0.5426 0.7659 0.3449
vn -0.4010 0.8138 0.4207
vn -0.8347 0.5344 0.1330
vn -0.6735 0.7021 0.2313
vn -0.6882 0.6811 0.2499
vn -0.9085 -0.3653 0.2031
vn -0.8857 -0.3898 0.2521
vn -0.8147 -0.5648 -0.1317
vn -0.9392 -0.3082 -0.1516
vn -0.5163 -0.8238 0.2342
vn -0.4976 -0.8182 0.2878
vn 0.2365 -0.9715 0.0138
vn 0.2088 -0.9773 -0.0345
vn 0.3657 -0.9191 -0.1467
vn 0.5327 -0.8145 -0.2300
vn 0.5226 -0.8061 -0.2778
vn 0.3483 -0.7465 -0.5669
vn 0.6948 0.0197 -0.7190
vn 0.5670 0.3434 -0.7487
vn 0.5515 0.3349 -0.7640
vn 0.3712 0.5555 -0.7441
vn 0.3615 0.2832 -0.8883
vn 0.2211 0.7069 -0.6719
vn 0.1959 0.6973 -0.6895
vn 0.0520 0.5902 -0.8056
vn -0.4025 0.8075 -0.4312
vn -0.3986 0.8259 -0.3988
vn -0.5724 0.6149 -0.5424
vn -0.4542 0.6568 -0.6019
vn -0.6870 0.6791 -0.2586
vn -0.6712 0.7042 -0.2315
vn -0.2239 0.8015 -0.5544
vn 0.0269 0.7809 -0.6241
vn -0.2354 0.6862 -0.6883
vn -0.3482 0.4911 -0.7984
vn -0.2088 0.1828 -0.9607
vn -0.3922 0.3036 0.8683
vn -0.2356 0.6744 0.6998
vn -0.9533 -0.1754 0.2460
vn -0.9700 -0.2401 0.0374
vn -0.9654 -0.2468 0.0841
vn -0.9599 0.0430 0.2769
vn -0.9258 -0.0194 0.3776
vn -0.9468 0.0721 0.3135
vn -0.9757 0.0297 0.2170
vn -0.9530 -0.0207 0.3024
vn -0.9667 0.0579 0.2493
vn -0.9599 0.0419 0.2773
vn -0.9257 -0.0195 0.3776
vn -0.9463 0.0716 0.3151
vn -0.9621 -0.1590 0.2214
vn -0.9752 -0.2169 0.0443
vn -0.9724 -0.2187 0.0817
vn -0.9794 0.0235 0.2007
vn -0.9623 -0.0209 0.2710
vn -0.9730 0.0489 0.2255
vn 0.9632 0.1522 -0.2216
vn 0.9901 -0.0233 -0.1383
vn 0.9667 -0.0268 -0.2543
vn 0.9629 0.1570 -0.2193
vn 0.9903 -0.0192 -0.1376
vn 0.9668 -0.0251 -0.2545
vn -0.9281 -0.1898 0.3203
vn -0.9598 -0.2596 0.1070
vn -0.9279 -0.1931 0.3190
vn -0.9593 -0.2666 0.0933
vn -0.9510 -0.2729 0.1453
vn 0.9292 0.1888 -0.3176
vn 0.9721 -0.0135 -0.2342
vn 0.9317 -0.0237 -0.3624
vn -0.9623 -0.1542 0.2238
vn -0.9746 -0.2164 0.0577
vn 0.9542 0.1731 -0.2440
vn 0.9866 -0.0354 -0.1594
vn 0.9290 0.1922 -0.3163
vn 0.9724 -0.0147 -0.2328
vn 0.9317 -0.0243 -0.3625
vn -0.9779 0.0208 0.2082
vn -0.9721 0.0453 0.2300
vn -0.9777 -0.2093 -0.0178
vn -0.9696 -0.2417 -0.0372
vn -0.9631 -0.2687 0.0118
vn 0.9797 -0.1526 -0.1299
vn 0.0756 -0.6774 0.7317
vn 0.0326 -0.6681 0.7433
vn 0.9608 -0.1679 -0.2206
vn 0.1306 -0.6492 0.7493
vn 0.0843 -0.6454 0.7592
vn 0.9803 -0.1510 -0.1271
vn 0.0752 -0.6613 0.7463
vn 0.0320 -0.6551 0.7548
vn 0.9602 -0.1692 -0.2220
vn 0.1314 -0.6555 0.7437
vn 0.0830 -0.6524 0.7533
vn -0.9744 -0.0217 -0.2237
vn -0.9793 -0.0233 -0.2010
vn 0.9713 0.2371 -0.0189
vn 0.9709 0.2373 -0.0306
vn -0.9563 -0.0211 -0.2916
vn -0.9567 -0.0207 -0.2905
vn 0.9608 0.2752 0.0345
vn -0.9787 -0.0240 -0.2040
vn 0.9653 0.2586 -0.0356
vn 0.9581 0.2856 0.0203
vn -0.9710 -0.2391 -0.0078
vn -0.9698 -0.2436 0.0100
vn -0.9610 -0.2741 0.0362
vn -0.9533 -0.3020 -0.0094
vn -0.9576 -0.2863 -0.0320
vn 0.9886 -0.1504 0.0118
vn 0.9813 -0.1637 0.1017
vn 0.9891 -0.1471 0.0114
vn 0.9879 -0.1503 0.0376
vn 0.9811 -0.1651 0.1011
vn -0.9416 -0.2022 -0.2694
vn 0.9572 0.1895 0.2185
vn -0.9699 -0.1602 -0.1836
vn 0.9793 0.1540 0.1317
vn -0.9414 -0.1982 -0.2730
vn 0.9571 0.1856 0.2226
vn 0.9792 0.1505 0.1362
vn -0.9694 -0.1569 -0.1888
vn -0.9641 -0.1746 -0.1999
vn 0.9740 0.1697 0.1498
vn -0.3545 0.7068 0.6122
vn -0.1338 0.2420 0.9610
vn -0.1037 0.6394 0.7618
vn -0.2319 0.6540 0.7201
vn 0.7102 0.0234 0.7036
vn 0.4526 -0.5332 0.7147
vn 0.5283 -0.2843 0.8000
vn -0.1043 -0.9656 0.2383
vn -0.8106 0.3771 0.4480
vn -0.9868 0.0021 0.1621
vn -0.3317 0.6737 -0.6604
vn -0.0951 0.6589 -0.7462
vn 0.5010 -0.5465 -0.6711
vn 0.4772 0.0038 -0.8788
vn -0.3088 -0.9292 0.2029
vn -0.3901 -0.7983 -0.4589
vn -0.8319 0.5374 -0.1382
vn -0.9058 -0.0089 -0.4236
vn -0.8692 0.1943 -0.4547
vn 0.3684 -0.9186 0.1428
vn 0.3846 0.5632 0.7314
vn -0.7295 -0.6412 0.2380
vn -0.5420 0.7617 -0.3551
vn -0.9053 -0.2737 0.3250
vn -0.8120 -0.5818 0.0464
vn 0.0280 -0.9289 -0.3693
vn -0.2678 0.8235 -0.5002
vn -0.4547 -0.8768 -0.1566
vn -0.7027 0.5747 0.4194
vn 0.5838 0.0104 0.8118
vn 0.2307 -0.8852 0.4040
vn 0.2784 0.5181 0.8087
vn -0.8321 0.4180 -0.3646
vn -0.4767 0.5151 -0.7123
vn -0.3833 0.5381 -0.7507
vn -0.7039 0.5358 -0.4662
vn -0.6771 0.4249 -0.6008
vn -0.5709 0.4791 -0.6667
vn -0.7890 0.3328 -0.5164
vn 0.1142 0.6379 0.7616
vn 0.1990 0.4696 0.8602
vn 0.0400 0.5809 0.8130
vn 0.4448 0.3175 0.8374
vn 0.4828 0.0114 0.8756
vn 0.3564 0.2807 0.8912
vn -0.3113 0.7304 0.6080
vn -0.7965 -0.4446 -0.4096
vn -0.8799 -0.2359 -0.4124
vn -0.6376 -0.7569 -0.1432
vn -0.5285 -0.7378 -0.4199
vn -0.6712 -0.6150 -0.4138
vn -0.6110 -0.7914 0.0205
vn -0.5744 0.5594 0.5976
vn -0.6931 0.4870 0.5314
vn -0.8224 0.4547 0.3419
vn -0.5698 0.6477 0.5058
vn -0.4353 0.7046 0.5603
vn -0.3515 0.6382 0.6850
vn -0.4638 0.6075 0.6448
vn 0.1866 -0.8655 -0.4648
vn -0.1211 -0.7895 -0.6017
vn -0.2586 -0.8070 -0.5309
vn 0.1753 -0.6388 -0.7491
vn 0.0192 -0.7373 -0.6752
vn 0.2020 0.4760 -0.8559
vn 0.1977 0.2332 -0.9521
vn 0.3171 0.0070 -0.9484
vn -0.0649 0.4836 -0.8729
vn 0.0648 0.3899 -0.9186
vn 0.4102 -0.7601 0.5040
vn 0.0988 -0.8058 0.5839
vn 0.2807 -0.7043 0.6520
vn -0.0628 -0.8539 0.5166
vn 0.0662 -0.9454 0.3190
vn -0.8158 -0.5238 0.2451
vn -0.4814 -0.8423 0.2425
vn -0.6553 -0.7302 0.1932
vn -0.0384 0.9993 -0.0002
vn -0.0653 0.9814 0.1805
vn -0.0339 0.9826 0.1827
vn -0.0650 0.9815 -0.1799
vn -0.0682 0.9977 -0.0002
vn -0.0278 0.9340 0.3563
vn -0.0619 0.9326 0.3554
vn -0.0224 0.8511 0.5246
vn -0.0146 0.7348 0.6781
vn -0.0567 0.8524 0.5198
vn -0.0432 0.7369 0.6746
vn -0.0060 0.5873 0.8093
vn 0.0041 0.4129 0.9108
vn -0.0351 0.5912 0.8058
vn -0.0240 0.4232 0.9057
vn 0.0145 0.2145 0.9766
vn 0.0215 -0.0023 0.9998
vn -0.0094 0.2220 0.9750
vn 0.0035 -0.0114 0.9999
vn 0.0223 -0.2075 0.9780
vn -0.0031 -0.4209 0.9071
vn 0.0232 -0.3937 0.9189
vn -0.0092 -0.3214 0.9469
vn 0.0196 -0.3040 0.9525
vn -0.0227 -0.9377 0.3466
vn -0.0032 -0.9847 0.1745
vn 0.0034 -0.9386 0.3449
vn -0.0065 -0.9379 0.3467
vn -0.0097 -1.0000 -0.0000
vn -0.0086 -1.0000 -0.0000
vn 0.0027 -0.9845 -0.1756
vn 0.0010 -1.0000 -0.0000
vn -0.0007 0.9337 0.3580
vn 0.0212 0.8422 0.5387
vn 0.0105 0.9261 0.3772
vn 0.0038 0.9571 0.2897
vn 0.0153 0.7304 0.6828
vn 0.0420 0.5753 0.8169
vn 0.0323 0.7247 0.6883
vn 0.0073 0.8494 0.5276
vn 0.0325 0.4058 0.9134
vn 0.0559 0.2041 0.9774
vn 0.0504 0.4000 0.9151
vn 0.0241 0.5817 0.8131
vn 0.0600 -0.0032 0.9982
vn 0.0406 -0.1986 0.9793
vn 0.0557 -0.1975 0.9787
vn 0.0391 0.2093 0.9771
vn 0.0435 0.0018 0.9991
vn 0.0360 -0.3857 0.9219
vn 0.0442 -0.2818 0.9584
vn 0.0464 -0.3833 0.9224
vn 0.0098 -0.9359 0.3521
vn 0.0027 -0.9844 0.1757
vn 0.0104 -0.9838 0.1789
vn 0.0127 -0.9388 0.3441
vn 0.0066 -0.9385 0.3453
vn 0.0134 -0.9999 -0.0000
vn 0.0104 -0.9838 -0.1790
vn 0.0200 -0.9998 -0.0000
vn -0.0878 0.9285 0.3608
vn -0.1063 0.9762 0.1888
vn -0.1058 0.9215 0.3737
vn -0.0869 0.9795 0.1816
vn -0.0758 0.8482 0.5243
vn -0.1061 0.9944 -0.0000
vn -0.0871 0.9962 -0.0000
vn -0.0869 0.9795 -0.1816
vn -0.0183 -0.9829 0.1834
vn -0.0322 -0.9995 -0.0000
vn -0.0188 -0.9998 -0.0000
vn -0.0299 -0.9295 0.3676
vn -0.0098 -0.9317 0.3630
vn -0.0198 -0.9277 0.3727
vn -0.0185 -0.8476 0.5302
vn -0.0222 -0.8480 0.5296
vn -0.0051 -0.2403 0.9707
vn -0.0720 -0.4257 0.9020
vn 0.0011 -0.4292 0.9032
vn -0.0048 -0.4424 0.8968
vn -0.0137 -0.5581 0.8297
vn -0.0059 -0.0021 1.0000
vn -0.0402 0.2289 0.9726
vn -0.0407 -0.0000 0.9992
vn -0.0236 0.2370 0.9712
vn -0.0363 -0.2305 0.9724
vn -0.0417 0.4322 0.9008
vn -0.0674 0.5820 0.8104
vn -0.0619 0.4233 0.9039
vn -0.0531 0.5918 0.8044
vn -0.0596 0.7016 0.7101
vn -0.0557 0.7341 0.6767
vn -0.1311 0.9213 0.3662
vn -0.1626 0.9687 0.1875
vn -0.1619 0.9143 0.3713
vn -0.1334 0.9736 0.1851
vn -0.1328 0.8407 0.5250
vn -0.1333 0.9911 -0.0000
vn -0.1626 0.9687 -0.1876
vn -0.1629 0.9866 -0.0000
vn -0.0754 -0.9822 0.1720
vn -0.1063 -0.9943 -0.0000
vn -0.0694 -0.9976 -0.0000
vn -0.0719 -0.9328 0.3532
vn -0.1116 -0.8444 0.5239
vn -0.0937 -0.9192 0.3824
vn -0.0466 -0.8551 0.5163
vn -0.0779 -0.8545 0.5135
vn -0.1136 -0.7401 0.6629
vn -0.0955 -0.5989 0.7951
vn -0.1793 -0.7238 0.6663
vn -0.1377 0.6951 0.7056
vn -0.1313 0.7256 0.6755
vn -0.0891 0.7238 0.6842
vn -0.1867 0.9658 0.1798
vn -0.2154 0.9121 0.3488
vn -0.1829 0.9156 0.3580
vn -0.2205 0.8310 0.5108
vn -0.1956 0.8332 0.5172
vn -0.1870 0.9824 -0.0000
vn -0.2146 0.9607 0.1763
vn -0.2146 0.9606 -0.1764
vn -0.2140 0.9768 -0.0000
vn -0.1158 -0.9933 -0.0000
vn -0.1355 -0.9722 0.1912
vn -0.1259 -0.9920 -0.0000
vn -0.1339 -0.9747 0.1787
vn -0.1536 -0.8420 0.5171
vn -0.1513 -0.9173 0.3684
vn -0.1526 -0.9201 0.3608
vn -0.1451 -0.8387 0.5249
vn -0.1715 -0.5834 0.7939
vn -0.1462 -0.7288 0.6689
vn -0.1518 -0.7296 0.6668
vn -0.1850 -0.4129 0.8918
vn -0.2090 -0.2147 0.9541
vn -0.1998 -0.4193 0.8856
vn -0.1622 -0.4128 0.8962
vn -0.1965 -0.2133 0.9570
vn -0.2098 -0.0019 0.9777
vn -0.2264 0.2053 0.9522
vn -0.2194 -0.0005 0.9756
vn -0.2099 -0.0032 0.9777
vn -0.2129 0.2087 0.9545
vn -0.2105 0.4043 0.8901
vn -0.2273 0.5730 0.7874
vn -0.2277 0.4000 0.8878
vn -0.1766 0.3899 0.9038
vn -0.2094 0.5750 0.7909
vn -0.2122 0.7178 0.6632
vn -0.2270 0.7170 0.6591
vn -0.1741 0.7105 0.6818
vn -0.2536 0.9512 0.1758
vn -0.2913 0.8923 0.3449
vn -0.2550 0.9029 0.3461
vn -0.2570 0.8222 0.5079
vn -0.2882 0.9576 0.0003
vn -0.2530 0.9675 -0.0000
vn -0.2536 0.9512 -0.1758
vn -0.1215 -0.9926 -0.0000
vn -0.1408 -0.9705 0.1959
vn -0.1449 -0.9894 -0.0000
vn -0.1262 -0.9719 0.1988
vn -0.1333 -0.9162 0.3780
vn -0.1366 -0.9172 0.3744
vn -0.1507 -0.8537 0.4986
vn -0.2145 -0.4188 0.8824
vn -0.2584 -0.2140 0.9420
vn -0.2520 -0.4120 0.8756
vn -0.2300 -0.2116 0.9499
vn -0.2136 -0.5595 0.8009
vn -0.2567 0.2020 0.9451
vn -0.2574 0.0054 0.9663
vn -0.2453 0.0013 0.9694
vn -0.2590 0.3917 0.8829
vn -0.2940 0.5564 0.7772
vn -0.2796 0.3866 0.8789
vn -0.2591 0.5652 0.7832
vn -0.2586 0.7096 0.6555
vn -0.2935 0.8119 0.5046
vn -0.2958 0.6991 0.6510
vn -0.3031 0.9365 0.1763
vn -0.3188 0.8790 0.3547
vn -0.3075 0.8854 0.3485
vn -0.2886 0.9412 0.1755
vn -0.3268 0.7930 0.5141
vn -0.3157 0.8025 0.5063
vn -0.3015 0.9535 -0.0000
vn -0.3142 0.9325 0.1782
vn -0.3145 0.9324 -0.1782
vn -0.3132 0.9497 -0.0000
vn -0.2187 -0.9608 0.1706
vn -0.2757 -0.9613 -0.0000
vn -0.2211 -0.9753 -0.0000
vn -0.2672 -0.9148 0.3030
vn -0.2034 -0.9185 0.3391
vn -0.2843 -0.8466 0.4499
vn -0.3041 -0.2515 0.9189
vn -0.3655 -0.4099 0.8357
vn -0.3164 -0.3965 0.8618
vn -0.4165 -0.5782 0.7016
vn -0.3155 -0.4903 0.8124
vn -0.2903 -0.2600 0.9209
vn -0.2536 -0.0656 0.9651
vn -0.1895 -0.0329 0.9813
vn -0.1229 0.1344 0.9833
vn -0.2983 0.5847 0.7544
vn -0.2776 0.5897 0.7584
vn -0.2425 0.4325 0.8684
vn -0.1268 0.2536 0.9590
vn -0.2341 0.2384 0.9425
vn -0.3345 0.6874 0.6447
vn -0.3206 0.6912 0.6476
vn -0.3432 0.9227 0.1756
vn -0.3687 0.8673 0.3345
vn -0.3408 0.8712 0.3535
vn -0.3597 0.7923 0.4928
vn -0.3383 0.7878 0.5148
vn -0.3444 0.9388 0.0002
vn -0.3740 0.9124 0.1662
vn -0.3737 0.9126 -0.1659
vn -0.3751 0.9270 -0.0000
vn -0.4076 -0.7397 0.5355
vn -0.3996 -0.5872 0.7039
vn -0.3871 -0.7515 0.5342
vn -0.3888 -0.8512 0.3527
vn -0.4164 -0.7341 0.5363
vn -0.3953 -0.5836 0.7093
vn -0.3898 -0.2559 0.8846
vn -0.3987 -0.3978 0.8263
vn -0.3820 -0.4117 0.8274
vn -0.3429 -0.3076 0.8876
vn -0.3762 -0.0231 0.9262
vn -0.4173 -0.1119 0.9019
vn -0.4095 0.0921 0.9077
vn -0.3901 -0.2759 0.8785
vn -0.4695 -0.0826 0.8791
vn -0.4019 0.4288 0.8091
vn -0.3581 0.5596 0.7474
vn -0.3747 0.3846 0.8436
vn -0.4061 0.2604 0.8760
vn -0.3927 0.5701 0.7216
vn -0.3536 0.5818 0.7325
vn -0.3529 0.6923 0.6294
vn -0.3384 0.6841 0.6462
vn -0.3853 0.9094 0.1568
vn -0.4026 0.8627 0.3061
vn -0.3877 0.8676 0.3114
vn -0.4168 0.7904 0.4489
vn -0.3897 0.7975 0.4606
vn -0.3839 0.9234 -0.0000
vn -0.3931 0.9059 0.1575
vn -0.3935 0.9058 -0.1572
vn -0.3895 0.9210 -0.0000
vn -0.3169 -0.9485 0.0003
vn -0.3860 -0.9146 0.1205
vn -0.3775 -0.9260 -0.0000
vn -0.2563 -0.9666 0.0022
vn -0.3241 -0.9408 0.0995
vn -0.3467 -0.9032 0.2530
vn -0.4291 -0.7847 0.4473
vn -0.4067 -0.8691 0.2815
vn -0.2912 -0.9353 0.2012
vn -0.3809 -0.8280 0.4115
vn -0.4149 -0.7132 0.5650
vn -0.4755 -0.5265 0.7047
vn -0.4530 -0.6738 0.5837
vn -0.4347 -0.5664 0.7002
vn -0.4887 -0.3466 0.8007
vn -0.4475 -0.3951 0.8023
vn -0.5137 -0.1630 0.8423
vn -0.4070 0.5611 0.7208
vn -0.4767 0.3546 0.8044
vn -0.4198 0.3917 0.8188
vn -0.4977 0.2023 0.8434
vn -0.4172 0.3074 0.8553
vn -0.4354 0.6827 0.5867
vn -0.3949 0.6970 0.5986
vn -0.4595 0.5328 0.7106
vn -0.4218 0.8916 0.1647
vn -0.4736 0.8219 0.3164
vn -0.4308 0.8464 0.3130
vn -0.4831 0.7477 0.4556
vn -0.4449 0.7715 0.4547
vn -0.4187 0.9081 0.0001
vn -0.4672 0.8679 0.1687
vn -0.4681 0.8675 -0.1683
vn -0.4657 0.8849 0.0009
vn -0.4423 -0.8968 -0.0011
vn -0.5181 -0.8388 0.1672
vn -0.5169 -0.8560 -0.0000
vn -0.4486 -0.8811 0.1498
vn -0.4628 -0.8310 0.3086
vn -0.5253 -0.7137 0.4634
vn -0.5214 -0.7900 0.3226
vn -0.4772 -0.7486 0.4604
vn -0.4910 -0.6394 0.5917
vn -0.5312 -0.4817 0.6970
vn -0.5287 -0.6103 0.5900
vn -0.5036 -0.5009 0.7039
vn -0.5117 -0.3375 0.7901
vn -0.5307 -0.1701 0.8303
vn -0.5320 -0.3332 0.7784
vn -0.5143 -0.1671 0.8412
vn -0.5154 0.0015 0.8570
vn -0.5220 0.1716 0.8355
vn -0.5277 0.0001 0.8494
vn -0.5163 0.0009 0.8564
vn -0.5077 0.1694 0.8447
vn -0.4821 0.5092 0.7129
vn -0.5145 0.3376 0.7882
vn -0.4972 0.3397 0.7984
vn -0.4948 0.6353 0.5930
vn -0.4634 0.6579 0.5936
vn -0.5043 0.4938 0.7084
vn 0.0957 0.8282 0.5522
vn 0.1552 0.9067 0.3922
vn 0.0916 0.9157 0.3912
vn 0.0384 0.9210 0.3876
vn 0.1526 0.9420 0.2988
vn 0.0886 0.9518 0.2936
vn 0.1051 0.5606 0.8214
vn 0.1549 0.7017 0.6954
vn 0.1004 0.7106 0.6964
vn 0.0559 0.7184 0.6933
vn 0.1554 0.8192 0.5520
vn 0.1087 0.1967 0.9744
vn 0.1498 0.3816 0.9121
vn 0.1078 0.3873 0.9156
vn 0.0724 0.3942 0.9162
vn 0.1538 0.5532 0.8187
vn 0.1015 -0.2002 0.9745
vn 0.1356 -0.0000 0.9908
vn 0.1043 -0.0036 0.9945
vn 0.0767 -0.0118 0.9970
vn 0.1446 0.1954 0.9700
vn 0.0871 -0.5606 0.8235
vn 0.1175 -0.3830 0.9162
vn 0.0953 -0.3909 0.9155
vn 0.1284 -0.1935 0.9727
vn 0.2430 -0.4353 0.8669
vn 0.0633 -0.8335 0.5488
vn 0.0950 -0.7071 0.7007
vn 0.0806 -0.7104 0.6991
vn 0.1068 -0.5550 0.8249
vn 0.3614 -0.6535 0.6651
vn 0.0519 -0.9234 0.3803
vn 0.0667 -0.9788 0.1938
vn 0.0744 -0.9220 0.3799
vn 0.0832 -0.8308 0.5503
vn 0.0304 -0.9216 0.3870
vn 0.0391 -0.9805 0.1927
vn 0.0343 -0.9994 -0.0000
vn 0.0667 -0.9788 -0.1937
vn 0.0630 -0.9980 -0.0000
vn 0.2093 0.8087 0.5497
vn 0.2545 0.8858 0.3881
vn 0.2121 0.8958 0.3906
vn 0.2553 0.9157 0.3104
vn 0.2105 0.9286 0.3056
vn 0.1979 0.5457 0.8143
vn 0.2393 0.6866 0.6865
vn 0.2045 0.6930 0.6913
vn 0.2471 0.8007 0.5457
vn 0.1796 0.1924 0.9647
vn 0.2190 0.3733 0.9015
vn 0.1893 0.3765 0.9069
vn 0.2297 0.5407 0.8092
vn 0.1549 -0.1929 0.9689
vn 0.1932 -0.0000 0.9812
vn 0.1677 0.0001 0.9858
vn 0.2062 0.1913 0.9596
vn 0.1285 -0.5518 0.8240
vn 0.1660 -0.3778 0.9109
vn 0.1418 -0.3797 0.9142
vn 0.1790 -0.1919 0.9649
vn 0.1056 -0.8272 0.5518
vn 0.1407 -0.7002 0.6999
vn 0.1163 -0.7032 0.7015
vn 0.1530 -0.5491 0.8216
vn 0.0923 -0.9765 0.1949
vn 0.1255 -0.9161 0.3808
vn 0.0975 -0.9194 0.3811
vn 0.1312 -0.8244 0.5507
vn 0.0906 -0.9959 -0.0000
vn 0.1205 -0.9734 0.1949
vn 0.1205 -0.9734 -0.1949
vn 0.1188 -0.9929 0.0003
vn 0.2492 0.8025 0.5421
vn 0.2398 0.8986 0.3676
vn 0.2596 0.8877 0.3803
vn 0.2686 0.9377 0.2203
vn 0.2680 0.9136 0.3058
vn 0.2322 0.5403 0.8088
vn 0.2335 0.6874 0.6877
vn 0.2409 0.6862 0.6864
vn 0.2359 0.8094 0.5378
vn 0.2121 0.1905 0.9585
vn 0.2231 0.3724 0.9008
vn 0.2230 0.3730 0.9007
vn 0.2284 0.5404 0.8098
vn 0.1903 -0.1928 0.9626
vn 0.2081 -0.0002 0.9781
vn 0.2015 -0.0000 0.9795
vn 0.2157 0.1903 0.9577
vn 0.1694 -0.5484 0.8189
vn 0.1903 -0.3821 0.9043
vn 0.1810 -0.3792 0.9074
vn 0.1996 -0.1948 0.9603
vn 0.1533 -0.8208 0.5503
vn 0.1035 -0.7027 0.7039
vn 0.1575 -0.6983 0.6983
vn 0.1493 -0.9119 0.3822
vn 0.1578 -0.9675 0.1978
vn 0.1612 -0.9080 0.3867
vn 0.1447 -0.9700 0.1956
vn 0.1439 -0.9896 -0.0000
vn 0.1579 -0.9674 -0.1981
vn 0.1561 -0.9877 -0.0000
vn 0.2435 0.9699 -0.0000
vn 0.2536 0.9470 0.1970
vn 0.2515 0.9679 -0.0000
vn 0.2900 0.9570 -0.0092
vn 0.2407 0.9516 0.1913
vn 0.2441 0.8040 0.5422
vn 0.2582 0.8869 0.3830
vn 0.2416 0.8958 0.3731
vn 0.2455 0.5347 0.8086
vn 0.2641 0.6688 0.6949
vn 0.2455 0.6819 0.6890
vn 0.2611 0.7934 0.5499
vn 0.2386 0.1875 0.9528
vn 0.2654 0.3569 0.8956
vn 0.2434 0.3679 0.8974
vn 0.2661 0.5214 0.8107
vn 0.2179 -0.1874 0.9578
vn 0.2512 -0.0005 0.9679
vn 0.2304 -0.0004 0.9731
vn 0.2606 0.1812 0.9483
vn 0.2015 -0.3681 0.9077
vn 0.2370 -0.1786 0.9549
vn 0.1874 -0.4090 0.8931
vn 0.2196 -0.3521 0.9098
vn 0.1489 -0.9696 0.1941
vn 0.1504 -0.9172 0.3689
vn 0.1497 -0.9141 0.3768
vn 0.1475 -0.8913 0.4288
vn 0.1424 -0.8858 0.4418
vn 0.1486 -0.9889 -0.0000
vn 0.1431 -0.9706 0.1935
vn 0.1426 -0.9707 -0.1936
vn 0.1386 -0.9903 -0.0000
vn 0.2693 0.9412 0.2038
vn 0.2275 0.9738 -0.0000
vn 0.2677 0.9635 -0.0000
vn 0.2712 0.8791 0.3919
vn 0.2784 0.7734 0.5695
vn 0.2784 0.8741 0.3980
vn 0.2732 0.7821 0.5601
vn 0.2743 0.5066 0.8174
vn 0.2772 0.6431 0.7138
vn 0.2745 0.6540 0.7049
vn 0.2659 0.1745 0.9481
vn 0.2719 0.3360 0.9018
vn 0.2717 0.3451 0.8984
vn 0.2753 0.4956 0.8238
vn 0.2446 -0.1736 0.9540
vn 0.2596 -0.0009 0.9657
vn 0.2568 -0.0005 0.9665
vn 0.2667 0.1693 0.9488
vn 0.2312 -0.3446 0.9098
vn 0.2503 -0.1757 0.9521
vn 0.2504 -0.4731 0.8447
vn 0.2378 -0.3513 0.9055
vn 0.1517 -0.9679 0.2004
vn 0.1799 -0.8987 0.4000
vn 0.1631 -0.9126 0.3750
vn 0.2148 -0.8254 0.5221
vn 0.1682 -0.8911 0.4215
vn 0.1254 -0.9921 -0.0096
vn 0.1460 -0.9893 -0.0000
vn 0.1514 -0.9679 -0.2007
vn 0.2654 0.8649 0.4260
vn 0.2596 0.7445 0.6150
vn 0.2526 0.8514 0.4596
vn 0.2704 0.7616 0.5889
vn 0.2388 0.8712 0.4288
vn 0.2759 0.4839 0.8305
vn 0.2677 0.6144 0.7422
vn 0.2740 0.6321 0.7248
vn 0.2760 0.1639 0.9471
vn 0.2772 0.3114 0.9089
vn 0.2772 0.3263 0.9037
vn 0.2732 0.4652 0.8420
vn 0.2671 -0.1660 0.9493
vn 0.2796 -0.0006 0.9601
vn 0.2731 -0.0006 0.9620
vn 0.2798 0.1552 0.9474
vn 0.2579 -0.3334 0.9068
vn 0.2643 -0.4678 0.8434
vn 0.2726 -0.3123 0.9100
vn 0.2477 -0.4909 0.8353
vn 0.2411 -0.6398 0.7297
vn 0.2474 -0.7472 0.6169
vn 0.2572 -0.6150 0.7454
vn 0.2576 -0.6499 0.7150
vn 0.2187 -0.7760 0.5916
vn 0.2066 -0.8770 0.4337
vn 0.1824 -0.8733 0.4518
vn 0.2376 -0.8548 0.4614
vn 0.2591 0.7279 0.6348
vn 0.2578 0.8484 0.4623
vn 0.2632 0.8397 0.4750
vn 0.3061 0.8874 0.3447
vn 0.2612 0.8116 0.5226
vn 0.2565 0.4480 0.8564
vn 0.2399 0.5921 0.7693
vn 0.2569 0.5961 0.7607
vn 0.2481 0.7317 0.6349
vn 0.2559 0.1484 0.9553
vn 0.2270 0.2955 0.9280
vn 0.2560 0.2981 0.9195
vn 0.2327 0.4443 0.8651
vn 0.2559 -0.0003 0.9667
vn 0.2236 -0.1473 0.9635
vn 0.2225 -0.0000 0.9749
vn 0.2557 -0.1491 0.9552
vn 0.2238 0.1469 0.9635
vn 0.2557 -0.2988 0.9194
vn 0.2322 -0.4443 0.8653
vn 0.2270 -0.2955 0.9280
vn 0.2556 -0.4492 0.8561
vn 0.2560 -0.5971 0.7602
vn 0.2481 -0.7317 0.6349
vn 0.2399 -0.5921 0.7693
vn 0.2579 -0.7289 0.6342
vn 0.2561 -0.8491 0.4620
vn 0.2634 -0.8398 0.4747
vn 0.3119 -0.8817 0.3540
vn 0.2417 0.9704 -0.0016
vn 0.1665 0.9475 0.2729
vn 0.1614 0.9869 -0.0000
vn 0.3247 0.9454 -0.0273
vn 0.2424 0.9372 0.2508
vn 0.2286 0.7310 0.6430
vn 0.1767 0.8472 0.5010
vn 0.2346 0.8507 0.4704
vn 0.2192 0.4421 0.8698
vn 0.1974 0.5695 0.7979
vn 0.2235 0.5907 0.7753
vn 0.1861 0.7142 0.6747
vn 0.2150 0.1458 0.9657
vn 0.2107 0.2781 0.9371
vn 0.2166 0.2935 0.9311
vn 0.2055 0.4200 0.8840
vn 0.2147 -0.0000 0.9767
vn 0.2127 -0.1373 0.9674
vn 0.2146 -0.0000 0.9767
vn 0.2155 -0.1457 0.9656
vn 0.2129 0.1364 0.9675
vn 0.2170 -0.2930 0.9311
vn 0.1985 -0.4216 0.8848
vn 0.2074 -0.2771 0.9382
vn 0.2199 -0.4417 0.8698
vn 0.2242 -0.5901 0.7756
vn 0.1737 -0.7172 0.6749
vn 0.1869 -0.5707 0.7996
vn 0.2294 -0.7302 0.6436
vn 0.2351 -0.8501 0.4713
vn 0.1453 -0.9504 0.2749
vn 0.1600 -0.8495 0.5028
vn 0.2426 -0.9382 0.2469
vn 0.2432 -0.9700 0.0002
vn 0.1453 -0.9504 -0.2750
vn 0.1383 -0.9904 -0.0009
vn 0.3344 -0.9419 0.0312
vn 0.2424 -0.9372 -0.2509
vn -0.0449 0.9990 -0.0010
vn -0.2696 0.7779 0.5676
vn -0.3541 0.9352 -0.0001
vn -0.0259 0.9262 0.3763
vn 0.0244 0.7860 0.6178
vn -0.0595 0.4676 0.8819
vn -0.1522 0.5942 0.7898
vn 0.0732 0.6379 0.7667
vn 0.1177 0.4879 0.8649
vn 0.0821 0.2365 0.9682
vn 0.0208 0.3439 0.9388
vn 0.1538 0.3490 0.9244
vn 0.1807 0.2265 0.9571
vn 0.1444 0.0748 0.9867
vn 0.1228 0.1492 0.9812
vn 0.1937 0.1113 0.9747
vn 0.1830 -0.1111 0.9768
vn 0.1477 -0.0016 0.9890
vn 0.1926 -0.0011 0.9813
vn 0.1251 -0.3528 0.9273
vn 0.0991 -0.1487 0.9839
vn 0.1599 -0.2264 0.9608
vn 0.1334 -0.0729 0.9884
vn 0.0203 -0.6388 0.7691
vn -0.0342 -0.3433 0.9386
vn 0.0760 -0.4934 0.8665
vn 0.0475 -0.2383 0.9700
vn -0.1106 -0.9046 0.4116
vn -0.2149 -0.5176 0.8282
vn -0.0424 -0.7691 0.6377
vn -0.1228 -0.4524 0.8833
vn -0.1521 -0.9884 0.0004
vn -0.3327 -0.6591 0.6745
vn -0.3509 -0.6573 -0.6669
vn -0.5172 -0.8554 0.0260
vn -0.6565 0.7537 -0.0298
vn -0.4838 0.4409 0.7561
vn -0.7451 0.6670 -0.0003
vn -0.4372 0.5496 0.7119
vn -0.2519 0.3795 0.8902
vn -0.1770 0.1995 0.9638
vn -0.2807 0.2755 0.9194
vn -0.1493 0.2934 0.9443
vn -0.0568 0.2099 0.9761
vn -0.0420 0.0949 0.9946
vn -0.0983 0.1406 0.9852
vn 0.0080 0.1428 0.9897
vn 0.0511 0.0894 0.9947
vn 0.0149 0.0294 0.9995
vn -0.0059 0.0600 0.9982
vn 0.0765 0.0448 0.9961
vn 0.0678 -0.0441 0.9967
vn 0.0208 -0.0001 0.9998
vn 0.0821 -0.0010 0.9966
vn -0.0156 -0.1443 0.9894
vn -0.0129 -0.0593 0.9982
vn 0.0366 -0.0900 0.9953
vn 0.0108 -0.0292 0.9995
vn -0.1857 -0.2825 0.9411
vn -0.1144 -0.1398 0.9835
vn -0.0930 -0.2120 0.9728
vn -0.0545 -0.0940 0.9941
vn -0.4089 -0.4352 0.8021
vn -0.2706 -0.2405 0.9322
vn -0.2633 -0.3226 0.9092
vn -0.1935 -0.1923 0.9621
vn -0.7000 -0.7141 0.0018
vn -0.4281 -0.3604 0.8288
vn -0.4304 -0.3583 -0.8285
vn -0.7742 -0.6329 0.0062
vn -0.6078 0.7940 0.0101
vn -0.2408 0.3371 0.9102
vn -0.5836 0.8121 -0.0003
vn -0.6692 0.7430 0.0133
vn -0.2927 0.3755 0.8794
vn -0.1336 0.1794 0.9747
vn -0.0597 0.0964 0.9935
vn -0.1042 0.1528 0.9827
vn -0.1819 0.2031 0.9621
vn -0.0764 0.1134 0.9906
vn -0.0442 0.0772 0.9960
vn -0.0078 0.0357 0.9993
vn -0.0320 0.0643 0.9974
vn -0.0626 0.0910 0.9939
vn -0.0205 0.0484 0.9986
vn 0.0027 0.0218 0.9998
vn 0.0496 -0.0176 0.9986
vn 0.0196 0.0019 0.9998
vn -0.0100 0.0359 0.9993
vn 0.0264 0.0059 0.9996
vn 0.0252 -0.0061 0.9997
vn 0.0717 -0.0000 0.9974
vn 0.0377 -0.0001 0.9993
vn 0.0040 -0.0172 0.9998
vn -0.0245 -0.0481 0.9985
vn 0.0241 -0.0020 0.9997
vn 0.0008 -0.0220 0.9998
vn -0.0377 -0.0590 0.9975
vn 0.0532 0.0156 0.9985
vn -0.0854 -0.1103 0.9902
vn -0.0272 -0.0641 0.9976
vn -0.0498 -0.0756 0.9959
vn -0.1177 -0.1282 0.9847
vn -0.0028 -0.0359 0.9994
vn -0.3082 -0.3595 0.8807
vn -0.1055 -0.1519 0.9827
vn -0.1422 -0.1728 0.9746
vn -0.3652 -0.3606 0.8583
vn -0.0574 -0.0952 0.9938
vn -0.6508 -0.7592 -0.0010
vn -0.2534 -0.3337 0.9080
vn -0.2488 -0.3356 -0.9085
vn -0.5962 -0.8028 -0.0074
vn -0.4163 -0.3511 -0.8387
vn -0.7658 -0.6431 -0.0003
vn -0.4166 -0.3513 0.8384
vn -0.3648 -0.3602 -0.8586
vn -0.7127 -0.7015 -0.0003
vn -0.2391 -0.2081 0.9484
vn -0.1620 -0.1507 0.9752
vn -0.1906 -0.1911 0.9629
vn -0.1002 -0.1055 0.9894
vn -0.0550 -0.0710 0.9960
vn -0.0734 -0.0918 0.9931
vn -0.0255 -0.0446 0.9987
vn -0.0077 -0.0223 0.9997
vn -0.0136 -0.0359 0.9993
vn -0.0008 -0.0000 1.0000
vn 0.0116 -0.0000 0.9999
vn -0.0057 0.0222 0.9997
vn -0.0201 0.0451 0.9988
vn 0.0061 0.0169 0.9998
vn -0.0499 0.0721 0.9961
vn -0.0886 0.1066 0.9903
vn -0.0319 0.0600 0.9977
vn -0.1563 0.1543 0.9756
vn -0.2402 0.2259 0.9441
vn -0.1068 0.1322 0.9855
vn -0.4515 0.3989 0.7981
vn -0.7469 0.6650 -0.0003
vn -0.3677 0.3935 0.8426
vn -0.4471 0.4012 -0.7995
vn -0.5744 0.8186 -0.0003
vn -0.2118 0.3046 0.9286
vn -0.5722 0.8201 -0.0003
vn -0.2177 0.3130 0.9245
vn -0.0950 0.1389 0.9857
vn -0.0443 0.0750 0.9962
vn -0.0905 0.1340 0.9868
vn -0.0538 0.0838 0.9950
vn -0.0192 0.0458 0.9988
vn 0.0529 -0.0130 0.9985
vn 0.0017 0.0257 0.9997
vn 0.0172 0.0154 0.9997
vn 0.0560 -0.0220 0.9982
vn 0.1968 -0.0964 0.9757
vn 0.1111 -0.0494 0.9926
vn 0.0963 -0.0477 0.9942
vn 0.1337 0.0373 0.9903
vn 0.5880 0.1047 0.8020
vn 0.2401 -0.0453 0.9697
vn 0.4358 -0.2914 0.8515
vn 0.8965 -0.4122 0.1623
vn 0.0596 -0.0227 0.9980
vn 0.2174 0.0375 0.9754
vn 0.0943 0.0137 0.9954
vn 0.3265 0.0638 0.9430
vn -0.0166 -0.0738 0.9971
vn 0.0910 -0.0173 0.9957
vn 0.0223 -0.0459 0.9987
vn 0.1524 0.0015 0.9883
vn -0.1950 -0.3087 0.9310
vn -0.0164 -0.0999 0.9949
vn -0.0680 -0.1279 0.9895
vn 0.0366 -0.0407 0.9985
vn -0.5303 -0.8478 -0.0018
vn -0.1255 -0.2969 0.9466
vn -0.1132 -0.2993 -0.9474
vn -0.3566 -0.9339 -0.0246
vn 0.6161 0.1515 0.7729
vn 0.9517 0.2736 0.1390
vn 0.8554 0.2173 0.4702
vn 0.1981 0.0333 0.9796
vn 0.5842 0.1604 0.7956
vn 0.4067 0.0908 0.9090
vn 0.9146 0.2866 0.2851
vn 0.0803 -0.0098 0.9967
vn 0.1458 0.0383 0.9886
vn 0.1290 0.0108 0.9916
vn 0.2339 0.0607 0.9704
vn 0.0350 -0.0657 0.9972
vn 0.1542 -0.3006 0.9412
vn 0.1010 -0.0641 0.9928
vn -0.0353 -0.3162 0.9480
vn 0.1069 0.0210 0.9940
vn -0.0524 -0.9986 -0.0031
vn 0.1569 -0.3007 -0.9407
vn 0.4650 -0.8791 -0.1048
vn 0.6883 0.2640 0.6757
vn 0.8449 0.3483 -0.4061
vn 0.9173 0.3726 -0.1404
vn 0.2489 0.1068 0.9626
vn 0.8192 0.5634 0.1071
vn 0.1042 -0.0650 -0.9924
vn 0.9721 -0.2346 0.0002
vn 0.9143 0.4032 0.0383
vn 0.2035 0.0416 0.9782
vn 0.2053 0.0338 -0.9781
vn 0.8329 0.4018 0.3806
vn 0.2170 0.0688 0.9737
vn 0.5362 0.2591 0.8034
vn -0.5591 0.8291 0.0016
vn -0.1892 0.2934 0.9371
vn -0.5472 0.8370 -0.0003
vn -0.2044 0.3019 0.9312
vn -0.0740 0.1205 0.9900
vn 0.0185 0.0246 0.9995
vn -0.0479 0.0930 0.9945
vn -0.0177 0.0576 0.9982
vn 0.0328 0.0029 0.9995
vn 0.1232 -0.0633 0.9904
vn 0.0692 -0.0181 0.9974
vn 0.0852 -0.0457 0.9953
vn 0.4055 -0.2660 0.8745
vn 0.2141 -0.1418 0.9665
vn 0.3073 -0.2071 0.9288
vn 0.7552 -0.4627 0.4644
vn 0.8632 -0.4812 -0.1529
vn 0.8368 -0.4906 0.2429
vn 0.7898 -0.4521 0.4145
vn 0.2728 -0.1606 0.9486
vn 0.4588 -0.2646 0.8482
vn -0.5104 0.8599 0.0048
vn -0.1328 0.2662 0.9547
vn -0.4567 0.8896 -0.0002
vn -0.1678 0.2821 0.9446
vn -0.0298 0.0644 0.9975
vn 0.0337 -0.0247 0.9991
vn -0.0138 0.0517 0.9986
vn 0.0317 -0.0104 0.9994
vn 0.1269 -0.1173 0.9849
vn 0.6800 -0.4617 0.5695
vn 0.5169 -0.6247 0.5852
vn 0.0971 -0.1213 0.9879
vn 0.2594 -0.1343 0.9564
vn 0.0601 -0.0246 0.9979
vn 0.1491 -0.1095 0.9827
vn 0.7444 -0.3954 0.5382
vn -0.3590 0.9333 0.0071
vn -0.0683 0.2744 0.9592
vn -0.2907 0.9568 -0.0004
vn -0.0941 0.2634 0.9601
vn 0.0111 0.0471 0.9988
vn 0.0986 -0.0183 0.9950
vn 0.0288 0.0588 0.9979
vn 0.7779 -0.3187 0.5416
vn 0.1346 -0.0090 0.9909
vn 0.2797 -0.1105 0.9537
vn 0.0239 0.3344 0.9421
vn 0.0384 0.9993 -0.0009
vn 0.7239 0.6491 -0.2336
vn 0.0239 0.3332 -0.9425
vn 0.0422 0.0783 0.9960
vn -0.0610 0.9338 0.3525
vn -0.0139 0.8491 0.5281
vn -0.1862 0.9814 0.0474
vn -0.0348 0.9766 0.2124
vn -0.0322 0.9768 -0.2117
vn -0.0671 0.9976 0.0143
vn 0.1292 0.8366 0.5324
vn 0.0804 0.8526 0.5163
vn 0.0300 0.8527 0.5215
vn 0.0637 0.4169 0.9067
vn 0.0413 0.4359 0.8991
vn 0.2235 0.7894 0.5718
vn 0.1765 0.8108 0.5581
vn 0.1285 0.3919 0.9110
vn 0.0854 0.3896 0.9170
vn 0.3707 0.8675 0.3318
vn 0.2793 0.8010 0.5296
vn 0.2900 0.4981 0.8172
vn 0.4206 0.9071 -0.0168
vn 0.3575 0.8720 -0.3342
vn 0.5692 0.8222 -0.0000
vn -0.0148 0.0641 0.9978
vn -0.0837 0.1272 0.9883
vn -0.0862 0.1171 0.9894
vn -0.2622 0.2965 0.9183
vn -0.2673 0.2864 0.9201
vn -0.0157 0.0641 0.9978
vn 0.0080 0.0502 0.9987
vn 0.0052 0.0553 0.9985
vn 0.0048 0.0513 0.9987
vn 0.0085 0.0530 0.9986
vn 0.0109 0.0497 0.9987
vn 0.0404 0.0523 0.9978
vn 0.0115 0.0528 0.9985
vn 0.0117 0.0520 0.9986
vn 0.0400 0.0518 0.9979
vn 0.2400 0.0860 0.9669
vn 0.0414 0.0541 0.9977
vn 0.2426 0.1089 0.9640
vn 0.8061 0.1369 0.5757
vn 0.2480 0.0699 0.9662
vn 0.9880 0.1545 -0.0004
vn 0.7724 0.1834 0.6080
vn 0.9738 0.2275 -0.0000
vn 0.7768 0.1889 -0.6008
vn -0.6767 0.7362 -0.0001
vn -0.6944 0.7196 -0.0001
vn -0.2471 0.2671 0.9315
vn 0.0090 0.0566 0.9984
vn 0.0054 0.0581 0.9983
vn 0.0056 0.0585 0.9983
vn 0.0121 0.0554 0.9984
vn 0.0376 0.0515 0.9980
vn 0.0120 0.0541 0.9985
vn 0.2326 0.0520 0.9712
vn 0.0391 0.0529 0.9978
vn 0.2477 0.0605 0.9670
vn 0.8357 0.0603 0.5458
vn -0.0128 0.0744 0.9971
vn -0.0602 0.1229 0.9906
vn -0.0745 0.1303 0.9887
vn -0.1807 0.2561 0.9496
vn -0.2298 0.2873 0.9299
vn 0.0073 0.0465 0.9989
vn -0.0033 0.0662 0.9978
vn 0.0033 0.0507 0.9987
vn 0.0117 0.0454 0.9989
vn 0.0610 0.0482 0.9970
vn 0.0238 0.0505 0.9984
vn 0.3743 -0.0516 0.9259
vn 0.0356 0.0414 0.9985
vn 0.2274 0.0251 0.9735
vn 0.6727 -0.0524 0.7380
vn -0.0110 0.0660 0.9978
vn -0.0615 0.1379 0.9885
vn -0.0475 0.1061 0.9932
vn -0.1223 0.2193 0.9680
vn -0.1354 0.2157 0.9670
vn 0.0046 0.9987 0.0514
vn 0.0096 0.0545 -0.9985
vn -0.0033 0.0661 -0.9978
vn -0.3084 0.9506 0.0363
vn 0.8961 0.4365 -0.0805
vn 0.0237 0.0503 -0.9985
vn 0.5656 0.8247 -0.0001
vn 0.2698 0.9629 -0.0083
vn -0.3014 0.9532 0.0222
vn -0.0323 0.1000 0.9945
vn -0.3906 0.9205 0.0131
vn -0.0158 0.0797 0.9967
vn -0.0857 0.1120 0.9900
vn -0.0810 0.1241 0.9890
vn -0.0794 0.1928 0.9780
vn 0.0070 0.4351 0.9004
vn -0.0133 0.1318 0.9912
vn -0.0798 0.1568 0.9844
vn -0.2369 0.3820 0.8933
vn -0.0445 0.4775 0.8775
vn 0.0114 0.0695 0.9975
vn 0.0051 0.0540 0.9985
vn 0.0064 0.0717 0.9974
vn 0.0192 0.1142 0.9933
vn 0.0101 0.1149 0.9933
vn 0.0155 0.0914 0.9957
vn 0.0081 0.0935 0.9956
vn 0.0161 0.0673 0.9976
vn 0.0672 0.1460 0.9870
vn 0.0278 0.1172 0.9927
vn 0.0584 0.1061 0.9926
vn 0.0224 0.0903 0.9957
vn 0.0476 0.0711 0.9963
vn 0.2461 0.1550 0.9568
vn 0.2496 0.2265 0.9415
vn 0.7443 0.2625 0.6140
vn 0.2352 0.3061 0.9225
vn 0.7021 0.3632 -0.6125
vn 0.9460 0.3241 -0.0000
vn 0.8918 0.4525 -0.0000
vn 0.6832 0.7302 -0.0025
vn 0.5016 0.7416 -0.4453
vn 0.5575 0.6062 -0.5672
vn 0.4759 0.7241 0.4992
vn 0.7963 0.6048 -0.0000
vn -0.2354 0.2682 0.9342
vn -0.6890 0.7247 -0.0007
vn -0.6762 0.7367 -0.0001
vn -0.5476 0.8367 0.0040
vn -0.1686 0.6360 0.7530
vn -0.6385 0.7696 -0.0040
vn -0.2179 0.6219 -0.7521
vn -0.3608 0.9320 0.0332
vn -0.0303 -0.9130 0.4068
vn -0.0468 -0.9297 0.3654
vn -0.0211 -0.4751 0.8797
vn -0.0133 -0.2396 0.9708
vn 0.0886 -0.4472 0.8900
vn 0.0670 -0.2788 0.9580
vn 0.1311 -0.2840 0.9498
vn 0.0706 -0.4022 0.9128
vn 0.0406 -0.9047 0.4242
vn 0.0146 -0.9779 0.2084
vn 0.0266 -0.9349 0.3539
vn 0.0085 -0.9317 0.3630
vn -0.0410 0.3707 0.9278
vn 0.0137 0.3900 0.9207
vn 0.0328 -0.2938 0.9553
vn -0.0405 0.8435 0.5355
vn 0.0024 0.8574 0.5146
vn -0.0170 -0.9981 0.0598
vn 0.0039 -0.9407 0.3391
vn 0.0012 -0.9986 0.0521
vn -0.0208 -0.9801 -0.1973
vn 0.0012 -0.9986 0.0537
vn 0.0051 -0.9985 0.0549
vn -0.0018 -0.9795 -0.2015
vn 0.0257 0.4044 0.9142
vn 0.0325 0.4201 0.9069
vn 0.0067 0.8629 0.5053
vn 0.0068 0.8688 0.4951
vn -0.2272 0.2888 0.9300
vn -0.0610 -0.3621 0.9301
vn -0.2317 0.7521 0.6169
vn -0.6151 -0.5905 0.5224
vn -0.1061 -0.5368 0.8370
vn -0.2445 -0.7129 0.6572
vn -0.0961 -0.9904 0.0995
vn -0.3392 -0.9043 0.2592
vn 0.0365 -0.9979 0.0535
vn 0.0617 -0.9254 0.3739
vn 0.1343 -0.9897 0.0501
vn 0.0293 -0.9790 -0.2018
vn 0.5321 -0.8229 0.1990
vn 0.8903 -0.3128 0.3310
vn 0.0839 0.4312 0.8983
vn 0.2398 0.4429 0.8639
vn 0.6556 0.1703 0.7357
vn -0.0026 0.9237 0.3831
vn -0.0304 0.9376 0.3464
vn -0.0057 0.9479 0.3185
vn -0.0153 -0.9653 -0.2608
vn 0.0006 -0.9787 -0.2055
vn 0.0023 -0.9623 -0.2719
vn -0.0134 -0.9680 -0.2507
vn 0.0009 -0.9633 -0.2683
vn -0.0004 -0.9801 -0.1983
vn 0.0024 -0.9641 -0.2656
vn 0.0038 -0.9668 -0.2554
vn -0.0031 0.9274 0.3739
vn -0.0053 0.9502 0.3115
vn -0.0063 0.9516 0.3074
vn -0.1906 0.8415 0.5055
vn -0.1747 0.8608 0.4780
vn -0.0318 0.9136 0.4054
vn -0.1398 -0.9821 -0.1263
vn -0.1438 -0.9751 -0.1689
vn 0.0284 -0.9622 -0.2709
vn 0.1699 -0.9619 -0.2141
vn 0.1667 -0.9391 -0.3006
vn 0.0269 -0.9647 -0.2620
vn 0.1789 0.9346 0.3076
vn 0.0167 0.9549 0.2963
vn 0.1777 0.9571 0.2287
vn 0.9836 0.0150 -0.1796
vn 0.6630 0.7483 -0.0209
vn 0.9383 0.0050 -0.3458
vn 0.6132 -0.7174 -0.3306
vn -0.5202 -0.8338 0.1846
vn -0.6780 -0.0364 0.7342
vn -0.7670 -0.1670 0.6195
vn -0.5207 0.5303 0.6690
vn -0.0264 0.9643 0.2636
vn -0.1498 0.9038 0.4009
vn -0.0717 0.9570 0.2809
vn 0.0018 -0.9749 -0.2227
vn 0.0063 -0.9644 -0.2644
vn 0.0148 -0.9749 -0.2221
vn 0.0668 -0.9655 -0.2516
vn 0.0090 -0.9786 -0.2057
vn 0.0055 -0.9678 -0.2517
vn 0.0028 -0.9812 -0.1929
vn 0.0296 -0.9849 -0.1708
vn -0.0085 0.9747 0.2236
vn -0.0395 0.9740 0.2229
vn 0.0014 0.9837 0.1800
vn -0.1953 0.8496 0.4900
vn -0.2738 0.7518 0.5999
vn -0.0541 0.9419 0.3314
vn -0.0578 -0.9939 -0.0939
vn -0.1215 -0.9899 -0.0733
vn 0.0110 -0.9794 -0.2014
vn 0.1433 -0.9394 -0.3115
vn 0.1244 -0.9540 -0.2726
vn -0.0312 -0.9915 -0.1267
vn 0.2392 0.9659 0.0993
vn 0.0998 0.9871 0.1248
vn 0.4168 0.9070 -0.0603
vn 0.7152 0.6731 -0.1881
vn 0.8693 0.0277 -0.4936
vn 0.8925 -0.0200 -0.4506
vn 0.5577 -0.6990 -0.4475
vn -0.4859 -0.7400 0.4650
vn -0.5576 -0.0218 0.8298
vn -0.6019 -0.0322 0.7979
vn -0.4401 0.5259 0.7278
vn -0.3323 0.8014 0.4973
vn -0.3612 -0.7441 0.5620
vn -0.4275 -0.4655 0.7749
vn 0.0789 -0.9901 -0.1159
vn 0.1493 -0.9503 -0.2733
vn 0.0366 -0.9965 -0.0757
vn 0.0789 -0.9684 -0.2366
vn 0.0155 -0.9986 -0.0506
vn -0.3704 -0.2845 0.8842
vn 0.9662 -0.2572 0.0187
vn 0.1524 -0.2271 0.9619
vn 0.0048 -0.9905 -0.1373
vn -0.0180 0.9729 0.2306
vn -0.0557 -0.9965 -0.0623
vn -0.4652 0.4930 0.7352
vn -0.5311 0.2219 0.8177
vn 0.0510 0.9966 -0.0643
vn 0.0033 -0.9986 -0.0524
vn 0.9796 0.0651 -0.1903
vn -0.0111 -0.9997 -0.0220
vn -0.0644 -0.9965 -0.0527
vn -0.0134 -0.9762 -0.2166
vn 0.8069 -0.3881 -0.4453
vn 0.2617 0.9614 0.0856
vn 0.6584 0.7064 -0.2600
vn 0.8248 0.1990 -0.5292
vn 0.3971 -0.8324 -0.3866
vn 0.8599 0.0027 -0.5104
vn -0.4466 -0.6024 0.6616
vn -0.5242 0.1750 0.8334
vn -0.5442 -0.0052 0.8390
vn -0.5548 0.8320 -0.0031
vn -0.6141 0.7892 0.0042
vn -0.6407 0.7677 -0.0001
vn 0.9994 -0.0343 0.0009
vn 0.7774 -0.0038 0.6290
vn 0.6720 -0.0523 -0.7387
vn 0.9992 -0.0395 -0.0027
vn 0.9942 0.1077 -0.0000
vn 0.8265 0.0997 0.5541
vn 0.8355 0.0604 -0.5461
vn 0.9986 0.0538 -0.0000
vn 0.9185 -0.3954 -0.0000
vn 0.5893 0.1509 0.7937
vn 0.7818 0.4642 -0.4163
vn 0.9816 -0.1911 -0.0000
vn 0.8270 -0.1940 0.5276
vn 0.8964 -0.4123 -0.1626
vn 0.9206 -0.3904 -0.0000
vn 0.9625 0.2711 -0.0000
vn 0.9574 0.2888 -0.0000
vn 0.9945 0.1043 -0.0000
vn 0.8631 -0.5050 -0.0000
vn 0.8343 -0.5190 0.1857
vn 0.8201 -0.5422 -0.1828
vn 0.8155 -0.5787 -0.0000
vn 0.8558 -0.5174 -0.0000
vn 0.6978 -0.4837 0.5283
vn 0.8264 -0.5631 -0.0000
vn 0.7087 -0.4798 -0.5172
vn 0.8619 -0.5072 -0.0000
vn 0.7406 -0.4735 -0.4768
vn 0.8197 -0.5728 -0.0000
vn 0.5164 -0.6249 -0.5855
vn 0.6149 -0.7886 -0.0000
vn 0.4062 -0.6588 -0.6333
vn 0.5231 -0.8523 -0.0000
vn 0.7498 -0.6616 -0.0000
vn 0.6294 -0.5370 0.5617
vn 0.7439 -0.3951 -0.5390
vn 0.8815 -0.4722 -0.0000
vn 0.8698 0.2300 0.4365
vn 0.9650 0.2622 -0.0000
vn 0.8715 0.2396 -0.4279
vn 0.9172 0.3985 -0.0000
vn 0.8675 0.4889 -0.0915
vn 0.8455 0.3476 0.4054
vn 0.9665 0.2568 -0.0000
vn 0.9460 0.3242 -0.0000
vn 0.9167 0.3995 -0.0000
vn 0.8309 0.4002 -0.3866
vn 0.8462 0.5329 -0.0000
vn 0.7338 0.4043 0.5459
vn 0.8952 0.4456 -0.0000
vn 0.7331 0.3620 -0.5758
vn -0.1437 0.4353 0.8887
vn -0.2052 0.5469 0.8116
vn -0.2196 0.5326 0.8174
vn -0.0533 0.5005 0.8641
vn -0.0426 0.3475 0.9367
vn -0.1956 0.3858 0.9016
vn -0.4517 0.3787 0.8078
vn -0.5436 0.2752 0.7929
vn -0.5171 0.3962 0.7587
vn -0.7081 0.3317 0.6234
vn -0.7005 0.5910 0.4001
vn -0.4406 0.5091 0.7394
vn -0.5305 -0.1228 0.8388
vn -0.4744 -0.2611 0.8407
vn -0.4695 -0.3110 0.8264
vn -0.5472 0.0484 0.8356
vn -0.7277 -0.4950 0.4747
vn -0.5432 0.1672 0.8228
vn -0.4763 0.0760 0.8760
vn -0.3359 -0.3685 0.8668
vn -0.1800 -0.3347 0.9250
vn -0.3056 -0.4211 0.8540
vn -0.3477 0.5751 0.7405
vn -0.4415 0.5130 0.7361
vn -0.3338 0.5689 0.7516
vn -0.9284 -0.3708 0.0238
vn -0.9996 -0.0047 -0.0291
vn -0.9995 0.0060 -0.0311
vn -0.9337 0.3551 -0.0461
vn -0.9332 0.3546 -0.0593
vn -0.7825 -0.0782 0.6177
vn -0.4169 -0.8818 0.2205
vn -0.7348 -0.6576 0.1662
vn -0.7271 -0.6792 0.1002
vn -0.9336 -0.3527 0.0625
vn -0.5161 -0.5112 0.6872
vn -0.0457 -0.9349 0.3520
vn -0.4347 -0.8426 0.3178
vn 0.2585 -0.8663 0.4273
vn -0.0343 -0.9020 0.4304
vn 0.8348 0.1175 0.5378
vn 0.8231 -0.2098 0.5277
vn 0.8639 0.1055 0.4924
vn 0.8070 0.4139 0.4212
vn -0.0928 0.9945 0.0494
vn -0.4470 0.8944 0.0145
vn -0.0638 0.9939 0.0899
vn 0.2075 0.9650 0.1605
vn -0.3011 0.7651 0.5692
vn -0.4490 0.8935 -0.0126
vn -0.7528 0.6549 -0.0668
vn -0.7429 0.6661 -0.0665
vn -0.7136 0.5280 0.4604
vn -0.7438 -0.1319 0.6552
vn -0.7859 0.3340 0.5204
vn -0.9243 0.0787 0.3735
vn -0.4222 -0.3795 0.8232
vn -0.7286 -0.4222 0.5394
vn -0.0027 -0.3396 0.9406
vn -0.1764 -0.6301 0.7562
vn 0.2689 -0.8221 0.5018
vn 0.2618 0.0399 0.9643
vn 0.2856 -0.3716 0.8834
vn 0.7710 -0.2262 0.5954
vn 0.2117 0.4685 0.8577
vn 0.5272 0.1757 0.8314
vn 0.7751 0.4526 0.4409
vn -0.1279 0.7158 0.6865
vn 0.2683 0.6888 0.6734
vn 0.2339 0.9519 0.1980
vn -0.5292 0.6142 0.5854
vn -0.1878 0.8649 0.4655
vn -0.7244 0.5971 0.3444
vn -0.3898 -0.0042 0.9209
vn -0.3005 -0.4355 0.8486
vn -0.3575 0.0052 0.9339
vn -0.3025 -0.0438 0.9521
vn -0.3467 0.2014 0.9161
vn 0.4104 0.4169 0.8110
vn 0.4625 0.1841 0.8673
vn -0.3684 0.2027 0.9073
vn -0.6455 0.1574 0.7474
vn -0.3449 0.2748 0.8975
vn -0.1803 0.6080 0.7732
vn -0.3197 0.6380 0.7005
vn 0.0178 -0.5655 0.8245
vn -0.2476 -0.5652 0.7869
vn -0.3548 0.3396 0.8711
vn -0.3089 0.2608 0.9147
vn -0.7461 -0.2902 0.5993
vn -0.2175 0.2012 0.9551
vn -0.1154 0.1975 0.9735
vn -0.2318 0.1460 0.9617
vn -0.4199 0.1856 0.8884
vn -0.3486 -0.3433 0.8721
vn -0.3429 0.6376 0.6899
vn -0.3440 0.6226 0.7029
vn -0.1980 -0.6399 0.7425
vn -0.2373 -0.6060 0.7592
vn 0.0169 -0.6255 -0.7801
vn -0.0622 0.1495 -0.9868
vn -0.0389 -0.9047 -0.4243
vn -0.0197 -0.9196 -0.3924
vn -0.0270 -0.9923 -0.1206
vn -0.0811 -0.9699 -0.2295
vn -0.0386 -0.9693 -0.2428
vn -0.1563 -0.7237 0.6722
vn -0.1871 -0.5781 0.7942
vn -0.1523 -0.8469 0.5095
vn -0.0333 0.9546 -0.2959
vn -0.0487 0.9635 -0.2632
vn -0.1106 -0.8322 0.5433
vn -0.1965 -0.7663 0.6117
vn -0.4791 -0.7403 0.4716
vn -0.0491 -0.9751 -0.2163
vn -0.0900 -0.9824 -0.1634
vn -0.0460 -0.9753 -0.2160
vn -0.0068 -0.9999 0.0080
vn -0.2731 -0.8401 0.4686
vn -0.1864 -0.8751 0.4466
vn -0.1858 -0.8698 0.4572
vn -0.0434 0.9990 0.0075
vn -0.2837 0.9589 -0.0056
vn -0.0283 0.9990 -0.0346
vn -0.2297 -0.9733 -0.0000
vn -0.2625 -0.9620 0.0757
vn -0.0515 -0.9987 -0.0000
vn -0.0547 -0.9972 -0.0508
vn -0.0546 -0.9972 0.0508
vn -0.2957 -0.9481 0.1172
vn -0.2837 -0.9589 -0.0000
vn -0.0281 0.9996 -0.0000
vn -0.0517 0.9916 -0.1187
vn -0.0098 1.0000 -0.0000
vn -0.2957 -0.9481 -0.1172
vn -0.0782 0.9908 0.1103
vn -0.0238 0.9997 -0.0038
vn -0.1134 -0.9855 -0.1261
vn -0.0979 -0.9900 -0.1012
vn -0.1145 -0.9856 -0.1247
vn -0.0881 -0.9819 -0.1676
vn -0.3158 -0.9418 0.1153
vn -0.3516 -0.8705 0.3445
vn -0.0676 -0.9950 -0.0732
vn -0.0544 -0.9972 -0.0511
vn -0.0673 -0.9949 -0.0750
vn -0.0987 -0.9902 -0.0988
vn -0.2965 -0.8560 0.4235
vn -0.2740 -0.9165 0.2915
vn -0.2777 -0.9498 0.1440
vn -0.0124 0.9996 -0.0241
vn -0.3058 0.9363 -0.1726
vn -0.0096 0.9994 -0.0328
vn -0.9682 -0.2500 -0.0028
vn -0.5182 0.8528 0.0647
vn -0.6676 0.7445 -0.0000
vn -0.2201 0.9725 0.0764
vn -0.2840 0.9588 -0.0000
vn -0.2826 0.9424 -0.1791
vn -0.8938 0.1923 -0.4052
vn -0.5183 0.8527 -0.0650
vn -0.1763 0.6769 -0.7146
vn -0.4824 0.7430 -0.4639
vn -0.1539 0.8813 -0.4469
vn -0.1001 0.6038 -0.7909
vn -0.7598 -0.3195 -0.5662
vn -0.2687 0.0080 -0.9632
vn -0.0378 -0.4809 -0.8759
vn -0.3664 -0.9268 -0.0828
vn -0.2270 -0.9183 -0.3244
vn -0.3750 -0.9270 -0.0000
vn -0.3678 -0.9191 0.1412
vn 0.3065 0.0028 -0.9519
vn 0.9975 -0.0713 -0.0002
vn 0.0647 0.0553 -0.9964
vn 0.0717 0.9914 -0.1094
vn 0.1566 0.9877 -0.0000
vn 0.1950 0.9773 -0.0831
vn 0.2105 0.9776 -0.0000
vn 0.0729 0.9912 0.1102
vn 0.0808 0.9226 -0.3772
vn 0.1347 0.9763 -0.1694
vn 0.2124 0.9736 -0.0836
vn 0.1994 0.9738 -0.1092
vn 0.1613 0.9489 -0.2712
vn 0.1997 0.9549 -0.2198
vn -0.0551 0.9456 -0.3207
vn 0.0764 0.9607 -0.2668
vn 0.1410 0.9150 -0.3779
vn 0.1505 0.9477 -0.2816
vn 0.0932 0.9244 -0.3698
vn -0.0500 0.9188 -0.3915
vn 0.0102 0.8801 -0.4746
vn -0.0027 0.9341 -0.3570
vn -0.0085 0.9847 -0.1738
vn 0.0706 0.9255 -0.3720
vn -0.0432 0.9875 -0.1517
vn -0.0919 0.9421 -0.3225
vn -0.0731 0.9327 -0.3532
vn -0.1121 0.8786 -0.4642
vn -0.1227 0.9018 -0.4143
vn -0.1391 0.9644 -0.2248
vn -0.1585 0.9790 -0.1279
vn -0.1467 0.9419 -0.3023
vn -0.1182 0.9810 -0.1537
vn -0.1638 0.9778 -0.1308
vn -0.0500 0.9888 -0.1409
vn -0.1798 0.9837 -0.0000
vn -0.1585 0.9790 0.1279
vn -0.1565 0.9877 -0.0000
vn -0.0455 -0.5402 -0.8403
vn -0.0308 -0.5148 -0.8567
vn 0.0051 -0.8907 -0.4545
vn -0.0313 -0.4111 -0.9111
vn 0.1602 0.9858 -0.0501
vn 0.0370 0.9993 -0.0000
vn 0.1505 0.9886 -0.0000
vn 0.1004 0.9736 -0.2051
vn 0.1773 0.9728 -0.1494
vn 0.1891 0.9293 -0.3174
vn 0.0424 0.9374 -0.3456
vn 0.1328 0.9272 -0.3502
vn 0.0957 0.8925 -0.4408
vn 0.0167 0.9077 -0.4194
vn 0.0138 0.9936 -0.1117
vn -0.0720 0.8658 -0.4952
vn -0.0576 0.9329 -0.3556
vn -0.1260 0.9451 -0.3014
vn -0.1350 0.8977 -0.4194
vn -0.1026 0.9920 -0.0731
vn -0.1228 0.9682 -0.2178
vn -0.0821 0.9966 0.0010
vn 0.0275 0.9889 0.1459
vn 0.2246 -0.8300 -0.5106
vn 0.0497 -0.7061 -0.7064
vn 0.0728 -0.7400 -0.6686
vn 0.0261 -0.6812 -0.7316
vn 0.2009 -0.9329 -0.2989
vn 0.2494 -0.8287 -0.5011
vn 0.2719 -0.8335 -0.4810
vn 0.2719 -0.9619 -0.0269
vn 0.4966 -0.5949 -0.6320
vn 0.2264 -0.8133 -0.5360
vn 0.2542 -0.8572 -0.4479
vn 0.2225 -0.8176 -0.5310
vn 0.2040 -0.8588 -0.4700
vn 0.2167 -0.8167 -0.5349
vn 0.0185 -0.9794 -0.2012
vn 0.6060 -0.7394 -0.2933
vn 0.3096 -0.9205 -0.2385
vn 0.2500 -0.9143 -0.3186
vn 0.0367 -0.9824 -0.1830
vn 0.5360 -0.8355 -0.1214
vn 0.2930 -0.9376 -0.1873
vn 0.2688 -0.9632 0.0047
vn 0.2955 -0.9307 -0.2155
vn 0.2391 -0.9710 0.0001
vn 0.2929 -0.9320 0.2135
vn 0.6018 -0.6963 0.3911
vn -0.1392 -0.8673 -0.4780
vn -0.0410 -0.7914 -0.6099
vn -0.0610 -0.3648 -0.9291
vn 0.0182 -0.5396 -0.8417
vn -0.1024 -0.9820 -0.1587
vn 0.0427 -0.6293 -0.7760
vn 0.1760 -0.9671 -0.1838
vn 0.1690 -0.5162 -0.8396
vn 0.0336 -0.6686 -0.7429
vn 0.1274 -0.6919 -0.7107
vn 0.1077 -0.8935 -0.4360
vn 0.0265 -0.7969 -0.6036
vn 0.0045 -0.7672 -0.6414
vn 0.1606 -0.7837 -0.6000
vn 0.1752 -0.8800 -0.4416
vn 0.2064 -0.8632 -0.4607
vn 0.1952 -0.9493 -0.2465
vn 0.1723 -0.8602 -0.4799
vn 0.2437 -0.8789 -0.4100
vn 0.1674 -0.9844 -0.0542
vn 0.1815 -0.9776 -0.1065
vn -0.0423 -0.9991 0.0027
vn 0.1204 -0.9927 -0.0000
vn 0.1545 -0.9833 0.0958
vn -0.1153 -0.9933 -0.0000
vn -0.1602 -0.9814 -0.1060
vn -0.1602 -0.9814 0.1060
vn -0.1745 -0.9847 0.0003
vn 0.0566 -0.8450 -0.5318
vn 0.1506 -0.7369 -0.6591
vn -0.0571 -0.2380 0.9696
vn -0.0714 -0.4256 0.9021
vn -0.0187 -0.4255 0.9048
vn -0.0584 -0.2437 0.9681
vn -0.0408 -0.5542 0.8314
vn -0.0411 -0.4368 0.8986
vn -0.0571 -0.2375 0.9697
vn -0.0711 -0.4252 0.9023
vn -0.0192 -0.4251 0.9049
vn -0.0585 -0.2432 0.9682
vn -0.0415 -0.5552 0.8307
vn -0.0414 -0.4365 0.8988
vn -0.0701 -0.0005 0.9975
vn -0.0623 0.2292 0.9714
vn -0.0667 -0.0005 0.9978
vn -0.0741 -0.0008 0.9972
vn -0.0787 0.2438 0.9666
vn -0.0701 -0.0008 0.9975
vn -0.0630 0.2290 0.9714
vn -0.0667 -0.0008 0.9978
vn -0.0740 -0.0011 0.9973
vn -0.0787 0.2428 0.9669
vn -0.0846 0.4352 0.8964
vn -0.0894 0.5713 0.8159
vn -0.0794 0.4230 0.9027
vn -0.0772 0.4201 0.9042
vn -0.0873 0.5691 0.8176
vn -0.0846 0.4346 0.8966
vn -0.1057 0.5799 0.8078
vn -0.0835 0.4232 0.9022
vn -0.1782 -0.2293 0.9569
vn -0.1954 -0.4160 0.8881
vn -0.1252 -0.4185 0.8995
vn -0.1781 -0.2369 0.9551
vn -0.1471 -0.5450 0.8254
vn -0.1303 -0.4333 0.8918
vn -0.1785 -0.2174 0.9596
vn -0.1961 -0.4058 0.8927
vn -0.1260 -0.4093 0.9036
vn -0.1784 -0.2258 0.9577
vn -0.1500 -0.5449 0.8249
vn -0.1435 -0.4228 0.8948
vn -0.1943 -0.0023 0.9809
vn -0.1687 0.2172 0.9614
vn -0.1852 -0.0030 0.9827
vn -0.2054 -0.0029 0.9787
vn -0.1877 0.2339 0.9540
vn -0.1950 -0.0026 0.9808
vn -0.1688 0.2046 0.9642
vn -0.1857 -0.0032 0.9826
vn -0.2063 -0.0035 0.9785
vn -0.1900 0.2218 0.9564
vn -0.1770 0.4257 0.8874
vn -0.2047 0.2242 0.9528
vn -0.1774 0.4192 0.8904
vn -0.1738 0.5599 0.8101
vn -0.1751 0.4105 0.8949
vn -0.1757 0.5592 0.8102
vn -0.1755 0.4010 0.8991
vn -0.1802 0.4168 0.8910
vn -0.0334 -0.6954 0.7179
vn -0.0617 -0.7311 0.6795
vn -0.1755 -0.2411 0.9545
vn -0.1027 -0.4684 0.8775
vn -0.0700 -0.2364 0.9691
vn -0.1345 -0.4296 0.8929
vn -0.0864 -0.5517 0.8295
vn -0.2100 -0.0033 0.9777
vn -0.0720 0.2012 0.9769
vn -0.0660 -0.0012 0.9978
vn -0.0605 -0.2328 0.9706
vn -0.1292 0.5842 0.8012
vn -0.1338 0.4199 0.8976
vn -0.0601 -0.7307 0.6800
vn -0.0316 -0.8386 0.5438
vn -0.0395 -0.6968 0.7162
vn -0.0434 -0.5806 0.8130
vn -0.0524 -0.7462 0.6637
vn -0.0242 -0.8413 0.5400
vn -0.0255 -0.7004 0.7133
vn -0.0439 -0.5814 0.8124
vn -0.0698 -0.2372 0.9689
vn -0.1352 -0.4290 0.8931
vn -0.0591 -0.2454 0.9676
vn -0.0452 -0.4367 0.8985
vn -0.0700 -0.2369 0.9690
vn -0.1352 -0.4296 0.8928
vn -0.0867 -0.5515 0.8297
vn -0.0592 -0.2450 0.9677
vn -0.0455 -0.4363 0.8986
vn -0.0718 0.2014 0.9769
vn -0.0659 -0.0005 0.9978
vn -0.0758 -0.0011 0.9971
vn -0.0933 0.2299 0.9687
vn -0.0718 0.2002 0.9771
vn -0.0660 -0.0008 0.9978
vn -0.0604 -0.2333 0.9705
vn -0.0757 -0.0015 0.9971
vn -0.0933 0.2290 0.9689
vn -0.0816 0.4215 0.9031
vn -0.0888 0.5663 0.8194
vn -0.0875 0.4257 0.9006
vn -0.0875 0.5670 0.8191
vn -0.0816 0.4206 0.9036
vn -0.1387 -0.6940 0.7064
vn -0.1091 -0.5728 0.8124
vn -0.1582 -0.7205 0.6752
vn -0.1354 -0.8314 0.5390
vn -0.1468 -0.6885 0.7102
vn -0.1467 -0.5704 0.8081
vn -0.1337 -0.8304 0.5409
vn -0.1924 -0.2265 0.9548
vn -0.2673 -0.4140 0.8701
vn -0.2021 -0.5430 0.8151
vn -0.1786 -0.2298 0.9567
vn -0.1455 -0.4234 0.8942
vn -0.1933 -0.2143 0.9575
vn -0.2685 -0.4043 0.8744
vn -0.1791 -0.2176 0.9595
vn -0.1462 -0.4143 0.8983
vn -0.1796 0.1865 0.9659
vn -0.1821 -0.0045 0.9833
vn -0.2111 -0.0042 0.9775
vn -0.2093 0.2099 0.9550
vn -0.1797 0.1721 0.9686
vn -0.1826 -0.0046 0.9832
vn -0.2105 -0.0043 0.9776
vn -0.2170 0.1974 0.9560
vn -0.1775 0.4084 0.8954
vn -0.1760 0.5578 0.8111
vn -0.1848 0.4090 0.8936
vn -0.1742 0.5554 0.8131
vn -0.1776 0.3980 0.9000
vn -0.0911 0.6843 0.7235
vn -0.0824 0.6600 0.7468
vn -0.0934 0.6844 0.7231
vn -0.0897 0.6564 0.7491
vn -0.0956 0.6843 0.7230
vn -0.0945 0.6563 0.7486
vn -0.1019 0.6595 0.7448
vn -0.0880 0.5730 0.8148
vn -0.1730 0.6745 0.7177
vn -0.1644 0.6536 0.7388
vn -0.1756 0.6748 0.7168
vn -0.1715 0.6500 0.7403
vn -0.1779 0.6742 0.7168
vn -0.1789 0.6491 0.7394
vn -0.1845 0.6512 0.7362
vn -0.1739 0.5604 0.8098
vn -0.0247 -0.8950 0.4453
vn -0.0315 -0.8439 0.5356
vn -0.0278 -0.9184 0.3947
vn -0.0294 -0.8975 0.4401
vn -0.0330 -0.9281 0.3709
vn -0.1133 -0.8924 0.4367
vn -0.1340 -0.8363 0.5316
vn -0.1300 -0.9099 0.3940
vn -0.1265 -0.8864 0.4453
vn -0.1309 -0.9191 0.3716
vn -0.3081 -0.9378 0.1599
vn -0.0212 0.9998 0.0035
vn 0.0204 0.9200 0.3914
vn -0.4430 0.7692 0.4605
vn -0.2919 -0.9384 0.1848
vn -0.0206 0.9998 0.0032
vn 0.0521 0.9410 0.3343
vn -0.3696 0.8143 0.4475
vn 0.1979 0.9746 -0.1045
vn 0.1195 0.9906 -0.0664
vn 0.2620 0.9649 0.0183
vn 0.0035 0.9998 -0.0177
vn 0.1206 0.9901 -0.0723
vn 0.2875 0.9574 0.0290
vn 0.0060 0.9999 -0.0112
vn -0.3144 -0.8114 0.4928
vn -0.0400 0.9991 -0.0168
vn 0.1031 0.9696 0.2219
vn -0.1855 0.8749 0.4474
vn -0.0416 0.9990 -0.0146
vn 0.0991 0.9765 0.1914
vn -0.1589 0.9146 0.3719
vn -0.0432 0.9990 -0.0123
vn 0.1167 0.9688 0.2185
vn -0.1726 0.8815 0.4396
vn 0.1551 0.9476 -0.2793
vn 0.0706 0.9835 -0.1667
vn 0.1765 0.9653 -0.1922
vn -0.0339 0.9983 -0.0474
vn 0.1486 0.9487 -0.2791
vn 0.0499 0.9801 -0.1924
vn 0.1899 0.9623 -0.1947
vn -0.0263 0.9984 -0.0498
vn 0.0482 0.9734 -0.2238
vn 0.2135 0.9574 -0.1946
vn -0.0197 0.9986 -0.0489
vn -0.1165 -0.8407 0.5289
vn -0.1240 -0.8635 0.4889
vn -0.0293 0.9996 -0.0019
vn 0.1953 0.9630 0.1858
vn 0.0065 0.8637 0.5039
vn -0.1166 -0.8407 0.5289
vn -0.0295 0.9996 -0.0010
vn 0.1861 0.9744 0.1258
vn 0.0082 0.9203 0.3912
vn -0.0297 0.9996 -0.0002
vn 0.1941 0.9751 0.1071
vn 0.0163 0.9244 0.3811
vn 0.0709 0.9262 -0.3702
vn 0.0313 0.9777 -0.2077
vn 0.1221 0.9555 -0.2686
vn -0.0347 0.9988 -0.0339
vn 0.0702 0.9265 -0.3696
vn 0.0171 0.9770 -0.2125
vn 0.1286 0.9549 -0.2675
vn -0.0293 0.9988 -0.0387
vn -0.0153 0.9684 -0.2489
vn 0.1305 0.9618 -0.2405
vn -0.0228 0.9989 -0.0398
vn -0.7204 0.0587 0.6910
vn 0.1391 0.5785 0.8038
vn -0.6734 0.1488 0.7242
vn 0.1280 0.5150 0.8475
vn -0.9069 -0.0639 0.4164
vn -0.8778 0.1786 0.4446
vn 0.7234 0.6891 0.0425
vn 0.8289 0.3970 -0.3941
vn 0.6930 0.7209 0.0062
vn -0.7738 0.3161 0.5490
vn -0.5897 0.1818 0.7869
vn -0.7403 0.4246 0.5212
vn -0.3037 0.8841 0.3552
vn -0.5458 0.4070 0.7324
vn -0.5222 0.7334 -0.4351
vn -0.6604 0.6276 -0.4123
vn -0.3493 0.4023 0.8462
vn 0.3602 0.8522 0.3795
vn -0.3389 0.4508 0.8258
vn 0.3380 0.8202 0.4615
vn 0.3916 0.6604 -0.6408
vn 0.6682 0.5292 -0.5229
vn 0.5661 0.6946 -0.4439
vn 0.1550 0.9428 -0.2951
vn 0.2523 0.5935 -0.7642
vn 0.2910 0.4272 -0.8561
vn 0.5602 0.2291 -0.7960
vn -0.2491 0.3520 0.9022
vn -0.4834 0.3929 0.7823
vn -0.5311 0.3475 0.7728
vn -0.1402 0.8895 0.4349
vn -0.5245 0.8462 -0.0939
vn -0.6285 0.7767 -0.0419
vn 0.0107 0.2918 0.9564
vn 0.4970 0.8302 0.2527
vn -0.0048 0.3428 0.9394
vn 0.5520 0.7393 0.3857
vn 0.1342 0.7762 -0.6160
vn 0.3958 0.6605 -0.6381
vn 0.3327 0.7731 -0.5399
vn 0.0572 0.9498 -0.3076
vn -0.0886 0.7638 -0.6393
vn -0.0249 0.6512 -0.7585
vn -0.9978 0.0655 -0.0123
vn -0.8991 -0.0975 0.4268
vn -0.9896 0.1428 -0.0194
vn -0.5390 0.8026 0.2556
vn -0.8867 0.1412 0.4402
vn -0.3438 0.5272 -0.7771
vn -0.3813 0.4828 -0.7884
vn -0.6980 0.1656 0.6967
vn 0.1884 0.6791 0.7094
vn -0.6705 0.1966 0.7154
vn 0.1809 0.6582 0.7308
vn 0.6631 0.7483 -0.0185
vn 0.8232 0.4316 -0.3688
vn 0.7812 0.6243 -0.0083
vn 0.2615 0.9550 -0.1399
vn 0.5832 0.7484 -0.3158
vn 0.5045 0.6536 -0.5642
vn 0.5511 0.5462 -0.6308
vn -0.1918 0.9183 -0.3462
vn 0.6355 0.7672 -0.0867
vn 0.7748 0.5036 -0.3821
vn 0.7523 0.6542 -0.0778
vn 0.2744 0.9612 -0.0285
vn 0.5376 0.7965 -0.2767
vn 0.2512 0.7110 0.6568
vn 0.2384 0.6631 0.7095
vn 0.4070 0.7473 -0.5252
vn -0.4731 0.5801 -0.6630
vn 0.4822 0.6375 -0.6009
vn -0.2643 0.9237 -0.2772
vn -0.5548 0.4703 -0.6863
vn -0.9938 -0.0640 0.0907
vn -0.8804 -0.2050 0.4276
vn -0.9966 0.0337 0.0758
vn -0.5584 0.7856 0.2666
vn -0.8914 0.0705 0.4477
vn -0.6932 0.1126 0.7119
vn -0.6690 0.1164 0.7341
vn -0.2432 0.8189 0.5198
vn -0.4909 0.5864 0.6443
vn -0.6324 0.6081 0.4799
vn -0.6782 0.5432 0.4949
vn -0.2478 0.9283 0.2773
vn -0.4140 0.8397 -0.3515
vn -0.5376 0.7761 -0.3297
vn -0.3134 0.5640 0.7640
vn 0.3811 0.8786 0.2878
vn -0.3142 0.6070 0.7300
vn 0.3410 0.8608 0.3779
vn 0.4137 0.6495 -0.6380
vn 0.7046 0.4065 -0.5816
vn 0.5845 0.6540 -0.4802
vn 0.1512 0.9533 -0.2615
vn 0.1852 0.6234 -0.7597
vn 0.3208 0.3786 -0.8682
vn 0.0177 0.9609 -0.2762
vn -0.5358 0.4433 0.7186
vn -0.6885 0.4575 0.5627
vn -0.7303 0.3969 0.5560
vn -0.2792 0.9037 0.3245
vn -0.4455 0.8616 -0.2434
vn -0.5791 0.7857 -0.2178
vn -0.3325 0.3926 0.8575
vn 0.3926 0.8565 0.3350
vn -0.3415 0.4405 0.8303
vn 0.3943 0.7753 0.4934
vn 0.3580 0.7391 -0.5705
vn 0.6371 0.5540 -0.5359
vn 0.5247 0.7218 -0.4512
vn 0.1498 0.9563 -0.2511
vn 0.1336 0.7418 -0.6572
vn 0.2726 0.5738 -0.7723
vn 0.0015 0.9723 -0.2339
vn 0.4299 0.6036 -0.6715
vn 0.7240 0.3614 -0.5876
vn 0.6247 0.5798 -0.5231
vn 0.1652 0.9361 -0.3105
vn 0.4843 0.8254 0.2902
vn 0.5057 0.7597 0.4088
vn 0.1848 0.5881 -0.7874
vn -0.5304 0.7791 -0.3342
vn 0.2820 0.3587 -0.8898
vn 0.0468 0.9455 -0.3223
vn -0.6638 0.6827 -0.3054
vn -0.5196 0.4982 0.6941
vn -0.6822 0.5146 0.5195
vn -0.7134 0.4305 0.5530
vn -0.2846 0.9006 0.3285
vn -0.3075 0.5056 0.8061
vn -0.2903 0.5563 0.7786
vn -0.1059 0.8900 0.4435
vn -0.2198 0.5907 0.7764
vn -0.4207 0.6152 0.6667
vn -0.4563 0.5521 0.6979
vn -0.1201 0.9305 0.3461
vn -0.5255 0.8340 -0.1684
vn -0.6189 0.7777 -0.1100
vn 0.0087 0.5805 0.8142
vn 0.4926 0.8619 0.1202
vn -0.0067 0.6210 0.7838
vn 0.4837 0.8524 0.1985
vn 0.1655 0.6482 -0.7432
vn 0.4601 0.4203 -0.7821
vn 0.3915 0.6490 -0.6523
vn 0.0714 0.9434 -0.3240
vn -0.1117 0.6341 -0.7651
vn -0.0247 0.4053 -0.9139
vn -0.0750 0.9625 -0.2608
vn -0.2184 0.5907 0.7768
vn -0.4181 0.6047 0.6779
vn -0.4501 0.5384 0.7125
vn -0.1208 0.9302 0.3467
vn -0.5365 0.8328 -0.1365
vn -0.6289 0.7740 -0.0726
vn 0.0195 0.5950 0.8035
vn 0.4994 0.8618 0.0888
vn 0.0014 0.6312 0.7756
vn 0.4944 0.8544 0.1603
vn 0.1611 0.6489 -0.7436
vn 0.4535 0.4140 -0.7892
vn 0.3863 0.6412 -0.6631
vn 0.0650 0.9353 -0.3479
vn -0.1250 0.6461 -0.7529
vn -0.0355 0.4137 -0.9097
vn -0.0413 0.9581 -0.2836
vn 0.1567 0.6503 -0.7434
vn 0.4484 0.4170 -0.7906
vn 0.3839 0.6357 -0.6697
vn 0.0791 0.9323 -0.3530
vn 0.5098 0.8584 0.0572
vn 0.5650 0.8129 0.1417
vn -0.1446 0.6594 -0.7377
vn -0.5535 0.8263 -0.1048
vn -0.0524 0.4314 -0.9006
vn -0.0458 0.9580 -0.2832
vn -0.6688 0.7431 -0.0224
vn -0.2169 0.5914 0.7767
vn -0.4186 0.5971 0.6842
vn -0.4468 0.5294 0.7212
vn -0.1218 0.9305 0.3455
vn 0.0369 0.6151 0.7876
vn 0.0147 0.6462 0.7630
vn 0.0344 0.9583 0.2836
vn -0.0216 0.9991 -0.0373
vn -0.0198 0.9992 -0.0356
vn -0.0181 0.9992 -0.0357
vn -0.0247 0.9991 -0.0353
vn -0.0106 0.9999 -0.0081
vn -0.0200 0.9990 -0.0389
vn -0.0340 0.9974 -0.0628
vn -0.0070 0.9990 -0.0438
vn -0.0047 0.9999 0.0125
vn -0.0509 0.9969 -0.0603
vn -0.8401 0.5317 -0.1075
vn 0.0037 0.9942 0.1072
vn 0.4901 0.5304 -0.6917
vn 0.0629 -0.9753 -0.2117
vn 0.1502 -0.9313 -0.3318
vn 0.0242 -0.8516 -0.5236
vn -0.1372 -0.9895 0.0460
vn -0.0537 -0.9213 -0.3852
vn 0.0071 -0.9766 -0.2149
vn -0.0862 -0.9827 -0.1640
vn -0.0389 -0.9755 -0.2164
vn -0.0904 -0.9840 -0.1537
vn -0.0490 -0.9807 -0.1895
vn 0.0117 -0.9706 -0.2404
vn -0.0776 -0.9890 -0.1256
vn -0.4468 -0.7935 0.4132
vn -0.3374 -0.8096 0.4804
vn 0.1477 -0.9574 -0.2482
vn -0.0989 -0.9897 -0.1038
vn -0.1118 -0.9856 -0.1264
vn -0.1044 -0.9882 -0.1117
vn -0.1177 -0.9862 -0.1168
vn -0.1024 -0.9865 -0.1282
vn -0.4126 -0.7921 0.4498
vn -0.1292 -0.9863 -0.1029
vn -0.4575 -0.7791 0.4287
vn -0.1071 -0.9858 -0.1295
vn -0.1391 -0.9822 0.1262
vn -0.0545 -0.9972 -0.0516
vn -0.0677 -0.9947 -0.0776
vn 0.0062 -0.9960 -0.0889
vn -0.0237 -0.9934 -0.1123
vn 0.0427 -0.9855 -0.1639
vn -0.7156 -0.6133 0.3342
vn -0.5193 -0.7238 0.4544
vn -0.6083 -0.7933 -0.0258
vn -0.0858 -0.9944 -0.0612
vn -0.0513 -0.9987 -0.0000
vn -0.0544 -0.9972 0.0511
vn -0.0545 -0.9972 0.0517
vn 0.9903 -0.1392 -0.0000
vn 0.7556 0.6537 0.0411
vn -0.8750 -0.0746 0.4783
vn 0.8539 -0.3006 -0.4249
vn -0.1474 -0.8888 0.4340
vn 0.0716 -0.9974 0.0002
vn -0.0951 -0.9838 -0.1520
vn -0.0800 -0.9720 -0.2208
vn -0.1590 -0.7564 0.6345
vn -0.0587 -0.0523 0.9969
vn -0.1806 -0.9073 0.3797
vn -0.0735 -0.5488 0.8327
vn -0.0730 -0.9928 0.0947
vn 0.3033 -0.9200 -0.2482
vn 0.2479 -0.9625 -0.1099
vn 0.6222 -0.6894 -0.3709
vn 0.3136 -0.9152 -0.2532
vn 0.2096 -0.9194 -0.3329
vn 0.1247 -0.9695 0.2112
vn 0.6403 -0.7542 -0.1459
vn 0.1226 -0.6848 -0.7183
vn -0.0932 -0.8614 -0.4994
vn -0.7476 -0.5559 0.3634
vn -0.1522 -0.9840 0.0923
vn -0.6138 -0.7892 -0.0198
vn -0.0539 -0.9963 -0.0672
vn -0.1242 -0.9170 -0.3790
vn -0.2332 -0.7293 0.6433
vn 0.0587 -0.9357 0.3479
vn -0.4775 -0.7966 0.3708
vn -0.2252 -0.9699 -0.0925
vn -0.8757 -0.3492 0.3334
vn -0.0743 -0.9956 -0.0570
vn 0.2195 -0.8155 -0.5356
vn 0.1295 -0.8793 -0.4583
vn 0.1715 -0.9848 0.0266
vn 0.4796 -0.6569 -0.5818
vn 0.2212 -0.8140 -0.5371
vn 0.1428 -0.8810 -0.4510
vn 0.1965 -0.9803 -0.0218
vn 0.4881 -0.6220 -0.6123
vn 0.2324 -0.8093 -0.5395
vn 0.1535 -0.8770 -0.4552
vn 0.1813 -0.9815 -0.0614
vn 0.4431 -0.6599 -0.6067
vn -0.3627 -0.7976 0.4820
vn -0.1046 -0.9859 -0.1306
vn -0.0580 -0.9736 -0.2210
vn -0.4461 -0.7963 0.4085
vn -0.0853 -0.9836 -0.1591
vn -0.3498 -0.8157 0.4606
vn -0.0851 -0.9838 -0.1579
vn -0.0262 -0.9680 -0.2497
vn -0.5307 -0.7972 0.2878
vn -0.0815 -0.9831 -0.1642
vn -0.0668 -0.9809 -0.1829
vn -0.4326 -0.8178 0.3794
vn -0.3365 -0.8309 0.4432
vn 0.0037 -0.9617 -0.2741
vn -0.5535 -0.8152 0.1709
vn -0.0617 -0.9806 -0.1862
vn 0.0262 -0.6778 -0.7348
vn -0.0168 -0.7649 -0.6439
vn 0.1378 -0.8985 -0.4169
vn 0.2321 -0.3477 -0.9084
vn 0.0264 -0.6771 -0.7354
vn -0.0101 -0.7827 -0.6223
vn 0.1173 -0.9221 -0.3688
vn 0.1997 -0.4159 -0.8872
vn -0.0081 -0.7946 -0.6071
vn 0.0923 -0.9464 -0.3096
vn 0.1673 -0.4992 -0.8502
vn -0.0931 -0.9938 0.0606
vn -0.0823 -0.9563 -0.2807
vn -0.0705 -0.9200 -0.3854
vn -0.2185 -0.9698 0.1081
vn -0.0884 -0.9646 -0.2484
vn -0.1031 -0.9846 0.1415
vn -0.0918 -0.9679 -0.2339
vn -0.0749 -0.9335 -0.3506
vn -0.2374 -0.9487 0.2089
vn -0.0896 -0.9671 -0.2380
vn -0.1038 -0.9790 -0.1756
vn -0.1599 -0.9663 0.2019
vn -0.1135 -0.9645 0.2384
vn -0.0765 -0.9468 -0.3128
vn -0.2880 -0.9304 0.2266
vn -0.2347 -0.4279 0.8728
vn 0.4265 -0.0853 -0.9005
vn 0.5678 -0.0618 -0.8208
vn 0.3135 -0.2137 -0.9252
vn 0.4171 -0.5347 -0.7349
vn 0.5616 -0.1045 -0.8208
vn -0.4969 -0.5135 -0.6996
vn -0.7004 -0.3606 -0.6159
vn 0.6960 -0.1854 -0.6937
vn 0.3677 -0.7621 0.5329
vn 0.7159 -0.3836 -0.5834
vn 0.5873 -0.6322 0.5053
vn -0.4550 -0.1744 0.8732
vn -0.5859 -0.1013 0.8040
vn -0.3711 -0.3356 0.8659
vn -0.5897 -0.1435 0.7948
vn -0.7424 -0.1684 0.6484
vn -0.8028 -0.3254 0.4996
vn -0.4691 -0.8451 0.2565
vn 0.4992 -0.0735 -0.8634
vn 0.7248 -0.0901 -0.6830
vn 0.4136 -0.1555 -0.8971
vn 0.5238 -0.5773 -0.6264
vn 0.7204 -0.1233 -0.6825
vn -0.4252 -0.2342 -0.8743
vn -0.5051 -0.1552 -0.8490
vn 0.9073 -0.2653 -0.3262
vn 0.3556 -0.5611 0.7475
vn 0.8939 -0.3892 -0.2226
vn 0.4374 -0.4893 0.7545
vn -0.5263 -0.2038 0.8255
vn -0.7468 -0.1186 0.6544
vn -0.4588 -0.3117 0.8321
vn -0.5278 -0.7852 0.3237
vn -0.7495 -0.1505 0.6447
vn -0.9562 -0.1468 0.2533
vn -0.9645 -0.2347 0.1212
vn 0.6968 -0.2494 -0.6725
vn -0.2381 -0.5007 -0.8322
vn -0.3222 -0.3058 -0.8959
vn 0.8553 -0.2330 -0.4629
vn 0.6107 -0.4535 -0.6491
vn -0.9920 -0.0910 0.0878
vn -0.9667 -0.2552 0.0199
vn 0.5967 0.7946 -0.1123
vn -0.8801 0.0098 0.4747
vn -0.8972 -0.0476 0.4391
vn 0.3336 0.4184 -0.8448
vn 0.3052 -0.9048 -0.2969
vn 0.3633 0.2772 -0.8895
vn 0.5276 -0.7297 -0.4350
vn 0.2131 0.5201 -0.8271
vn -0.1975 -0.8509 0.4868
vn -0.0730 -0.9262 0.3700
vn -0.0973 -0.8759 0.4726
vn -0.3128 -0.8444 0.4348
vn -0.4638 -0.6926 -0.5524
vn -0.3184 -0.9017 0.2927
vn -0.1586 -0.9553 -0.2494
vn -0.6251 -0.4089 -0.6649
vn 0.0203 0.3634 -0.9314
vn 0.0690 0.5392 -0.8393
vn 0.1372 -0.1818 -0.9737
vn 0.7034 -0.1526 -0.6943
vn 0.8716 -0.1355 -0.4711
vn 0.6132 -0.2793 -0.7388
vn 0.6580 -0.6379 -0.4000
vn 0.8684 -0.1595 -0.4695
vn -0.2412 -0.4371 -0.8665
vn -0.3271 -0.3223 -0.8883
vn 0.9564 -0.2613 -0.1302
vn 0.2115 -0.5749 0.7904
vn 0.9103 -0.4135 -0.0202
vn 0.2895 -0.4665 0.8358
vn -0.7168 -0.1647 0.6775
vn -0.8838 -0.0979 0.4576
vn -0.6385 -0.3087 0.7050
vn -0.5806 -0.7844 0.2182
vn -0.8831 -0.1228 0.4529
vn -0.9804 -0.1758 0.0889
vn -0.9486 -0.3143 -0.0381
vn 0.7839 -0.5984 -0.1653
vn 0.1428 -0.6935 0.7062
vn 0.7005 -0.7056 -0.1067
vn 0.1738 -0.5541 0.8141
vn 0.7547 -0.4758 -0.4517
vn 0.7451 -0.5216 -0.4156
vn -0.6921 0.1494 0.7061
vn -0.8324 0.2578 0.4906
vn -0.7344 -0.1149 0.6689
vn 0.4308 -0.0496 -0.9011
vn 0.5737 -0.0227 -0.8187
vn 0.3107 -0.1902 -0.9313
vn 0.4283 -0.5140 -0.7432
vn 0.5685 -0.0662 -0.8200
vn -0.5228 -0.5234 -0.6728
vn -0.7070 -0.3562 -0.6109
vn 0.6961 -0.1361 -0.7049
vn 0.4210 -0.7831 0.4578
vn 0.7233 -0.3387 -0.6017
vn 0.6142 -0.6338 0.4702
vn -0.4536 -0.2119 0.8657
vn -0.5879 -0.1358 0.7974
vn -0.3587 -0.3830 0.8512
vn -0.5909 -0.1784 0.7868
vn -0.7321 -0.1942 0.6529
vn -0.7926 -0.3505 0.4989
vn -0.4570 -0.8576 0.2359
vn 0.5439 -0.1840 -0.8187
vn 0.3082 -0.3324 -0.8913
vn 0.4053 -0.1862 -0.8950
vn 0.3971 -0.5678 -0.7210
vn -0.4896 -0.6869 -0.5370
vn -0.6688 -0.5253 -0.5262
vn 0.6564 -0.2475 -0.7127
vn 0.3834 -0.8748 0.2961
vn 0.6444 -0.4262 -0.6349
vn 0.5320 -0.7312 0.4269
vn -0.5898 -0.1552 0.7925
vn -0.3828 -0.3870 0.8389
vn -0.4495 -0.1997 0.8707
vn -0.7211 -0.1905 0.6662
vn -0.7544 -0.3487 0.5561
vn 0.6575 -0.2141 -0.7224
vn 0.4572 -0.8568 0.2385
vn 0.6560 -0.3988 -0.6408
vn 0.5772 -0.6972 0.4252
vn 0.5580 -0.1153 -0.8218
vn 0.5465 -0.1674 -0.8205
vn -0.4440 -0.1896 0.8757
vn -0.5844 -0.0927 0.8062
vn -0.3645 -0.3980 0.8419
vn -0.5898 -0.1523 0.7930
vn -0.7140 -0.1817 0.6762
vn -0.5127 -0.6895 -0.5116
vn -0.7535 -0.3396 0.5629
vn -0.6724 -0.5256 -0.5212
vn 0.3056 -0.3287 -0.8936
vn 0.4051 -0.1792 -0.8965
vn 0.4019 -0.5612 -0.7236
vn 0.3206 0.2703 -0.9078
vn 0.2791 -0.9267 -0.2517
vn 0.3382 0.1211 -0.9332
vn 0.4819 -0.7922 -0.3743
vn 0.2045 0.3681 -0.9070
vn -0.2053 -0.7793 0.5920
vn -0.0812 -0.8785 0.4707
vn -0.1014 -0.8121 0.5747
vn -0.1431 -0.9810 0.1308
vn -0.3195 -0.7733 0.5476
vn -0.4656 -0.7598 -0.4538
vn -0.3268 -0.8487 0.4159
vn -0.6261 -0.5135 -0.5867
vn 0.0161 0.2073 -0.9782
vn 0.0607 0.3863 -0.9204
vn 0.1238 -0.2646 -0.9564
vn 0.3004 0.0896 -0.9496
vn 0.2536 -0.9475 -0.1950
vn 0.3053 -0.0613 -0.9503
vn 0.4319 -0.8557 -0.2852
vn 0.1875 0.1815 -0.9653
vn -0.2103 -0.6778 0.7045
vn -0.0867 -0.8073 0.5837
vn -0.1009 -0.7224 0.6841
vn -0.3249 -0.6703 0.6672
vn -0.4725 -0.8126 -0.3412
vn -0.3357 -0.7657 0.5487
vn -0.6335 -0.6125 -0.4727
vn 0.0030 0.0199 -0.9998
vn 0.0447 0.1968 -0.9794
vn 0.1028 -0.3558 -0.9289
vn -0.3257 -0.5264 0.7854
vn -0.4855 -0.8477 -0.2140
vn -0.3427 -0.6435 0.6844
vn -0.6498 -0.6889 -0.3212
vn -0.2074 -0.5373 0.8175
vn 0.1626 -0.0311 -0.9862
vn -0.0204 -0.1883 -0.9819
vn 0.0204 -0.0196 -0.9996
vn 0.0857 -0.4548 -0.8864
vn 0.2705 -0.1130 -0.9561
vn 0.2295 -0.9652 -0.1250
vn 0.2643 -0.2564 -0.9297
vn 0.3818 -0.9091 -0.1668
vn -0.0872 -0.7043 0.7045
vn -0.0936 -0.6005 0.7941
vn -0.2140 -0.9568 -0.1969
vn -0.2186 -0.4561 0.8627
vn -0.1900 -0.7292 -0.6574
vn 0.2114 0.2949 -0.9318
vn -0.1695 -0.5287 -0.8317
vn 0.2226 0.4674 -0.8556
vn 0.0395 -0.9989 -0.0259
vn -0.0484 -0.9838 -0.1727
vn -0.0675 -0.9840 -0.1651
vn 0.4342 -0.6123 -0.6607
vn -0.1028 -0.9926 -0.0647
vn -0.0292 -0.9970 -0.0711
vn -0.1369 -0.3327 -0.9330
vn 0.2259 0.6015 -0.7662
vn -0.0583 -0.9942 -0.0909
vn -0.6437 -0.3991 0.6530
vn -0.0879 -0.9847 -0.1506
vn -0.0903 -0.9873 -0.1304
vn 0.0852 -0.9717 0.2205
vn 0.0952 -0.9822 0.1620
vn 0.0573 -0.8992 0.4337
vn -0.1362 -0.7039 0.6971
vn 0.1246 -0.8375 0.5320
vn 0.1387 -0.5439 0.8276
vn 0.1328 0.1238 0.9834
vn 0.2090 -0.4046 0.8903
vn 0.0041 0.7600 0.6499
vn 0.2106 0.1046 0.9720
vn 0.3388 -0.8820 0.3276
vn 0.1418 -0.9815 0.1286
vn -0.0050 -0.9694 -0.2453
vn 0.4522 -0.5767 0.6804
vn 0.2930 -0.3481 0.8905
vn 0.2283 -0.3984 0.8884
vn 0.2664 0.0446 0.9628
vn -0.0583 -0.9204 -0.3865
vn -0.1297 -0.9538 -0.2712
vn -0.1210 -0.9505 -0.2861
vn -0.0297 0.8710 0.4904
vn 0.1060 0.7667 0.6332
vn -0.0069 0.8392 0.5438
vn 0.0635 0.9063 0.4177
vn 0.0488 -0.9486 -0.3126
vn 0.0293 -0.8846 -0.4654
vn -0.0590 -0.9260 -0.3728
vn 0.1607 0.9105 0.3809
vn 0.0841 0.8920 0.4441
vn 0.1732 0.9134 0.3683
vn 0.8918 0.2307 -0.3892
vn 0.6168 0.7854 -0.0510
vn 0.8288 0.2796 -0.4846
vn 0.5846 -0.4584 -0.6694
vn 0.5951 -0.5242 -0.6092
vn -0.4033 -0.8982 0.1747
vn -0.5165 -0.4310 0.7399
vn -0.5838 -0.4319 0.6875
vn -0.4051 0.3930 0.8255
vn -0.0525 -0.9365 -0.3466
vn -0.0934 -0.9720 -0.2156
vn -0.1164 -0.9646 -0.2368
vn 0.0021 0.8227 0.5685
vn 0.0234 0.8213 0.5699
vn 0.0865 0.8911 0.4454
vn 0.0275 -0.8919 -0.4513
vn 0.0390 -0.8986 -0.4371
vn -0.0507 -0.9506 -0.3064
vn 0.1817 0.9155 0.3590
vn 0.0995 0.8901 0.4448
vn 0.2628 0.9098 0.3213
vn 0.6837 0.7222 -0.1049
vn 0.8250 0.2983 -0.4800
vn 0.8494 0.2696 -0.4537
vn 0.6620 -0.3834 -0.6441
vn -0.3273 -0.9051 0.2713
vn -0.3386 -0.5259 0.7802
vn -0.4336 -0.4644 0.7722
vn -0.2821 0.3005 0.9111
vn -0.0320 -0.9785 -0.2037
vn 0.1449 -0.4099 0.9006
vn -0.0526 -0.9840 -0.1704
vn 0.1670 0.8600 0.4823
vn 0.0693 0.8003 0.5956
vn -0.1598 -0.5728 0.8040
vn 0.2495 -0.8407 -0.4807
vn 0.4187 -0.3758 0.8267
vn 0.7884 -0.3166 -0.5275
vn 0.7558 0.1000 0.6471
vn 0.0529 -0.9072 -0.4174
vn 0.5009 0.8536 0.1430
vn 0.5771 0.6062 -0.5472
vn 0.5902 -0.2166 -0.7776
vn 0.7979 0.3633 -0.4811
vn -0.1037 -0.9384 0.3296
vn -0.1989 -0.0338 0.9794
vn -0.3043 -0.5790 0.7564
vn -0.0270 0.9345 -0.3549
vn 0.0076 0.8504 -0.5261
vn -0.0223 0.8513 -0.5242
vn -0.0325 0.9827 -0.1824
vn -0.0146 0.7348 -0.6781
vn 0.0241 0.5817 -0.8131
vn -0.0060 0.5873 -0.8094
vn -0.0543 0.8514 -0.5217
vn 0.0036 0.4128 -0.9108
vn 0.0391 0.2093 -0.9771
vn 0.0145 0.2145 -0.9766
vn -0.0351 0.5912 -0.8058
vn 0.0201 -0.0029 -0.9998
vn 0.0406 -0.1986 -0.9792
vn 0.0224 -0.2075 -0.9780
vn -0.0089 0.2221 -0.9750
vn 0.0349 -0.3858 -0.9219
vn 0.0195 -0.3040 -0.9525
vn 0.0232 -0.3937 -0.9189
vn -0.0190 -0.4029 -0.9150
vn 0.0037 -0.9386 -0.3449
vn -0.0050 -0.9848 -0.1734
vn -0.0065 -0.9379 -0.3468
vn 0.0035 -0.9406 -0.3396
vn 0.0209 0.8427 -0.5380
vn -0.0002 0.9356 -0.3531
vn 0.0094 0.9266 -0.3758
vn 0.0458 0.8354 -0.5477
vn 0.0420 0.5753 -0.8169
vn 0.0153 0.7304 -0.6828
vn 0.0323 0.7247 -0.6883
vn 0.0646 0.5682 -0.8203
vn 0.0559 0.2041 -0.9774
vn 0.0321 0.4058 -0.9134
vn 0.0504 0.4000 -0.9151
vn 0.0770 0.1972 -0.9773
vn 0.0597 -0.0027 -0.9982
vn 0.0434 0.0018 -0.9991
vn 0.0785 -0.0119 -0.9968
vn 0.0545 -0.1955 -0.9792
vn 0.0443 -0.2821 -0.9584
vn 0.0464 -0.3833 -0.9224
vn 0.0670 -0.2788 -0.9580
vn 0.0107 -0.9360 -0.3518
vn 0.0064 -0.9385 -0.3453
vn 0.0395 -0.9329 -0.3580
vn -0.0895 0.9283 -0.3609
vn -0.1063 0.9762 -0.1888
vn -0.0173 -0.8481 -0.5295
vn -0.0138 -0.9268 -0.3753
vn -0.0098 -0.9317 -0.3631
vn -0.0820 -0.4209 -0.9034
vn -0.0063 -0.2407 -0.9706
vn 0.0011 -0.4292 -0.9032
vn -0.0061 -0.0023 -1.0000
vn -0.0403 0.2290 -0.9726
vn -0.0236 0.2370 -0.9712
vn -0.0417 0.4322 -0.9008
vn -0.0675 0.5820 -0.8104
vn -0.0531 0.5918 -0.8044
vn -0.0975 0.7215 -0.6855
vn -0.0758 0.8482 -0.5243
vn -0.0557 0.7341 -0.6767
vn -0.1344 0.9208 -0.3661
vn -0.1332 0.9737 -0.1848
vn -0.0658 -0.9343 -0.3503
vn -0.1117 -0.8444 -0.5240
vn -0.0779 -0.8545 -0.5135
vn -0.1224 -0.7307 -0.6716
vn -0.1179 -0.6056 -0.7870
vn -0.1162 -0.7428 -0.6593
vn -0.0231 -0.7298 -0.6833
vn -0.1743 0.7121 -0.6801
vn -0.1328 0.8407 -0.5250
vn -0.1313 0.7256 -0.6755
vn -0.1057 0.5799 -0.8078
vn -0.1292 0.5842 -0.8012
vn -0.2158 0.9122 -0.3483
vn -0.1867 0.9658 -0.1798
vn -0.1829 0.9156 -0.3580
vn -0.1521 -0.9171 -0.3686
vn -0.1527 -0.8420 -0.5175
vn -0.1526 -0.9200 -0.3609
vn -0.1470 -0.7299 -0.6676
vn -0.1721 -0.5838 -0.7935
vn -0.1518 -0.7296 -0.6668
vn -0.1450 -0.8387 -0.5249
vn -0.1859 -0.4126 -0.8917
vn -0.2090 -0.2148 -0.9540
vn -0.1965 -0.2133 -0.9570
vn -0.2098 -0.0019 -0.9777
vn -0.2266 0.2050 -0.9522
vn -0.2129 0.2084 -0.9546
vn -0.2106 0.4046 -0.8899
vn -0.2273 0.5730 -0.7874
vn -0.2094 0.5750 -0.7909
vn -0.2168 0.7164 -0.6631
vn -0.2205 0.8309 -0.5108
vn -0.1956 0.8332 -0.5172
vn -0.2910 0.8925 -0.3447
vn -0.2550 0.9029 -0.3461
vn -0.1377 -0.9154 -0.3782
vn -0.1486 -0.8535 -0.4994
vn -0.1366 -0.9172 -0.3744
vn -0.1463 -0.8432 -0.5173
vn -0.2170 -0.4189 -0.8817
vn -0.2584 -0.2140 -0.9420
vn -0.2308 -0.2116 -0.9497
vn -0.2585 0.0059 -0.9660
vn -0.2565 0.2017 -0.9452
vn -0.2452 0.0015 -0.9695
vn -0.2597 0.3921 -0.8825
vn -0.2940 0.5564 -0.7772
vn -0.2594 0.5655 -0.7829
vn -0.2591 0.7098 -0.6551
vn -0.2937 0.8117 -0.5048
vn -0.2566 0.8224 -0.5077
vn -0.3188 0.8790 -0.3547
vn -0.3031 0.9364 -0.1768
vn -0.3076 0.8856 -0.3480
vn -0.2024 -0.9184 -0.3398
vn -0.2843 -0.8466 -0.4499
vn -0.1893 -0.8768 -0.4421
vn -0.3631 -0.4124 -0.8355
vn -0.3030 -0.2513 -0.9193
vn -0.3164 -0.3965 -0.8618
vn -0.4165 -0.5782 -0.7016
vn -0.2305 0.1482 -0.9617
vn -0.2536 -0.0656 -0.9651
vn -0.1229 0.1344 -0.9833
vn -0.2744 0.5910 -0.7586
vn -0.2983 0.5847 -0.7544
vn -0.2425 0.4325 -0.8684
vn -0.1913 0.3814 -0.9044
vn -0.3336 0.6873 -0.6452
vn -0.3156 0.8023 -0.5067
vn -0.3206 0.6912 -0.6477
vn -0.3683 0.8674 -0.3348
vn -0.3428 0.9228 -0.1758
vn -0.3411 0.8709 -0.3539
vn -0.4089 -0.7402 -0.5338
vn -0.3997 -0.5865 -0.7044
vn -0.3978 -0.5849 -0.7068
vn -0.3999 -0.3906 -0.8292
vn -0.3906 -0.2552 -0.8845
vn -0.3823 -0.4110 -0.8276
vn -0.4680 -0.0826 -0.8799
vn -0.3927 -0.2803 -0.8759
vn -0.4190 -0.1125 -0.9010
vn -0.3704 -0.0375 -0.9281
vn -0.4136 0.0962 -0.9054
vn -0.4010 0.4318 -0.8079
vn -0.3582 0.5589 -0.7479
vn -0.3544 0.5806 -0.7330
vn -0.4663 0.2635 -0.8444
vn -0.4079 0.2596 -0.8754
vn -0.3522 0.6925 -0.6296
vn -0.3385 0.7874 -0.5151
vn -0.3385 0.6837 -0.6465
vn -0.4026 0.8627 -0.3061
vn -0.3858 0.9091 -0.1571
vn -0.3877 0.8676 -0.3115
vn -0.3482 -0.9028 -0.2524
vn -0.4293 -0.7846 -0.4472
vn -0.3817 -0.8264 -0.4140
vn -0.4168 -0.7131 -0.5637
vn -0.4755 -0.5256 -0.7054
vn -0.4368 -0.5658 -0.6993
vn -0.4476 -0.3906 -0.8044
vn -0.5116 -0.1578 -0.8446
vn -0.4528 -0.2867 -0.8443
vn -0.4760 0.3470 -0.8081
vn -0.4067 0.5604 -0.7215
vn -0.4201 0.3878 -0.8205
vn -0.4962 0.1956 -0.8459
vn -0.4354 0.6827 -0.5867
vn -0.3897 0.7975 -0.4606
vn -0.3949 0.6970 -0.5986
vn -0.4735 0.8224 -0.3155
vn -0.4210 0.8920 -0.1649
vn -0.4308 0.8464 -0.3131
vn -0.4621 -0.8305 -0.3111
vn -0.5253 -0.7136 -0.4635
vn -0.4766 -0.7476 -0.4625
vn -0.4900 -0.6383 -0.5937
vn -0.5311 -0.4819 -0.6970
vn -0.5025 -0.4995 -0.7057
vn -0.5098 -0.3343 -0.7927
vn -0.5305 -0.1700 -0.8305
vn -0.5134 -0.1650 -0.8421
vn -0.5132 0.0020 -0.8583
vn -0.5217 0.1715 -0.8357
vn -0.5071 0.1680 -0.8453
vn -0.5146 0.3385 -0.7878
vn -0.4823 0.5087 -0.7132
vn -0.4970 0.3380 -0.7992
vn -0.4948 0.6362 -0.5919
vn -0.4450 0.7714 -0.4548
vn -0.4634 0.6579 -0.5937
vn 0.1546 0.9068 -0.3921
vn 0.0956 0.8280 -0.5525
vn 0.0916 0.9158 -0.3911
vn 0.1542 0.7019 -0.6954
vn 0.1048 0.5603 -0.8216
vn 0.1004 0.7106 -0.6964
vn 0.1491 0.3817 -0.9122
vn 0.1083 0.1965 -0.9745
vn 0.1078 0.3875 -0.9156
vn 0.1348 0.0002 -0.9909
vn 0.1005 -0.2009 -0.9744
vn 0.1043 -0.0036 -0.9945
vn 0.1169 -0.3830 -0.9163
vn 0.0860 -0.5608 -0.8234
vn 0.0953 -0.3910 -0.9155
vn 0.0950 -0.7071 -0.7007
vn 0.0642 -0.8335 -0.5488
vn 0.0804 -0.7107 -0.6989
vn 0.0533 -0.9230 -0.3811
vn 0.0391 -0.9805 -0.1927
vn 0.2546 0.8856 -0.3885
vn 0.2090 0.8087 -0.5499
vn 0.2124 0.8956 -0.3908
vn 0.2393 0.6864 -0.6868
vn 0.1977 0.5456 -0.8144
vn 0.2044 0.6931 -0.6913
vn 0.2187 0.3734 -0.9015
vn 0.1792 0.1925 -0.9648
vn 0.1893 0.3765 -0.9069
vn 0.1929 -0.0002 -0.9812
vn 0.1549 -0.1929 -0.9689
vn 0.1677 -0.0000 -0.9858
vn 0.1660 -0.3778 -0.9109
vn 0.1285 -0.5518 -0.8240
vn 0.1418 -0.3797 -0.9142
vn 0.1407 -0.7002 -0.6999
vn 0.1056 -0.8272 -0.5518
vn 0.1165 -0.7035 -0.7011
vn 0.1253 -0.9163 -0.3804
vn 0.0923 -0.9765 -0.1949
vn 0.0975 -0.9194 -0.3811
vn 0.2384 0.8991 -0.3672
vn 0.2494 0.8026 -0.5419
vn 0.2596 0.8877 -0.3803
vn 0.2334 0.6870 -0.6881
vn 0.2325 0.5402 -0.8088
vn 0.2409 0.6861 -0.6865
vn 0.2236 0.3725 -0.9007
vn 0.2124 0.1898 -0.9586
vn 0.2230 0.3730 -0.9007
vn 0.2081 -0.0002 -0.9781
vn 0.1906 -0.1928 -0.9626
vn 0.2015 -0.0002 -0.9795
vn 0.1913 -0.3827 -0.9038
vn 0.1694 -0.5484 -0.8189
vn 0.1810 -0.3792 -0.9074
vn 0.1128 -0.6965 -0.7087
vn 0.1538 -0.8205 -0.5505
vn 0.1575 -0.6984 -0.6982
vn 0.1497 -0.9121 -0.3817
vn 0.1449 -0.9700 -0.1953
vn 0.2577 0.8870 -0.3832
vn 0.2441 0.8040 -0.5422
vn 0.2415 0.8956 -0.3736
vn 0.2639 0.6691 -0.6948
vn 0.2455 0.5347 -0.8086
vn 0.2458 0.6820 -0.6888
vn 0.2654 0.3569 -0.8956
vn 0.2383 0.1877 -0.9529
vn 0.2434 0.3679 -0.8974
vn 0.2512 -0.0005 -0.9679
vn 0.2177 -0.1875 -0.9578
vn 0.2304 -0.0004 -0.9731
vn 0.2187 -0.3524 -0.9099
vn 0.1883 -0.4097 -0.8926
vn 0.2010 -0.3683 -0.9077
vn 0.1687 -0.5226 -0.8357
vn 0.1504 -0.9172 -0.3689
vn 0.1492 -0.9696 -0.1940
vn 0.1497 -0.9141 -0.3769
vn 0.2708 0.8792 -0.3921
vn 0.2784 0.7734 -0.5695
vn 0.2728 0.7818 -0.5607
vn 0.2773 0.6431 -0.7138
vn 0.2742 0.5066 -0.8174
vn 0.2744 0.6544 -0.7045
vn 0.2719 0.3360 -0.9018
vn 0.2659 0.1745 -0.9481
vn 0.2717 0.3451 -0.8984
vn 0.2602 -0.0008 -0.9656
vn 0.2447 -0.1735 -0.9539
vn 0.2568 -0.0002 -0.9665
vn 0.2315 -0.3447 -0.9097
vn 0.2504 -0.4731 -0.8446
vn 0.2262 -0.3987 -0.8888
vn 0.2101 -0.4051 -0.8898
vn 0.1794 -0.8986 -0.4005
vn 0.1631 -0.9125 -0.3751
vn 0.2650 0.8651 -0.4258
vn 0.2595 0.7443 -0.6153
vn 0.2702 0.7618 -0.5887
vn 0.2360 0.8721 -0.4287
vn 0.2526 0.8514 -0.4597
vn 0.2677 0.6144 -0.7422
vn 0.2762 0.4838 -0.8305
vn 0.2740 0.6322 -0.7247
vn 0.2775 0.3110 -0.9090
vn 0.2762 0.1639 -0.9470
vn 0.2772 0.3263 -0.9037
vn 0.2801 -0.0004 -0.9600
vn 0.2672 -0.1660 -0.9492
vn 0.2732 -0.0006 -0.9620
vn 0.2579 -0.3334 -0.9068
vn 0.2643 -0.4677 -0.8434
vn 0.2492 -0.4912 -0.8347
vn 0.2403 -0.6394 -0.7303
vn 0.2474 -0.7471 -0.6169
vn 0.2230 -0.7746 -0.5918
vn 0.2385 -0.8547 -0.4612
vn 0.1865 -0.8730 -0.4507
vn 0.2070 -0.8769 -0.4338
vn 0.2562 0.8490 -0.4620
vn 0.2588 0.7279 -0.6349
vn 0.2632 0.8397 -0.4750
vn 0.3061 0.8873 -0.3448
vn 0.2396 0.5922 -0.7693
vn 0.2563 0.4481 -0.8565
vn 0.2569 0.5961 -0.7607
vn 0.2270 0.2955 -0.9280
vn 0.2558 0.1486 -0.9552
vn 0.2561 0.2981 -0.9195
vn 0.2560 -0.0000 -0.9667
vn 0.2233 -0.1471 -0.9636
vn 0.2560 -0.1488 -0.9551
vn 0.2562 -0.2981 -0.9195
vn 0.2322 -0.4443 -0.8653
vn 0.2563 -0.4481 -0.8564
vn 0.2572 -0.5961 -0.7606
vn 0.2483 -0.7313 -0.6352
vn 0.2589 -0.7280 -0.6349
vn 0.2633 -0.8396 -0.4751
vn 0.3344 -0.9060 -0.2594
vn 0.2573 -0.8048 -0.5349
vn 0.1787 0.8466 -0.5014
vn 0.2287 0.7307 -0.6432
vn 0.2346 0.8506 -0.4706
vn 0.1991 0.5687 -0.7981
vn 0.2193 0.4421 -0.8698
vn 0.2235 0.5906 -0.7754
vn 0.2112 0.2778 -0.9371
vn 0.2151 0.1462 -0.9656
vn 0.2165 0.2934 -0.9312
vn 0.2147 -0.0000 -0.9767
vn 0.2127 -0.1373 -0.9674
vn 0.2150 -0.1458 -0.9657
vn 0.2165 -0.2934 -0.9312
vn 0.1985 -0.4216 -0.8848
vn 0.2193 -0.4421 -0.8698
vn 0.2234 -0.5906 -0.7754
vn 0.1737 -0.7172 -0.6749
vn 0.2287 -0.7308 -0.6431
vn 0.2345 -0.8506 -0.4706
vn 0.0276 0.7897 -0.6128
vn -0.0595 0.4675 -0.8820
vn 0.0752 0.6416 -0.7633
vn 0.1197 0.4918 -0.8624
vn 0.0822 0.2365 -0.9682
vn 0.1546 0.3512 -0.9234
vn 0.1814 0.2275 -0.9567
vn 0.1445 0.0745 -0.9867
vn 0.1937 0.1112 -0.9747
vn 0.1479 -0.0014 -0.9890
vn 0.1826 -0.1111 -0.9769
vn 0.1926 -0.0011 -0.9813
vn 0.1000 -0.1469 -0.9841
vn 0.1242 -0.3524 -0.9276
vn 0.1598 -0.2265 -0.9608
vn -0.0314 -0.3369 -0.9410
vn 0.0193 -0.6383 -0.7695
vn 0.0760 -0.4934 -0.8665
vn -0.2113 -0.5172 -0.8294
vn -0.1005 -0.9006 -0.4229
vn -0.0424 -0.7690 -0.6379
vn -0.2549 0.3871 -0.8861
vn -0.1769 0.1995 -0.9638
vn -0.1498 0.2966 -0.9432
vn -0.0590 0.2146 -0.9749
vn -0.0421 0.0950 -0.9946
vn 0.0075 0.1445 -0.9895
vn 0.0515 0.0911 -0.9945
vn 0.0149 0.0294 -0.9995
vn 0.0762 0.0452 -0.9961
vn 0.0208 -0.0001 -0.9998
vn 0.0681 -0.0441 -0.9967
vn 0.0821 -0.0006 -0.9966
vn -0.0128 -0.0606 -0.9981
vn -0.0154 -0.1438 -0.9895
vn 0.0366 -0.0900 -0.9953
vn -0.1157 -0.1437 -0.9828
vn -0.1858 -0.2819 -0.9413
vn -0.0930 -0.2120 -0.9728
vn -0.2690 -0.2334 -0.9344
vn -0.3975 -0.4314 -0.8099
vn -0.2630 -0.3222 -0.9094
vn -0.1331 0.1734 -0.9758
vn -0.0599 0.0966 -0.9935
vn -0.0766 0.1115 -0.9908
vn -0.0450 0.0753 -0.9961
vn -0.0078 0.0357 -0.9993
vn -0.0204 0.0480 -0.9986
vn 0.0027 0.0218 -0.9998
vn 0.0497 -0.0176 -0.9986
vn 0.0260 0.0062 -0.9996
vn 0.0715 0.0001 -0.9974
vn 0.0253 -0.0058 -0.9997
vn 0.0377 -0.0001 -0.9993
vn 0.0237 -0.0016 -0.9997
vn -0.0245 -0.0481 -0.9985
vn 0.0010 -0.0218 -0.9998
vn -0.0267 -0.0646 -0.9976
vn -0.0844 -0.1111 -0.9902
vn -0.0498 -0.0756 -0.9959
vn -0.1062 -0.1544 -0.9823
vn -0.3163 -0.3596 -0.8778
vn -0.1421 -0.1726 -0.9747
vn -0.2401 -0.2047 -0.9489
vn -0.1021 -0.1109 -0.9886
vn -0.1932 -0.1934 -0.9619
vn -0.0249 -0.0463 -0.9986
vn -0.0528 -0.0959 -0.9940
vn -0.0008 -0.0000 -1.0000
vn 0.0116 -0.0296 -0.9995
vn -0.0052 0.0223 -0.9997
vn -0.0056 0.0604 -0.9982
vn -0.0202 0.0451 -0.9988
vn -0.0475 0.0713 -0.9963
vn -0.0989 0.1433 -0.9847
vn -0.0886 0.1066 -0.9903
vn -0.1498 0.1533 -0.9768
vn -0.2792 0.2731 -0.9206
vn -0.2399 0.2256 -0.9442
vn -0.0947 0.1385 -0.9858
vn -0.0442 0.0749 -0.9962
vn -0.0532 0.0847 -0.9950
vn -0.0181 0.0500 -0.9986
vn 0.0529 -0.0130 -0.9985
vn 0.0167 0.0175 -0.9997
vn 0.0570 -0.0169 -0.9982
vn 0.1967 -0.0964 -0.9757
vn 0.0960 -0.0438 -0.9944
vn 0.5752 0.1384 -0.8062
vn 0.1312 0.0410 -0.9905
vn 0.2399 -0.0453 -0.9697
vn 0.7989 -0.1758 -0.5751
vn 0.2188 0.0455 -0.9747
vn 0.0584 -0.0209 -0.9981
vn 0.0944 0.0138 -0.9954
vn 0.0915 -0.0172 -0.9957
vn -0.0165 -0.0728 -0.9972
vn 0.0223 -0.0459 -0.9987
vn -0.0159 -0.1047 -0.9944
vn -0.2046 -0.3116 -0.9279
vn -0.0679 -0.1277 -0.9895
vn 0.9515 0.2745 -0.1391
vn 0.5925 0.1528 -0.7910
vn 0.8560 0.2140 -0.4706
vn 0.4056 0.0937 -0.9092
vn 0.9197 0.2083 -0.3327
vn 0.5767 0.2718 -0.7704
vn 0.1940 0.0344 -0.9804
vn 0.1458 0.0342 -0.9887
vn 0.0841 -0.0114 -0.9964
vn 0.1294 0.0106 -0.9915
vn 0.0417 -0.0670 -0.9969
vn -0.0333 -0.3159 -0.9482
vn 0.4134 0.2039 -0.8874
vn 0.8893 0.4412 0.1200
vn 0.2524 0.1071 -0.9617
vn 0.2203 0.0745 -0.9726
vn 0.7738 0.2546 -0.5801
vn 0.5267 0.2562 -0.8105
vn 0.5594 0.3575 -0.7478
vn -0.0739 0.1234 -0.9896
vn 0.0184 0.0244 -0.9995
vn -0.0183 0.0577 -0.9982
vn 0.0332 0.0019 -0.9994
vn 0.1232 -0.0633 -0.9904
vn 0.0863 -0.0450 -0.9953
vn 0.2153 -0.1397 -0.9665
vn 0.7262 -0.4839 -0.4884
vn 0.4050 -0.2657 -0.8749
vn 0.8353 -0.5087 0.2086
vn 0.8459 -0.4761 -0.2403
vn 0.4706 -0.2804 -0.8366
vn 0.3142 -0.1595 -0.9359
vn 0.7851 -0.4408 -0.4351
vn 0.4581 -0.2639 -0.8488
vn 0.3166 -0.2024 -0.9267
vn -0.0306 0.0611 -0.9977
vn 0.0336 -0.0249 -0.9991
vn 0.0324 -0.0132 -0.9994
vn 0.1389 -0.0968 -0.9856
vn 0.0905 -0.1214 -0.9885
vn 0.1495 -0.1073 -0.9829
vn 0.5929 -0.5293 -0.6068
vn 0.0126 0.0516 -0.9986
vn 0.0900 -0.0175 -0.9958
vn 0.0601 -0.0246 -0.9979
vn 0.1928 -0.0072 -0.9812
vn 0.7490 -0.2932 -0.5941
vn 0.2783 -0.1099 -0.9542
vn 0.2668 -0.1294 -0.9550
vn 0.0423 0.0778 -0.9961
vn -0.0004 0.9583 -0.2856
vn -0.0875 0.9459 -0.3125
vn -0.0261 0.8531 -0.5212
vn 0.0340 0.9557 -0.2925
vn -0.0742 0.4683 -0.8804
vn 0.0257 0.8503 -0.5256
vn 0.1341 0.8346 -0.5342
vn 0.0889 0.9518 -0.2937
vn 0.0804 0.8526 -0.5164
vn 0.2262 0.7947 -0.5632
vn 0.2105 0.9286 -0.3056
vn 0.1764 0.8108 -0.5581
vn 0.2680 0.9136 -0.3059
vn 0.2792 0.8009 -0.5297
vn -0.0842 0.1275 -0.9883
vn -0.0152 0.0634 -0.9979
vn -0.0861 0.1170 -0.9894
vn 0.0052 0.0553 -0.9985
vn 0.0080 0.0502 -0.9987
vn 0.0048 0.0513 -0.9987
vn -0.0143 0.0705 -0.9974
vn 0.0109 0.0497 -0.9987
vn 0.0406 0.0523 -0.9978
vn 0.0408 0.0513 -0.9978
vn 0.0085 0.0536 -0.9985
vn 0.0115 0.0528 -0.9985
vn 0.2450 0.0828 -0.9660
vn 0.8026 0.1326 -0.5815
vn 0.0050 0.0580 -0.9983
vn 0.0090 0.0565 -0.9984
vn 0.0055 0.0588 -0.9983
vn -0.0107 0.0739 -0.9972
vn 0.0121 0.0554 -0.9984
vn 0.0376 0.0515 -0.9980
vn 0.0395 0.0534 -0.9978
vn 0.0087 0.0553 -0.9984
vn 0.0120 0.0541 -0.9985
vn 0.2475 0.0602 -0.9670
vn 0.8274 0.1062 -0.5515
vn 0.2432 0.0707 -0.9674
vn -0.0727 0.1310 -0.9887
vn -0.0554 0.1228 -0.9909
vn -0.0126 0.0749 -0.9971
vn 0.0073 0.0464 -0.9989
vn 0.0033 0.0506 -0.9987
vn -0.0251 0.0920 -0.9954
vn 0.0119 0.0451 -0.9989
vn 0.0362 0.0423 -0.9984
vn 0.2272 0.0245 -0.9735
vn 0.7946 -0.0185 -0.6068
vn 0.2308 0.0516 -0.9716
vn -0.0418 0.1054 -0.9936
vn -0.0708 0.1468 -0.9866
vn -0.0100 0.0648 -0.9978
vn -0.0842 0.1105 -0.9903
vn -0.0157 0.0803 -0.9966
vn -0.0809 0.1240 -0.9890
vn -0.2471 0.2670 -0.9315
vn -0.0155 0.1048 -0.9944
vn -0.0813 0.1530 -0.9849
vn -0.0824 0.1914 -0.9781
vn 0.0007 0.4380 -0.8990
vn 0.0054 0.0544 -0.9985
vn 0.0114 0.0695 -0.9975
vn 0.0065 0.0715 -0.9974
vn -0.0155 0.0644 -0.9978
vn 0.0155 0.0914 -0.9957
vn 0.0081 0.0935 -0.9956
vn 0.0189 0.1138 -0.9933
vn 0.0413 0.4359 -0.8991
vn 0.0101 0.1149 -0.9933
vn 0.0164 0.0670 -0.9976
vn 0.0425 0.0561 -0.9975
vn 0.0491 0.0747 -0.9960
vn 0.0224 0.0903 -0.9957
vn 0.0118 0.0517 -0.9986
vn 0.0675 0.1369 -0.9883
vn 0.0853 0.3896 -0.9170
vn 0.0278 0.1171 -0.9927
vn 0.2424 0.1089 -0.9640
vn 0.2459 0.1549 -0.9568
vn 0.2547 0.2912 -0.9222
vn 0.1232 0.3952 -0.9103
vn 0.2483 0.5191 -0.8179
vn 0.2494 0.2264 -0.9416
vn -0.0202 -0.9131 -0.4072
vn -0.0225 -0.9372 -0.3481
vn -0.0354 -0.4740 -0.8798
vn -0.0143 -0.2555 -0.9667
vn 0.0753 -0.4473 -0.8912
vn 0.0802 -0.3845 -0.9196
vn 0.0531 -0.9044 -0.4233
vn 0.0337 -0.9809 -0.1916
vn -0.0355 0.3596 -0.9324
vn 0.0137 0.3899 -0.9208
vn -0.0198 -0.9982 -0.0562
vn 0.0012 -0.9986 -0.0521
vn 0.0081 -0.9401 -0.3409
vn 0.0130 -0.9389 -0.3440
vn 0.0012 -0.9986 -0.0534
vn 0.0051 -0.9985 -0.0550
vn 0.0266 -0.9349 -0.3539
vn 0.0255 0.4043 -0.9143
vn 0.0325 0.4202 -0.9068
vn -0.1712 0.2541 -0.9519
vn -0.0036 -0.3272 -0.9450
vn -0.4097 -0.1221 -0.9040
vn -0.0609 -0.3621 -0.9301
vn -0.5775 -0.5804 -0.5741
vn -0.1097 -0.4940 -0.8625
vn -0.3804 -0.8784 -0.2894
vn -0.2078 -0.7211 -0.6609
vn -0.4695 -0.8757 -0.1130
vn -0.1241 -0.9877 -0.0949
vn -0.0398 -0.9274 -0.3720
vn -0.1598 -0.9789 0.1272
vn 0.0647 -0.9270 -0.3695
vn 0.0371 -0.9977 -0.0571
vn 0.1343 -0.9897 -0.0501
vn 0.1866 -0.8668 -0.4624
vn 0.3853 -0.6820 -0.6216
vn 0.4801 -0.8451 -0.2351
vn 0.8905 -0.3129 -0.3303
vn 0.7309 0.1547 -0.6647
vn 0.9991 -0.0415 -0.0063
vn 0.0837 0.4344 -0.8968
vn 0.1131 -0.2956 -0.9486
vn 0.2399 0.4428 -0.8639
vn 0.0420 0.8769 -0.4788
vn -0.0028 0.9238 -0.3830
vn -0.0304 0.9376 -0.3464
vn -0.0331 0.9143 -0.4036
vn 0.0024 0.8574 -0.5146
vn -0.0014 0.9257 -0.3782
vn -0.0044 0.9475 -0.3196
vn 0.0023 -0.9623 0.2719
vn -0.0133 -0.9680 0.2508
vn 0.0044 -0.9651 0.2619
vn 0.0009 -0.9633 0.2683
vn 0.0024 -0.9641 0.2656
vn 0.0034 -0.9664 0.2569
vn 0.0046 -0.9677 0.2519
vn 0.0283 -0.9621 0.2712
vn -0.0031 0.9274 -0.3739
vn -0.0046 0.9501 -0.3120
vn 0.0217 0.9317 -0.3625
vn -0.0063 0.9514 -0.3080
vn 0.0067 0.8686 -0.4955
vn -0.1621 0.8690 -0.4675
vn -0.1837 0.8463 -0.5001
vn -0.4517 0.5696 -0.6866
vn -0.5207 0.5303 -0.6690
vn -0.1624 -0.9805 0.1110
vn -0.0159 -0.9658 0.2588
vn -0.1438 -0.9751 0.1689
vn -0.0222 -0.9802 0.1970
vn -0.5279 -0.7746 -0.3485
vn 0.1604 -0.9393 0.3034
vn 0.0278 -0.9652 0.2600
vn 0.1548 -0.9370 0.3132
vn 0.6132 -0.7174 0.3305
vn 0.1874 0.9318 -0.3109
vn 0.0163 0.9542 -0.2986
vn 0.6571 0.7417 -0.1347
vn 0.1778 0.9542 -0.2408
vn 0.2239 0.8727 -0.4339
vn 0.9845 0.0228 0.1741
vn 0.6641 0.7476 0.0060
vn -0.7631 -0.2044 -0.6131
vn -0.7734 -0.3780 -0.5088
vn -0.6845 -0.0811 -0.7245
vn -0.5228 -0.8233 -0.2209
vn -0.0171 0.9660 -0.2582
vn -0.1497 0.9038 -0.4010
vn -0.0503 0.9496 -0.3095
vn -0.0118 0.9712 -0.2379
vn -0.0645 0.9552 -0.2888
vn 0.0221 -0.9736 0.2272
vn 0.0668 -0.9655 0.2516
vn 0.0548 -0.9747 0.2166
vn 0.0098 -0.9789 0.2041
vn 0.0063 -0.9813 0.1922
vn 0.0336 -0.9832 0.1796
vn -0.0014 -0.9904 0.1383
vn 0.0106 -0.9795 0.2010
vn -0.0041 0.9743 -0.2252
vn -0.0366 0.9731 -0.2275
vn 0.0381 0.9782 -0.2044
vn 0.0025 0.9827 -0.1850
vn -0.3263 0.7074 -0.6269
vn -0.1893 0.8581 -0.4773
vn -0.4735 0.3891 -0.7902
vn -0.4401 0.5259 -0.7279
vn -0.1571 -0.9875 -0.0082
vn 0.0049 -0.9734 0.2289
vn -0.1215 -0.9899 0.0733
vn -0.4637 -0.6986 -0.5449
vn 0.1137 -0.9562 0.2698
vn -0.0273 -0.9929 0.1159
vn 0.0448 -0.9802 0.1927
vn 0.5238 -0.7406 0.4209
vn 0.5577 -0.6990 0.4475
vn 0.2483 0.9631 -0.1037
vn 0.0987 0.9888 -0.1119
vn 0.8369 0.3505 0.4204
vn 0.4442 0.8834 0.1496
vn 0.7209 0.6638 0.1992
vn 0.9360 -0.0248 0.3512
vn 0.8925 -0.0200 0.4506
vn 0.8673 -0.0199 0.4973
vn -0.6094 -0.0520 -0.7912
vn -0.5585 -0.0331 -0.8289
vn -0.4900 -0.7421 -0.4573
vn -0.2636 0.7672 -0.5848
vn -0.3612 -0.7441 -0.5620
vn -0.4483 0.5205 -0.7267
vn -0.1354 0.9107 -0.3902
vn -0.4512 -0.4562 -0.7670
vn 0.0591 -0.9860 0.1557
vn -0.0189 -0.9982 0.0562
vn -0.2345 -0.1260 -0.9639
vn 0.1355 -0.1963 -0.9711
vn 0.0259 0.9687 -0.2468
vn 0.9662 -0.2572 -0.0187
vn -0.3354 -0.7969 -0.5025
vn -0.5306 0.2218 -0.8181
vn 0.2462 -0.8791 0.4081
vn 0.0220 -0.9953 0.0941
vn -0.1325 -0.9499 -0.2831
vn -0.0395 -0.9986 0.0365
vn 0.7634 -0.5492 0.3399
vn -0.0643 -0.9965 0.0527
vn 0.3379 0.9393 -0.0597
vn 0.6584 0.7064 0.2599
vn 0.8069 -0.3881 0.4453
vn 0.4367 -0.8223 0.3649
vn 0.8395 0.2561 0.4792
vn 0.8599 0.0027 0.5104
vn -0.5530 0.1435 -0.8207
vn -0.4990 -0.5755 -0.6479
vn -0.5441 -0.0052 -0.8390
vn -0.1248 0.4285 -0.8949
vn -0.1775 0.5397 -0.8229
vn -0.5348 0.2793 -0.7975
vn -0.4502 0.3856 -0.8054
vn -0.5171 0.3962 -0.7587
vn -0.7080 0.3318 -0.6234
vn -0.5473 -0.1218 -0.8280
vn -0.4743 -0.2623 -0.8404
vn -0.7403 -0.4844 -0.4661
vn -0.4623 -0.3087 -0.8313
vn -0.5435 0.1792 -0.8201
vn -0.4743 0.0819 -0.8765
vn -0.4707 0.1806 -0.8636
vn -0.6447 0.1621 -0.7471
vn -0.5616 0.0678 -0.8246
vn -0.3375 -0.3691 -0.8659
vn -0.3056 -0.4211 -0.8540
vn -0.1870 -0.3402 -0.9216
vn -0.4429 0.5139 -0.7346
vn -0.3496 0.5749 -0.7398
vn -0.3338 0.5689 -0.7516
vn -0.5078 0.6509 -0.5643
vn -0.2339 0.5276 -0.8167
vn -0.9995 -0.0131 0.0298
vn -0.9314 -0.3623 -0.0347
vn -0.9995 0.0060 0.0311
vn -0.7293 -0.6632 -0.1682
vn -0.4207 -0.8795 -0.2227
vn -0.7271 -0.6792 -0.1002
vn -0.0410 -0.8979 -0.4382
vn 0.2632 -0.8635 -0.4303
vn -0.0487 -0.9340 -0.3540
vn 0.8351 0.1095 -0.5391
vn 0.8036 0.4230 -0.4188
vn 0.8639 0.1054 -0.4924
vn 0.8262 -0.2043 -0.5250
vn -0.0853 0.9955 -0.0407
vn -0.4470 0.8944 -0.0145
vn -0.4565 0.8891 0.0326
vn 0.2036 0.9665 -0.1561
vn -0.0567 0.9950 -0.0826
vn -0.7459 0.6620 0.0727
vn -0.9336 0.3553 0.0461
vn -0.9331 0.3546 0.0593
vn -0.7403 0.3837 -0.5521
vn -0.7900 -0.0979 -0.6052
vn -0.9243 0.0789 -0.3735
vn -0.4824 -0.3997 -0.7794
vn -0.7287 -0.4221 -0.5393
vn -0.0371 -0.4054 -0.9134
vn -0.1765 -0.6301 -0.7562
vn 0.2835 -0.0399 -0.9581
vn 0.2855 -0.3717 -0.8834
vn 0.2748 0.4233 -0.8633
vn 0.5271 0.1758 -0.8314
vn -0.0490 0.7274 -0.6845
vn 0.2684 0.6887 -0.6736
vn -0.4811 0.6691 -0.5664
vn -0.1876 0.8649 -0.4655
vn -0.7243 0.5973 -0.3445
vn -0.2793 0.7615 -0.5849
vn -0.3180 -0.0030 -0.9481
vn -0.3574 0.0052 -0.9339
vn -0.1382 -0.3908 -0.9100
vn -0.3005 -0.4355 -0.8486
vn -0.3824 0.1403 -0.9133
vn 0.4104 0.4169 -0.8110
vn -0.3301 0.2163 -0.9188
vn -0.3990 0.3075 -0.8639
vn 0.0178 -0.5655 -0.8245
vn -0.3409 0.2101 -0.9163
vn -0.3275 0.6425 -0.6928
vn -0.3591 0.3326 -0.8720
vn -0.0533 0.5005 -0.8641
vn -0.3088 0.2607 -0.9147
vn -0.2346 0.2819 -0.9303
vn -0.7172 -0.3504 -0.6024
vn -0.2174 0.2030 -0.9547
vn -0.1268 0.2536 -0.9590
vn -0.2341 0.2384 -0.9425
vn -0.4220 0.1854 -0.8874
vn -0.2956 -0.2631 -0.9184
vn -0.3486 -0.3433 -0.8721
vn -0.3482 0.6320 -0.6924
vn -0.3423 0.6188 -0.7070
vn -0.4543 0.5060 -0.7332
vn -0.3843 0.5705 -0.7259
vn -0.2373 -0.6060 -0.7592
vn -0.2299 -0.5509 -0.8023
vn -0.2136 -0.5594 -0.8009
vn -0.0389 -0.9047 0.4243
vn -0.0811 -0.9699 0.2295
vn -0.0837 -0.9713 0.2227
vn -0.1500 -0.7211 -0.6764
vn -0.1867 -0.5765 -0.7955
vn -0.1106 -0.8322 -0.5433
vn -0.1965 -0.7663 -0.6117
vn -0.1488 -0.7844 -0.6022
vn -0.0074 0.9613 0.2754
vn -0.0622 0.1495 0.9868
vn -0.0487 0.9635 0.2633
vn -0.0212 0.9830 0.1824
vn 0.2356 0.9718 -0.0107
vn -0.0136 0.9823 0.1866
vn -0.0491 -0.9751 0.2163
vn -0.0900 -0.9824 0.1634
vn -0.0881 -0.9819 0.1676
vn -0.0068 -0.9999 -0.0080
vn -0.0468 -0.9753 0.2161
vn -0.2731 -0.8401 -0.4686
vn -0.1858 -0.8698 -0.4572
vn -0.1275 -0.8576 -0.4982
vn -0.3149 0.8773 -0.3622
vn -0.0295 0.9996 0.0015
vn -0.0434 0.9990 -0.0074
vn 0.1698 0.9675 -0.1874
vn -0.0283 0.9990 0.0346
vn -0.3605 -0.9092 -0.2083
vn -0.3888 -0.8512 -0.3527
vn -0.3849 -0.8822 -0.2713
vn -0.1134 -0.9855 0.1261
vn -0.0979 -0.9900 0.1012
vn -0.0987 -0.9902 0.0988
vn -0.0677 -0.9950 0.0732
vn -0.2965 -0.8560 -0.4235
vn -0.2673 -0.9149 -0.3026
vn -0.2740 -0.9165 -0.2915
vn -0.4539 0.8630 -0.2217
vn -0.0384 0.9991 0.0181
vn -0.0125 0.9996 0.0240
vn 0.0987 0.9483 -0.3018
vn -0.0096 0.9994 0.0328
vn -0.3091 0.9457 0.1011
vn -0.8954 -0.2424 0.3735
vn -0.4215 0.8421 0.3364
vn -0.1786 0.7037 0.6877
vn -0.1545 0.8810 0.4472
vn -0.0652 0.9842 0.1648
vn -0.4149 -0.5075 0.7552
vn -0.2683 0.0078 0.9633
vn -0.0380 -0.4820 0.8754
vn -0.0483 -0.5481 0.8350
vn -0.2271 -0.9182 0.3245
vn -0.0618 -0.4759 0.8773
vn 0.2085 0.9542 0.2146
vn 0.1450 0.9492 0.2793
vn 0.1347 0.9763 0.1694
vn 0.0871 0.9232 0.3744
vn 0.2425 0.9637 0.1117
vn 0.1994 0.9738 0.1092
vn 0.1434 0.9146 0.3781
vn 0.0623 0.9278 0.3679
vn 0.0764 0.9607 0.2667
vn -0.0518 0.9461 0.3197
vn 0.1652 0.9361 0.3105
vn 0.1505 0.9477 0.2816
vn 0.0114 0.8790 0.4766
vn -0.0556 0.9190 0.3904
vn -0.0027 0.9341 0.3571
vn 0.1755 0.9427 0.2839
vn 0.0706 0.9255 0.3720
vn -0.0754 0.9457 0.3161
vn -0.0333 0.9893 0.1422
vn -0.0732 0.9327 0.3532
vn -0.1156 0.9582 0.2618
vn -0.1638 0.9778 0.1308
vn -0.0520 -0.5637 0.8244
vn -0.0196 -0.9196 0.3924
vn -0.0308 -0.5148 0.8567
vn 0.1611 0.9863 0.0365
vn 0.1450 0.9584 0.2460
vn 0.1773 0.9728 0.1494
vn 0.0605 0.9318 0.3579
vn 0.1328 0.9272 0.3502
vn 0.0109 0.9129 0.4081
vn -0.0311 0.9255 0.3776
vn -0.1059 0.9433 0.3145
vn -0.1349 0.8977 0.4194
vn -0.1127 0.8788 0.4636
vn -0.0842 0.9942 0.0671
vn -0.1228 0.9682 0.2178
vn 0.0504 -0.7042 0.7083
vn 0.2310 -0.8279 0.5111
vn 0.0728 -0.7400 0.6686
vn 0.1371 -0.1818 0.9737
vn 0.0261 -0.6812 0.7316
vn 0.2715 -0.8325 0.4829
vn 0.2264 -0.8133 0.5360
vn 0.2300 -0.8106 0.5386
vn 0.2719 -0.9619 0.0269
vn 0.1402 -0.9573 0.2527
vn 0.2210 -0.8179 0.5312
vn 0.2531 -0.8581 0.4468
vn 0.2040 -0.8588 0.4700
vn 0.4170 -0.5347 0.7349
vn 0.2167 -0.8167 0.5349
vn 0.6029 -0.7389 0.3009
vn -0.0272 -0.9761 0.2155
vn 0.2615 -0.9140 0.3102
vn 0.2931 -0.9371 0.1896
vn 0.3093 -0.9171 0.2516
vn 0.5238 -0.5773 0.6264
vn 0.5341 -0.8360 0.1256
vn 0.0198 -0.9824 0.1859
vn -0.0376 -0.4124 0.9102
vn -0.1386 -0.8663 0.4799
vn -0.0409 -0.7914 0.6099
vn -0.1024 -0.9818 0.1599
vn 0.0565 -0.8449 0.5319
vn 0.1276 -0.6926 0.7099
vn 0.0366 -0.6714 0.7402
vn 0.0424 -0.6293 0.7760
vn 0.0239 -0.9919 0.1249
vn 0.1733 -0.9673 0.1854
vn -0.2186 -0.9600 -0.1751
vn 0.0024 -0.8148 0.5798
vn 0.0858 -0.8623 0.4991
vn 0.0045 -0.7672 0.6414
vn 0.1670 -0.8744 0.4555
vn 0.2064 -0.8632 0.4607
vn 0.1489 -0.9389 0.3103
vn 0.1723 -0.8602 0.4800
vn 0.1815 -0.9776 0.1065
vn 0.1505 -0.7369 0.6591
vn -0.0174 -0.4252 -0.9049
vn -0.0584 -0.2437 -0.9681
vn -0.0393 -0.4349 -0.8996
vn -0.0180 -0.4249 -0.9051
vn -0.0585 -0.2432 -0.9682
vn -0.0397 -0.4347 -0.8997
vn -0.0787 0.2438 -0.9666
vn -0.0741 -0.0009 -0.9972
vn -0.0701 -0.0005 -0.9975
vn -0.0571 -0.2380 -0.9696
vn -0.0786 0.2428 -0.9669
vn -0.0740 -0.0012 -0.9973
vn -0.0701 -0.0008 -0.9975
vn -0.0571 -0.2375 -0.9697
vn -0.0846 0.4352 -0.8964
vn -0.0889 0.5714 -0.8158
vn -0.0889 0.5692 -0.8174
vn -0.0938 0.2320 -0.9682
vn -0.0956 0.4730 -0.8758
vn -0.0846 0.4346 -0.8966
vn -0.0938 0.2311 -0.9684
vn -0.0888 0.5679 -0.8183
vn -0.0961 0.4719 -0.8764
vn -0.1239 -0.4182 -0.8999
vn -0.1781 -0.2369 -0.9551
vn -0.1282 -0.4310 -0.8932
vn -0.1247 -0.4091 -0.9039
vn -0.1784 -0.2258 -0.9577
vn -0.1416 -0.4207 -0.8961
vn -0.1877 0.2339 -0.9540
vn -0.2054 -0.0029 -0.9787
vn -0.1943 -0.0023 -0.9809
vn -0.1782 -0.2293 -0.9569
vn -0.1900 0.2218 -0.9564
vn -0.2063 -0.0035 -0.9785
vn -0.1950 -0.0026 -0.9808
vn -0.1785 -0.2174 -0.9596
vn -0.1846 0.4037 -0.8961
vn -0.1752 0.5608 -0.8092
vn -0.1770 0.4257 -0.8874
vn -0.2048 0.2244 -0.9527
vn -0.1857 0.3940 -0.9002
vn -0.1755 0.5589 -0.8104
vn -0.1802 0.4168 -0.8910
vn -0.2096 0.2110 -0.9547
vn -0.1872 0.4650 -0.8653
vn -0.0334 -0.6954 -0.7179
vn -0.1755 -0.2411 -0.9545
vn -0.1027 -0.4684 -0.8775
vn -0.1079 -0.5820 -0.8060
vn -0.0700 -0.2364 -0.9691
vn -0.0711 -0.4252 -0.9023
vn -0.1345 -0.4296 -0.8930
vn -0.2100 -0.0033 -0.9777
vn -0.0720 0.2012 -0.9769
vn -0.0667 -0.0008 -0.9978
vn -0.0660 -0.0012 -0.9978
vn -0.1337 0.4199 -0.8976
vn -0.1560 0.4088 -0.8992
vn -0.0835 0.4232 -0.9022
vn -0.1257 -0.5603 -0.8187
vn -0.0197 -0.5510 -0.8343
vn -0.0395 -0.6968 -0.7162
vn -0.0320 -0.8386 -0.5437
vn -0.0380 -0.7267 -0.6859
vn -0.1245 -0.5612 -0.8182
vn -0.0207 -0.5516 -0.8339
vn -0.0255 -0.7004 -0.7133
vn -0.0262 -0.8435 -0.5365
vn -0.0699 -0.2373 -0.9689
vn -0.1352 -0.4290 -0.8931
vn -0.0591 -0.2454 -0.9676
vn -0.0452 -0.4367 -0.8985
vn -0.0699 -0.2369 -0.9690
vn -0.0714 -0.4256 -0.9021
vn -0.1351 -0.4296 -0.8928
vn -0.0592 -0.2450 -0.9677
vn -0.0455 -0.4363 -0.8986
vn -0.0718 0.2014 -0.9769
vn -0.0397 0.0012 -0.9992
vn -0.0659 -0.0005 -0.9978
vn -0.0758 -0.0011 -0.9971
vn -0.0761 0.1971 -0.9774
vn -0.0718 0.2002 -0.9771
vn -0.0667 -0.0005 -0.9978
vn -0.0659 -0.0008 -0.9978
vn -0.0757 -0.0014 -0.9971
vn -0.0760 0.1959 -0.9777
vn -0.0893 0.5666 -0.8191
vn -0.0816 0.4215 -0.9031
vn -0.0967 0.4870 -0.8680
vn -0.0816 0.4206 -0.9036
vn -0.0886 0.5658 -0.8198
vn -0.1132 0.4865 -0.8663
vn -0.1387 -0.6941 -0.7064
vn -0.2574 -0.5454 -0.7977
vn -0.1203 -0.5705 -0.8124
vn -0.1343 -0.8309 -0.5400
vn -0.1386 -0.7183 -0.6817
vn -0.1331 -0.8309 -0.5403
vn -0.1468 -0.6885 -0.7102
vn -0.1421 -0.7594 -0.6350
vn -0.1924 -0.2265 -0.9548
vn -0.1953 -0.4160 -0.8881
vn -0.2673 -0.4140 -0.8701
vn -0.1786 -0.2298 -0.9567
vn -0.1455 -0.4234 -0.8942
vn -0.1933 -0.2143 -0.9575
vn -0.1961 -0.4058 -0.8927
vn -0.2685 -0.4043 -0.8743
vn -0.1629 -0.4130 -0.8961
vn -0.1791 -0.2176 -0.9595
vn -0.1462 -0.4143 -0.8983
vn -0.1796 0.1865 -0.9659
vn -0.1852 -0.0030 -0.9827
vn -0.1821 -0.0045 -0.9833
vn -0.2111 -0.0042 -0.9775
vn -0.1947 0.1796 -0.9643
vn -0.1796 0.1722 -0.9686
vn -0.1857 -0.0032 -0.9826
vn -0.1826 -0.0041 -0.9832
vn -0.2105 -0.0043 -0.9776
vn -0.2179 0.1977 -0.9558
vn -0.1938 0.1646 -0.9671
vn -0.2099 -0.0032 -0.9777
vn -0.1760 0.5578 -0.8111
vn -0.1775 0.4084 -0.8954
vn -0.1776 0.3980 -0.9000
vn -0.1968 0.3986 -0.8958
vn -0.1758 0.5539 -0.8138
vn -0.1241 0.7230 -0.6796
vn -0.0824 0.6600 -0.7468
vn -0.0901 0.5708 -0.8161
vn -0.1313 0.7069 -0.6950
vn -0.0897 0.6564 -0.7491
vn -0.1265 0.6928 -0.7099
vn -0.0945 0.6563 -0.7486
vn -0.0911 0.7339 -0.6731
vn -0.1019 0.6595 -0.7448
vn -0.2067 0.7141 -0.6689
vn -0.1644 0.6535 -0.7388
vn -0.1757 0.5636 -0.8072
vn -0.2134 0.6981 -0.6834
vn -0.1715 0.6500 -0.7404
vn -0.1756 0.5615 -0.8087
vn -0.2110 0.6839 -0.6984
vn -0.1790 0.6491 -0.7394
vn -0.1755 0.5593 -0.8102
vn -0.2305 0.6892 -0.6869
vn -0.1845 0.6512 -0.7362
vn -0.0324 -0.8937 -0.4475
vn -0.0315 -0.8439 -0.5355
vn -0.0222 -0.8479 -0.5296
vn -0.0096 -0.9228 -0.3851
vn -0.0439 -0.8925 -0.4489
vn -0.0460 -0.8557 -0.5154
vn -0.0500 -0.9221 -0.3837
vn -0.1362 -0.8837 -0.4478
vn -0.1339 -0.8361 -0.5320
vn -0.1147 -0.9205 -0.3735
vn -0.1349 -0.8871 -0.4415
vn -0.1542 -0.9130 -0.3777
vn -0.3081 -0.9378 -0.1599
vn -0.2762 -0.9480 -0.1584
vn -0.0212 0.9998 -0.0035
vn 0.0205 0.9200 -0.3915
vn -0.0089 1.0000 0.0027
vn -0.5898 0.8041 0.0749
vn -0.0209 0.9998 -0.0033
vn -0.0206 0.9998 -0.0032
vn 0.0523 0.9410 -0.3343
vn -0.0090 1.0000 0.0024
vn -0.6562 0.7546 0.0007
vn -0.0187 0.9998 -0.0014
vn 0.2003 0.9712 0.1287
vn 0.1195 0.9906 0.0664
vn 0.2615 0.9550 0.1399
vn 0.1413 0.9643 0.2241
vn 0.1994 0.9747 0.1010
vn 0.1206 0.9901 0.0723
vn 0.2180 0.9644 0.1499
vn 0.1943 0.9487 0.2495
vn -0.3144 -0.8114 -0.4928
vn -0.0400 0.9991 0.0168
vn 0.1031 0.9696 -0.2219
vn -0.0311 0.9990 0.0310
vn -0.3690 0.9090 -0.1941
vn -0.0405 0.9991 0.0154
vn -0.0416 0.9990 0.0146
vn 0.0992 0.9765 -0.1914
vn -0.0326 0.9991 0.0288
vn -0.4040 0.8832 -0.2384
vn -0.0421 0.9990 0.0132
vn -0.0432 0.9990 0.0123
vn 0.1167 0.9689 -0.2184
vn -0.0341 0.9991 0.0266
vn -0.4206 0.8716 -0.2517
vn -0.0440 0.9990 0.0102
vn 0.1456 0.9399 0.3088
vn 0.0707 0.9835 0.1667
vn 0.1664 0.9711 0.1712
vn 0.0691 0.9428 0.3262
vn 0.1340 0.9450 0.2983
vn 0.0500 0.9801 0.1923
vn 0.1734 0.9691 0.1756
vn 0.0147 0.9713 0.2375
vn 0.0483 0.9735 0.2237
vn 0.1882 0.9668 0.1727
vn 0.0352 0.9606 0.2756
vn -0.1165 -0.8407 -0.5289
vn -0.1326 -0.8627 -0.4880
vn -0.0293 0.9996 0.0019
vn 0.1953 0.9630 -0.1858
vn -0.0256 0.9995 0.0187
vn -0.2636 0.9134 -0.3101
vn -0.0293 0.9996 0.0014
vn -0.0295 0.9996 0.0010
vn 0.1861 0.9744 -0.1257
vn -0.0257 0.9995 0.0178
vn -0.2607 0.9095 -0.3239
vn -0.0295 0.9996 0.0006
vn -0.0297 0.9996 0.0002
vn 0.1941 0.9751 -0.1071
vn -0.0257 0.9995 0.0169
vn -0.2582 0.9069 -0.3331
vn -0.0297 0.9995 0.0079
vn 0.0501 0.9140 0.4026
vn 0.0315 0.9777 0.2077
vn 0.1242 0.9602 0.2500
vn -0.0385 0.9542 0.2966
vn 0.0466 0.9221 0.3842
vn 0.0173 0.9770 0.2124
vn 0.1174 0.9620 0.2467
vn -0.0301 0.9553 0.2939
vn -0.0150 0.9684 0.2489
vn 0.0914 0.9684 0.2321
vn -0.0600 0.9615 0.2683
vn -0.7106 0.0431 -0.7023
vn 0.1370 0.5782 -0.8043
vn 0.1494 0.4847 -0.8619
vn -0.9070 -0.0639 -0.4163
vn -0.7084 0.2648 -0.6542
vn 0.7292 0.6818 -0.0583
vn 0.8289 0.3970 0.3941
vn 0.6150 0.7110 0.3408
vn -0.7684 0.3486 -0.5367
vn -0.5897 0.1818 -0.7869
vn -0.5540 0.4025 -0.7287
vn -0.3469 0.3653 -0.8638
vn 0.3603 0.8522 -0.3794
vn 0.3683 0.7900 -0.4902
vn 0.8031 0.5121 0.3046
vn 0.4057 0.6567 0.6357
vn 0.5661 0.6946 0.4439
vn 0.2763 0.6121 0.7409
vn -0.5223 0.7334 0.4352
vn -0.6633 0.6244 0.4125
vn -0.6566 0.3709 -0.6568
vn -0.2557 0.3506 -0.9009
vn -0.5310 0.3473 -0.7729
vn 0.0064 0.2422 -0.9702
vn 0.4970 0.8302 -0.2527
vn 0.5745 0.7166 -0.3956
vn 0.5194 0.6336 0.5734
vn 0.1470 0.7742 0.6157
vn 0.3327 0.7732 0.5399
vn -0.0222 0.7795 0.6260
vn -0.5245 0.8462 0.0939
vn -0.6293 0.7761 0.0413
vn -0.9935 0.1135 0.0048
vn -0.8991 -0.0975 -0.4268
vn -0.8919 0.1348 -0.4317
vn -0.6640 0.1356 -0.7353
vn 0.1891 0.6789 -0.7094
vn 0.1810 0.6416 -0.7454
vn 0.6805 0.7328 0.0050
vn 0.8232 0.4317 0.3687
vn 0.6142 0.7300 0.2999
vn 0.5115 0.6632 0.5464
vn -0.3438 0.5272 0.7771
vn -0.3824 0.4817 0.7885
vn 0.6548 0.7517 0.0791
vn 0.7748 0.5037 0.3820
vn 0.5657 0.7813 0.2638
vn 0.4240 0.7501 0.5075
vn -0.4714 0.5794 0.6649
vn -0.5335 0.4929 0.6873
vn -0.9952 -0.0155 -0.0961
vn -0.8804 -0.2050 -0.4276
vn -0.8938 0.0608 -0.4442
vn -0.6308 0.0822 -0.7716
vn 0.2512 0.7110 -0.6568
vn 0.2388 0.6633 -0.7093
vn -0.7312 0.5751 -0.3669
vn -0.4961 0.5847 -0.6418
vn -0.6782 0.5431 -0.4950
vn -0.3303 0.5311 -0.7803
vn 0.3812 0.8786 -0.2877
vn 0.3963 0.8153 -0.4222
vn 0.8232 0.3906 0.4121
vn 0.4285 0.6451 0.6327
vn 0.5844 0.6541 0.4803
vn 0.2559 0.6481 0.7173
vn -0.4140 0.8397 0.3515
vn -0.5401 0.7742 0.3300
vn -0.8037 0.4318 -0.4095
vn -0.5417 0.4402 -0.7161
vn -0.7303 0.3967 -0.5562
vn -0.3441 0.3419 -0.8745
vn 0.3929 0.8565 -0.3348
vn 0.4269 0.7431 -0.5153
vn 0.7341 0.5286 0.4262
vn 0.3697 0.7370 0.5658
vn 0.5247 0.7219 0.4513
vn 0.2108 0.7536 0.6226
vn -0.4455 0.8616 0.2434
vn -0.5803 0.7847 0.2179
vn 0.8492 0.3325 0.4103
vn 0.4426 0.5998 0.6666
vn 0.6246 0.5798 0.5231
vn 0.2372 0.5950 0.7680
vn -0.5299 0.7792 0.3348
vn -0.6395 0.7042 0.3084
vn -0.7893 0.4671 -0.3985
vn -0.5236 0.4961 -0.6926
vn -0.7133 0.4304 -0.5531
vn -0.3027 0.4703 -0.8290
vn 0.4843 0.8254 -0.2901
vn 0.5047 0.7617 -0.4063
vn -0.5427 0.5854 -0.6023
vn -0.2258 0.5888 -0.7761
vn -0.4563 0.5520 -0.6979
vn -0.0006 0.5508 -0.8346
vn 0.4926 0.8619 -0.1201
vn 0.5474 0.8068 -0.2223
vn 0.6188 0.4027 0.6744
vn 0.1817 0.6434 0.7436
vn 0.3913 0.6491 0.6524
vn -0.0256 0.6563 0.7541
vn -0.5255 0.8340 0.1683
vn -0.6213 0.7759 0.1093
vn -0.5323 0.5756 -0.6207
vn -0.2241 0.5882 -0.7770
vn -0.4501 0.5383 -0.7125
vn 0.0131 0.5650 -0.8250
vn 0.4994 0.8618 -0.0885
vn 0.5562 0.8103 -0.1845
vn 0.6053 0.3972 0.6897
vn 0.1769 0.6440 0.7443
vn 0.3861 0.6413 0.6631
vn -0.0361 0.6638 0.7471
vn -0.5365 0.8328 0.1365
vn -0.6313 0.7722 0.0719
vn 0.5901 0.4013 0.7005
vn 0.1723 0.6452 0.7443
vn 0.3838 0.6358 0.6697
vn -0.0520 0.6736 0.7372
vn -0.5533 0.8263 0.1052
vn -0.6404 0.7671 0.0389
vn -0.5223 0.5695 -0.6348
vn -0.2222 0.5886 -0.7773
vn -0.4468 0.5293 -0.7213
vn 0.0322 0.5866 -0.8093
vn 0.5098 0.8584 -0.0572
vn 0.5634 0.8143 -0.1399
vn -0.1551 0.9671 0.2015
vn 0.2371 0.1429 0.9609
vn -0.3468 0.8163 0.4618
vn -0.2520 0.4153 -0.8741
vn -0.1542 0.9663 0.2060
vn -0.2525 0.4127 -0.8752
vn 0.2601 0.8613 -0.4365
vn 0.2412 0.1318 0.9615
vn -0.1444 0.9603 0.2385
vn -0.2533 0.4134 -0.8746
vn 0.2505 0.8501 -0.4632
vn 0.2463 0.1308 0.9603
vn -0.0862 0.9725 0.2163
vn 0.5691 0.0940 0.8168
vn -0.2229 0.7728 0.5943
vn -0.5674 0.3216 -0.7580
vn -0.0300 0.9995 -0.0081
vn -0.5856 0.1940 -0.7871
vn 0.1004 0.8234 -0.5585
vn 0.5307 0.3303 0.7805
vn -0.0505 0.9458 0.3208
vn -0.5546 0.4033 -0.7278
vn 0.0457 0.8550 -0.5167
vn 0.5727 0.1085 0.8126
vn -0.1849 0.9006 -0.3933
vn 0.6078 0.7873 0.1035
vn -0.7379 0.6070 0.2950
vn 0.0723 0.7246 0.6853
vn -0.0258 0.9827 -0.1832
vn -0.8589 0.5025 -0.0990
vn 0.5045 0.8490 -0.1568
vn -0.1813 0.6167 -0.7661
vn 0.0545 0.9735 -0.2222
vn -0.2692 0.0816 -0.9596
vn 0.3086 0.7663 -0.5636
vn 0.2165 0.4624 0.8598
vn -0.0413 0.9966 0.0711
vn -0.5657 0.5943 -0.5716
vn 0.0515 0.7921 -0.6082
vn 0.5496 0.2313 0.8028
vn -0.8919 0.3782 0.2478
vn 0.0049 0.9937 -0.1116
vn 0.5261 0.8170 -0.2362
vn 0.5588 0.5915 0.5813
vn 0.1140 -0.8827 0.4560
vn 0.0614 -0.9738 0.2190
vn 0.0242 -0.8516 0.5236
vn 0.0071 -0.9766 0.2149
vn -0.0434 -0.9507 0.3071
vn -0.0014 -0.8429 0.5380
vn -0.0861 -0.9826 0.1644
vn -0.0389 -0.9755 0.2164
vn -0.0778 -0.9890 0.1257
vn -0.0617 -0.9806 0.1863
vn -0.0490 -0.9807 0.1895
vn -0.4467 -0.7935 -0.4132
vn -0.0991 -0.9896 0.1040
vn -0.1145 -0.9856 0.1247
vn -0.1122 -0.9856 0.1264
vn -0.1293 -0.9862 0.1031
vn -0.1044 -0.9882 0.1117
vn -0.1177 -0.9862 0.1168
vn -0.2359 -0.8681 0.4368
vn -0.4073 -0.7925 -0.4539
vn -0.1069 -0.9854 0.1327
vn -0.0672 -0.9949 0.0747
vn -0.0678 -0.9947 0.0779
vn -0.0740 -0.9957 0.0560
vn -0.0237 -0.9934 0.1123
vn 0.0430 -0.9856 0.1637
vn -0.5920 -0.8059 -0.0061
vn -0.7156 -0.6133 -0.3342
vn -0.0815 -0.9879 0.1321
vn -0.0808 -0.9450 0.3169
vn -0.1098 -0.7710 -0.6273
vn -0.0574 -0.0525 -0.9970
vn -0.1807 -0.9073 -0.3797
vn -0.1611 -0.9441 -0.2876
vn 0.2287 -0.8114 0.5379
vn 0.1294 -0.8793 0.4583
vn 0.1715 -0.9848 -0.0266
vn -0.0365 -0.9662 0.2552
vn 0.4283 -0.5140 0.7432
vn 0.2282 -0.8118 0.5375
vn 0.1428 -0.8810 0.4510
vn 0.1964 -0.9803 0.0217
vn -0.0198 -0.9649 0.2618
vn 0.2701 -0.6179 0.7384
vn 0.1535 -0.8770 0.4553
vn 0.1813 -0.9815 0.0613
vn 0.0034 -0.9617 0.2741
vn 0.2742 -0.6100 0.7435
vn -0.3135 -0.8121 -0.4921
vn -0.1071 -0.9858 0.1295
vn -0.1046 -0.9859 0.1306
vn -0.2589 -0.8835 0.3902
vn -0.3470 -0.8156 -0.4631
vn -0.0854 -0.9836 0.1589
vn -0.0851 -0.9838 0.1579
vn -0.2358 -0.8999 0.3670
vn -0.0673 -0.9808 0.1832
vn -0.4428 -0.8009 -0.4032
vn -0.0815 -0.9831 0.1641
vn -0.2285 -0.8981 0.3759
vn 0.0332 -0.6712 0.7406
vn -0.0168 -0.7649 0.6439
vn 0.1378 -0.8985 0.4168
vn -0.0723 -0.9072 0.4145
vn 0.1237 -0.2646 0.9564
vn 0.0336 -0.6732 0.7387
vn -0.0102 -0.7827 0.6223
vn 0.1174 -0.9221 0.3688
vn -0.0764 -0.9301 0.3593
vn -0.0079 -0.4254 0.9050
vn -0.0082 -0.7945 0.6071
vn 0.0923 -0.9464 0.3096
vn -0.0740 -0.9483 0.3088
vn -0.0115 -0.5216 0.8531
vn -0.0743 -0.9951 -0.0656
vn -0.0537 -0.9213 0.3852
vn -0.0824 -0.9563 0.2807
vn -0.2327 -0.8439 0.4834
vn -0.0996 -0.9847 -0.1432
vn -0.0884 -0.9646 0.2484
vn -0.0918 -0.9679 0.2339
vn -0.2497 -0.8792 0.4058
vn -0.1019 -0.9792 0.1755
vn -0.1659 -0.9619 -0.2174
vn -0.0896 -0.9671 0.2379
vn -0.2718 -0.9118 0.3078
vn 0.4275 -0.0899 0.8995
vn 0.5678 -0.0618 0.8208
vn 0.5610 -0.1016 0.8215
vn 0.7127 -0.1834 0.6771
vn 0.3677 -0.7617 -0.5334
vn 0.5947 -0.6332 -0.4954
vn -0.4571 -0.1786 -0.8713
vn -0.5859 -0.1014 -0.8040
vn -0.5886 -0.1409 -0.7961
vn -0.7606 -0.1584 -0.6296
vn -0.4968 -0.5135 0.6996
vn -0.7002 -0.3605 0.6162
vn 0.5007 -0.0799 0.8619
vn 0.7248 -0.0901 0.6830
vn 0.7196 -0.1181 0.6843
vn 0.9164 -0.2674 0.2978
vn 0.3555 -0.5608 -0.7477
vn 0.4516 -0.4929 -0.7437
vn -0.5291 -0.2093 -0.8223
vn -0.7468 -0.1186 -0.6544
vn -0.7477 -0.1463 -0.6477
vn -0.9648 -0.1382 -0.2235
vn -0.4252 -0.2341 0.8743
vn -0.5051 -0.1552 0.8490
vn 0.6985 -0.2530 0.6694
vn 0.8552 -0.2330 0.4629
vn 0.8267 -0.2764 0.4901
vn -0.9957 -0.0770 -0.0515
vn -0.2381 -0.5007 0.8322
vn -0.3218 -0.3049 0.8964
vn -0.8801 0.0098 -0.4747
vn -0.8958 -0.4299 -0.1130
vn 0.3771 0.4080 0.8314
vn 0.3054 -0.9048 0.2967
vn 0.5252 -0.7270 0.4423
vn 0.0108 -0.9256 -0.3784
vn -0.1958 -0.8502 -0.4887
vn -0.0973 -0.8759 -0.4726
vn -0.3150 -0.8400 -0.4419
vn -0.4636 -0.6926 0.5526
vn -0.6351 -0.4164 0.6506
vn -0.1225 0.3917 0.9119
vn 0.2131 0.5201 0.8271
vn 0.0690 0.5392 0.8393
vn 0.7042 -0.1603 0.6917
vn 0.8716 -0.1357 0.4711
vn 0.8680 -0.1563 0.4714
vn 0.9596 -0.2591 0.1097
vn 0.2113 -0.5748 -0.7905
vn 0.3053 -0.4680 -0.8293
vn -0.7185 -0.1718 -0.6739
vn -0.8838 -0.0978 -0.4576
vn -0.8824 -0.1198 -0.4551
vn -0.9831 -0.1705 -0.0668
vn -0.2412 -0.4371 0.8665
vn -0.3269 -0.3223 0.8884
vn 0.7895 -0.5942 0.1536
vn 0.1424 -0.6935 -0.7062
vn 0.1883 -0.5477 -0.8152
vn 0.7547 -0.4759 0.4517
vn 0.6057 -0.7799 0.1574
vn -0.4674 0.0145 -0.8839
vn -0.8320 0.2580 -0.4911
vn -0.6950 0.1450 -0.7043
vn 0.4321 -0.0549 0.9002
vn 0.5737 -0.0227 0.8187
vn 0.5676 -0.0634 0.8209
vn 0.7098 -0.1335 0.6916
vn 0.4209 -0.7829 -0.4581
vn 0.6216 -0.6333 -0.4610
vn -0.4559 -0.2168 -0.8632
vn -0.5879 -0.1360 -0.7974
vn -0.5897 -0.1760 -0.7882
vn -0.7470 -0.1847 -0.6386
vn -0.5229 -0.5233 0.6729
vn -0.7069 -0.3561 0.6112
vn 0.1588 -0.2704 0.9496
vn 0.5429 -0.1830 0.8196
vn 0.4053 -0.1862 0.8950
vn 0.6662 -0.2416 0.7056
vn 0.3834 -0.8748 -0.2961
vn 0.5423 -0.7297 -0.4165
vn -0.1819 -0.3629 -0.9139
vn -0.5889 -0.1546 -0.7933
vn -0.4495 -0.1997 -0.8707
vn -0.7365 -0.1796 -0.6522
vn -0.4896 -0.6869 0.5370
vn -0.6685 -0.5252 0.5266
vn 0.6645 -0.2085 0.7176
vn 0.4574 -0.8567 -0.2383
vn 0.5881 -0.6941 -0.4151
vn -0.4483 -0.1972 -0.8719
vn -0.5844 -0.0927 -0.8062
vn -0.5883 -0.1507 -0.7945
vn -0.7273 -0.1719 -0.6645
vn -0.5127 -0.6895 0.5116
vn -0.6792 -0.5261 0.5118
vn 0.1263 -0.2590 0.9576
vn 0.5465 -0.1674 0.8205
vn 0.4052 -0.1792 0.8965
vn 0.3503 0.2710 0.8965
vn 0.2792 -0.9267 0.2517
vn 0.4799 -0.7900 0.3816
vn 0.0123 -0.8787 -0.4773
vn -0.2033 -0.7784 -0.5939
vn -0.1014 -0.8121 -0.5747
vn -0.3188 -0.7684 -0.5549
vn -0.4656 -0.7598 0.4539
vn -0.6356 -0.5184 0.5721
vn -0.1135 0.2371 0.9648
vn 0.2045 0.3681 0.9070
vn 0.0607 0.3863 0.9204
vn 0.3167 0.0990 0.9433
vn 0.2536 -0.9474 0.1951
vn 0.4306 -0.8538 0.2926
vn 0.0180 -0.8088 -0.5878
vn -0.2080 -0.6768 -0.7062
vn -0.1009 -0.7224 -0.6841
vn -0.3212 -0.6648 -0.6745
vn -0.4726 -0.8126 0.3411
vn -0.6419 -0.6148 0.4583
vn -0.1146 0.0503 0.9921
vn 0.1875 0.1815 0.9654
vn 0.0447 0.1968 0.9794
vn -0.3192 -0.5200 -0.7922
vn -0.4856 -0.8476 0.2138
vn -0.6564 -0.6889 0.3074
vn -0.1280 -0.1579 0.9791
vn 0.1606 -0.0303 0.9866
vn 0.0204 -0.0196 0.9996
vn 0.2749 -0.0990 0.9564
vn 0.2295 -0.9652 0.1251
vn 0.3821 -0.9075 0.1745
vn 0.0313 -0.7080 -0.7055
vn -0.2074 -0.5373 -0.8175
vn -0.0936 -0.6005 -0.7941
vn -0.4535 -0.8688 -0.1988
vn -0.1312 -0.9807 0.1450
vn 0.1600 0.0887 0.9831
vn 0.2495 -0.8458 0.4716
vn 0.2802 -0.8204 0.4985
vn -0.1189 -0.9663 0.2283
vn -0.1997 -0.6181 -0.7603
vn -0.4344 -0.8978 -0.0719
vn 0.3066 -0.8012 0.5139
vn -0.1104 -0.9458 0.3056
vn -0.1982 -0.7367 -0.6465
vn -0.4209 -0.9057 0.0508
vn -0.1367 -0.9150 -0.3796
vn 0.5930 -0.7870 0.1701
vn -0.0170 -0.9788 0.2040
vn -0.6663 -0.7236 0.1800
vn -0.2087 -0.9624 0.1736
vn 0.5489 -0.1358 0.8248
vn 0.5281 -0.8442 0.0916
vn -0.5802 -0.1048 -0.8077
vn -0.1040 -0.9790 0.1751
vn 0.3336 -0.4392 0.8341
vn -0.0296 -0.7599 -0.6493
vn 0.5775 -0.8088 -0.1110
vn -0.0979 -0.9939 0.0501
vn -0.9475 -0.3138 0.0617
vn 0.3510 -0.5058 0.7880
vn -0.0471 -0.9948 0.0899
vn 0.5402 -0.5216 0.6604
vn -0.3276 -0.5771 -0.7480
vn 0.5602 -0.6797 -0.4735
vn 0.3288 -0.7860 0.5235
vn -0.1050 -0.9194 0.3790
vn -0.1926 -0.8210 -0.5374
vn -0.4128 -0.8954 0.1671
vn 0.6573 -0.7533 -0.0235
vn 0.5343 -0.5331 0.6560
vn -0.0584 -0.9939 0.0938
vn -0.5163 -0.2820 -0.8086
vn 0.5239 -0.8349 -0.1686
vn 0.3130 -0.3899 0.8660
vn -0.0879 -0.9847 0.1506
vn -0.1780 -0.5154 -0.8383
vn -0.6758 -0.6221 0.3953
vn -0.1180 -0.9828 0.1422
vn 0.3278 -0.4374 0.8374
vn -0.0725 -0.6804 -0.7292
vn 0.5186 -0.8299 -0.2055
vn 0.0711 -0.9755 -0.2080
vn 0.1475 -0.8912 -0.4290
vn 0.1424 -0.8858 -0.4418
vn -0.0564 -0.9866 0.1532
vn 0.0894 -0.9818 -0.1677
vn -0.0998 -0.6754 -0.7306
vn 0.1246 -0.8373 -0.5323
vn -0.4314 -0.5382 -0.7240
vn -0.0404 -0.8698 -0.4918
vn 0.1475 0.0809 -0.9858
vn 0.2125 0.1006 -0.9720
vn 0.1443 -0.3886 -0.9100
vn 0.2603 -0.8776 -0.4027
vn 0.1682 -0.8911 -0.4215
vn 0.1418 -0.9815 -0.1286
vn 0.4945 -0.6022 -0.6268
vn 0.2074 -0.8247 -0.5262
vn 0.2594 -0.6627 -0.7025
vn 0.9662 -0.1963 -0.1672
vn 0.4849 -0.3081 -0.8185
vn 0.2663 0.0446 -0.9629
vn 0.1111 0.7689 -0.6297
vn -0.1329 -0.9536 0.2702
vn -0.0571 -0.9202 0.3873
vn -0.1209 -0.9505 0.2861
vn -0.0096 -0.9700 0.2428
vn -0.3928 -0.8846 -0.2516
vn 0.0696 0.9057 -0.4181
vn -0.0021 0.8398 -0.5429
vn -0.0275 0.8711 -0.4904
vn -0.3483 0.3203 -0.8810
vn -0.4051 0.3930 -0.8255
vn 0.0258 -0.8838 0.4671
vn -0.0595 -0.9264 0.3717
vn 0.0321 -0.8911 0.4527
vn 0.5950 -0.5241 0.6093
vn 0.1668 0.9066 -0.3876
vn 0.0842 0.8930 -0.4420
vn 0.2094 0.7251 -0.6561
vn 0.6279 0.7750 -0.0710
vn 0.1745 0.9122 -0.3708
vn 0.8948 0.2332 0.3808
vn 0.6176 0.7851 0.0462
vn -0.5911 -0.4283 -0.6835
vn -0.2759 -0.9268 -0.2547
vn -0.5199 -0.4315 -0.7373
vn -0.3969 -0.8972 -0.1935
vn -0.0735 -0.9723 0.2218
vn -0.0538 -0.9368 0.3456
vn -0.1155 -0.9651 0.2350
vn -0.2050 -0.9724 -0.1112
vn 0.0878 0.8913 -0.4448
vn 0.0237 0.8237 -0.5665
vn 0.0090 0.8251 -0.5649
vn -0.1728 0.4239 -0.8891
vn -0.2780 0.3052 -0.9108
vn 0.0348 -0.8986 0.4374
vn -0.0494 -0.9516 0.3033
vn 0.0682 -0.9039 0.4223
vn 0.6621 -0.3829 0.6442
vn 0.1872 0.9135 -0.3613
vn 0.1033 0.8929 -0.4382
vn 0.6830 0.7225 0.1077
vn 0.2734 0.9065 -0.3217
vn 0.8281 0.2798 0.4857
vn 0.8494 0.2696 0.4537
vn 0.8317 0.2932 0.4714
vn -0.4468 -0.4658 -0.7639
vn -0.3771 -0.5075 -0.7747
vn -0.3274 -0.9091 -0.2575
vn 0.1396 -0.3413 -0.9295
vn -0.0351 -0.9795 0.1986
vn -0.0517 -0.9843 0.1690
vn -0.1533 -0.5739 -0.8045
vn 0.1788 0.8674 -0.4644
vn 0.0711 0.8056 -0.5881
vn 0.4985 -0.7933 0.3494
vn 0.5840 -0.3218 -0.7453
vn 0.9033 0.0728 0.4229
vn 0.4841 0.8747 -0.0222
vn 0.0116 0.9894 -0.1444
vn 0.4685 0.2796 0.8380
vn 0.6143 0.6920 0.3792
vn 0.7979 0.3633 0.4810
vn 0.8066 0.4898 0.3310
vn -0.0203 0.0965 -0.9951
vn -0.1975 -0.8885 -0.4142
vn -0.2941 -0.5797 -0.7599
vn 0.1423 0.6637 0.7343
vn 0.2272 0.8447 0.4847
vn 0.1496 0.5456 0.8246
vn 0.1866 0.8974 0.3999
vn 0.0118 0.9998 0.0186
vn 0.2122 0.9481 0.2367
vn 0.2496 0.9290 -0.2732
vn 0.1316 0.6383 -0.7584
vn 0.2271 0.8445 -0.4850
vn -0.0199 0.2946 -0.9554
vn 0.1434 0.5494 -0.8232
vn 0.4832 0.6363 0.6013
vn 0.2165 0.4845 0.8476
vn 0.0492 0.1762 0.9831
vn 0.6353 0.7702 -0.0566
vn 0.4290 0.6970 -0.5746
vn 0.2689 0.8087 -0.5232
vn 0.2164 0.4843 -0.8477
vn 0.0286 0.1082 0.9937
vn -0.0479 0.2796 0.9589
vn -0.0547 0.2319 0.9712
vn -0.0609 0.2328 -0.9706
vn 0.0486 0.1747 -0.9834
vn -0.0508 0.2804 -0.9585
vn 0.0260 0.1070 -0.9939
vn 0.1465 0.1352 0.9799
vn 0.1443 0.0684 0.9872
vn 0.0357 0.1361 0.9900
vn 0.1429 0.0663 -0.9875
vn 0.0356 0.1366 -0.9900
vn 0.1535 0.0824 -0.9847
vn -0.2746 0.6800 0.6798
vn -0.3352 0.9421 -0.0000
vn -0.3924 0.9198 -0.0000
vn -0.2747 0.6799 -0.6799
vn 0.9996 0.0293 -0.0004
vn 0.7082 0.0153 -0.7058
vn 0.9997 -0.0257 -0.0000
vn 0.7082 0.0154 0.7058
vn 0.6762 0.0443 0.7354
vn 0.0648 0.2437 0.9677
vn 0.1439 0.9896 0.0009
vn -0.0190 0.3570 0.9339
vn 0.0662 0.2469 -0.9668
vn -0.0190 0.3570 -0.9339
vn -0.0204 0.9998 -0.0000
vn 0.1477 0.1821 0.9721
vn 0.2652 0.9642 0.0076
vn 0.1513 0.0815 0.9851
vn 0.9231 0.3845 -0.0001
vn 0.2439 0.9698 0.0071
vn 0.1485 0.1837 -0.9717
vn -0.1985 0.8190 0.5384
vn -0.2442 0.8223 -0.5140
vn -0.3177 0.9482 -0.0000
vn 0.7665 0.0744 -0.6379
vn 0.7902 0.0577 0.6102
vn 0.9986 -0.0536 -0.0000
vn 0.1437 -0.6983 -0.7012
vn 0.2120 -0.8445 -0.4919
vn 0.1583 -0.5624 -0.8116
vn 0.1519 -0.9120 -0.3810
vn 0.0193 -0.9998 -0.0058
vn 0.1003 -0.9658 -0.2393
vn 0.1102 -0.9703 0.2151
vn 0.1119 -0.6640 0.7393
vn 0.2120 -0.8423 0.4955
vn 0.0154 -0.4444 0.8957
vn 0.1503 -0.5654 0.8110
vn 0.5090 -0.5813 -0.6349
vn 0.2067 -0.4811 -0.8520
vn 0.0719 -0.2624 -0.9623
vn 0.7114 -0.6999 0.0631
vn 0.4463 -0.6171 0.6481
vn 0.2621 -0.8034 0.5346
vn 0.2067 -0.4813 0.8519
vn 0.0608 -0.2433 -0.9680
vn 0.1552 -0.9879 -0.0003
vn 0.0149 -0.4117 -0.9112
vn 0.0622 -0.2441 0.9677
vn 0.0149 -0.4118 0.9112
vn 0.0728 -0.2616 0.9624
vn 0.1567 -0.9876 -0.0001
vn 0.1408 -0.1649 -0.9762
vn 0.2433 -0.9699 -0.0087
vn 0.6965 0.0090 -0.7175
vn 0.3608 -0.9315 -0.0461
vn 0.1465 -0.1795 -0.9728
vn 0.1434 -0.1696 0.9750
vn 0.7385 -0.0910 0.6681
vn 0.9925 0.1224 -0.0000
vn 0.0044 -0.8677 -0.4970
vn -0.0632 -0.8962 0.4392
vn -0.0971 -0.9953 -0.0000
vn -0.5628 0.7674 0.3072
vn -0.5593 0.8126 0.1638
vn -0.5693 0.6970 0.4360
vn -0.5593 0.8126 -0.1638
vn -0.5584 0.8296 -0.0000
vn -0.7706 0.6374 -0.0000
vn -0.6098 -0.7926 -0.0006
vn -0.6095 -0.7765 0.1597
vn -0.5181 -0.8388 -0.1672
vn -0.6091 -0.7322 0.3048
vn -0.6089 -0.6639 0.4342
vn -0.7968 -0.5551 0.2388
vn -0.6086 -0.5705 0.5515
vn -0.6075 -0.4511 0.6538
vn -0.7963 -0.4350 0.4204
vn -0.6056 -0.3132 0.7316
vn -0.6028 -0.1601 0.7817
vn -0.7946 -0.2377 0.5586
vn -0.5991 0.0001 0.8007
vn -0.5945 0.1626 0.7875
vn -0.7912 0.0028 0.6116
vn -0.5893 0.3181 0.7427
vn -0.5836 0.4638 0.6665
vn -0.7860 0.2468 0.5668
vn -0.5770 0.5938 0.5607
vn -0.7796 0.4564 0.4289
vn -0.5613 0.7695 -0.3046
vn -0.6074 -0.7322 -0.3082
vn -0.5213 -0.7907 -0.3209
vn -0.6069 -0.5691 -0.5548
vn -0.5288 -0.6114 -0.5887
vn -0.6038 -0.3106 -0.7341
vn -0.5320 -0.3343 -0.7779
vn -0.5973 0.0036 -0.8020
vn -0.5271 -0.0007 -0.8498
vn -0.5875 0.3219 -0.7424
vn -0.5055 0.4945 -0.7071
vn -0.5753 0.5972 -0.5589
vn -0.4830 0.7485 -0.4544
vn -0.9455 0.3021 0.1217
vn -0.9319 0.2111 0.2948
vn -0.9230 0.2827 0.2612
vn -0.9434 0.3316 0.0006
vn -0.9225 0.3569 0.1469
vn -0.7719 0.6221 0.1308
vn -0.9470 0.2928 -0.1323
vn -0.9252 0.3794 -0.0000
vn -0.8935 0.4265 -0.1404
vn -0.7575 0.6386 -0.1358
vn -0.7716 0.5875 -0.2440
vn -0.9474 0.2297 -0.2227
vn -0.9471 0.1353 -0.2911
vn -0.9229 0.2828 -0.2612
vn -0.7843 0.3566 -0.5077
vn -0.9483 0.0074 -0.3172
vn -0.9259 0.1530 -0.3455
vn -0.7899 0.1264 -0.6000
vn -0.9496 -0.1187 -0.2903
vn -0.9280 0.0033 -0.3727
vn -0.7943 -0.1206 -0.5954
vn -0.9501 -0.2223 -0.2190
vn -0.9289 -0.1444 -0.3411
vn -0.7968 -0.3432 -0.4973
vn -0.9502 -0.2865 -0.1226
vn -0.9288 -0.2673 -0.2566
vn -0.7974 -0.5037 -0.3324
vn -0.9498 -0.3128 -0.0034
vn -0.9309 -0.3355 -0.1445
vn -0.7987 -0.5884 -0.1260
vn -0.9529 -0.2754 0.1270
vn -0.9342 -0.3567 -0.0000
vn -0.7987 -0.5884 0.1260
vn -0.9523 -0.2151 0.2165
vn -0.9309 -0.3356 0.1444
vn -0.9500 -0.1266 0.2855
vn -0.9288 -0.2672 0.2566
vn -0.9493 -0.0014 0.3144
vn -0.9289 -0.1444 0.3410
vn -0.9484 0.1256 0.2912
vn -0.9280 0.0033 0.3727
vn -0.9259 0.1530 0.3455
vn -0.0850 0.0582 0.9947
vn 0.0082 0.0560 0.9984
vn 0.0863 -0.0425 0.9954
vn -0.1703 -0.0161 0.9853
vn -0.1897 -0.2426 0.9514
vn -0.0502 -0.3177 0.9469
vn -0.1558 -0.1734 0.9724
vn 0.0204 -0.4681 0.8835
vn 0.2518 -0.3363 0.9075
vn -0.0346 0.1602 0.9865
vn 0.1531 0.0951 0.9836
vn 0.3076 -0.0080 0.9515
vn 0.3816 0.2125 0.8996
vn -0.0486 0.1931 0.9800
vn -0.0468 0.2348 0.9709
vn 0.1110 0.2837 0.9525
vn 0.7544 -0.4721 0.4561
vn 0.6760 -0.3688 0.6380
vn 0.4018 -0.1963 0.8944
vn 0.4539 -0.4617 0.7621
vn 0.6495 -0.6315 0.4234
vn 0.5325 -0.5759 0.6203
vn 0.4874 -0.7663 0.4186
vn 0.3536 -0.7499 0.5591
vn 0.4797 0.8658 0.1426
vn 0.3235 0.8721 0.3672
vn 0.0760 0.7442 0.6636
vn 0.3040 0.7465 0.5919
vn 0.6306 0.7583 0.1653
vn 0.5320 0.7584 0.3765
vn 0.7368 0.6180 0.2740
vn 0.6404 0.5837 0.4991
vn -0.0335 0.3794 0.9246
vn -0.4962 0.1999 0.8449
vn 0.2474 0.3738 0.8939
vn -0.2544 0.2467 0.9351
vn -0.8509 0.1561 0.5017
vn -0.6259 0.1741 0.7602
vn 0.0336 0.0215 0.9992
vn 0.1307 -0.0091 0.9914
vn -0.4696 0.1690 0.8666
vn -0.1954 0.1336 0.9716
vn -0.2684 0.3017 0.9148
vn -0.5374 -0.1945 0.8206
vn -0.5199 -0.5685 0.6376
vn -0.7428 -0.6608 0.1081
vn -0.8153 -0.1317 0.5638
vn 0.3208 0.5114 0.7972
vn -0.3763 0.1733 0.9102
vn -0.1445 0.3639 0.9202
vn 0.1279 0.6111 0.7812
vn -0.1266 0.0642 0.9899
vn -0.7782 0.3333 0.5323
vn -0.7541 0.6511 0.0858
vn -0.5051 0.6778 0.5343
vn 0.1475 -0.5306 0.8347
vn -0.3777 0.2676 0.8864
vn -0.1482 -0.0289 0.9885
vn 0.2383 -0.3152 0.9186
vn 0.3020 -0.0851 0.9495
vn 0.0605 0.0807 0.9949
vn 0.1171 -0.2996 0.9469
vn -0.4592 0.2854 0.8413
vn -0.5606 0.3751 0.7382
vn -0.2139 -0.2178 0.9523
vn -0.5368 0.6464 0.5422
vn -0.0542 -0.9925 -0.1100
vn -0.3863 -0.8464 0.3667
vn -0.4027 -0.5644 0.7206
vn -0.4615 -0.6556 0.5977
vn -0.3140 -0.5032 0.8051
vn -0.2137 -0.5993 0.7715
vn -0.1298 -0.9912 0.0254
vn -0.0837 -0.9713 -0.2227
vn -0.1869 -0.8168 0.5457
vn 0.0180 -0.9618 -0.2731
vn -0.7936 0.3265 -0.5134
vn -0.8887 0.2100 0.4076
vn -0.9727 0.1109 0.2038
vn -0.6729 0.6923 0.2607
vn -0.8334 -0.3328 -0.4413
vn -0.7520 -0.5563 0.3537
vn -0.1638 0.9790 -0.1215
vn -0.6300 0.3595 -0.6884
vn -0.0333 0.9421 -0.3336
vn 0.4640 0.5050 -0.7277
vn -0.0934 0.5562 -0.8258
vn 0.2708 0.6645 -0.6965
vn -0.0184 0.4541 -0.8908
vn 0.6066 0.7025 -0.3721
vn 0.6211 0.7095 -0.3329
vn 0.1244 0.9746 -0.1861
vn 0.2347 0.9420 -0.2397
vn 0.0672 -0.9668 -0.2466
vn 0.0351 -0.9681 -0.2481
vn 0.0052 -0.9487 -0.3162
vn -0.0736 -0.9737 -0.2158
vn -0.0384 -0.9497 -0.3107
vn -0.0652 -0.9486 -0.3096
vn -0.1006 -0.9871 -0.1244
vn 0.7314 -0.5938 0.3352
vn 0.1319 -0.6100 0.7813
vn 0.7980 -0.5902 0.1216
vn 0.0469 -0.7095 0.7031
vn 0.0745 -0.4569 0.8864
vn 0.8306 -0.3088 -0.4633
vn 0.8273 -0.2738 -0.4906
vn -0.4855 -0.2451 0.8392
vn -0.8833 -0.0945 0.4592
vn -0.8390 -0.1122 0.5324
vn -0.9479 0.0579 -0.3133
vn -0.3431 -0.3660 -0.8651
vn -0.9830 0.0461 -0.1777
vn -0.5335 -0.5744 -0.6209
vn -0.1843 -0.1847 -0.9654
vn -0.8509 0.2283 0.4731
vn -0.8366 0.3116 0.4506
vn 0.3769 -0.4112 -0.8300
vn 0.7218 -0.5422 -0.4301
vn 0.6728 -0.5135 -0.5326
vn 0.5303 -0.7771 -0.3390
vn -0.0179 0.0463 -0.9988
vn -0.0951 0.0503 -0.9942
vn 0.0863 -0.0426 -0.9954
vn 0.1338 -0.0079 -0.9910
vn 0.1380 -0.2398 -0.9610
vn 0.3018 -0.0862 -0.9495
vn -0.1938 -0.0311 -0.9806
vn -0.1703 -0.0161 -0.9853
vn -0.0517 -0.3228 -0.9451
vn -0.2052 -0.2556 -0.9448
vn -0.0289 0.3280 -0.9442
vn -0.0468 0.2348 -0.9709
vn 0.1110 0.2837 -0.9525
vn 0.2475 0.3690 -0.8959
vn 0.2901 0.2014 -0.9356
vn -0.0487 0.1934 -0.9799
vn -0.1235 0.2140 -0.9690
vn -0.0348 0.1515 -0.9878
vn 0.1531 0.0951 -0.9836
vn 0.7589 -0.4617 -0.4592
vn 0.6760 -0.3688 -0.6380
vn 0.6478 -0.6345 -0.4217
vn 0.7582 -0.2444 -0.6045
vn 0.2724 -0.7994 -0.5355
vn 0.5325 -0.5759 -0.6203
vn 0.4833 -0.7747 -0.4078
vn 0.3536 -0.7499 -0.5591
vn 0.3948 -0.5173 -0.7593
vn 0.1181 -0.5334 -0.8376
vn 0.4673 0.8729 -0.1400
vn 0.3235 0.8721 -0.3671
vn 0.6324 0.7559 -0.1693
vn 0.2437 0.9461 -0.2131
vn 0.7447 0.4759 -0.4680
vn 0.5320 0.7584 -0.3765
vn 0.7514 0.6048 -0.2638
vn 0.6404 0.5837 -0.4991
vn 0.3687 0.6807 -0.6330
vn 0.3190 0.4931 -0.8094
vn -0.0394 0.3511 -0.9355
vn -0.7974 -0.0978 -0.5955
vn -0.8575 0.1442 -0.4938
vn -0.4682 0.1862 -0.8638
vn -0.6259 0.1741 -0.7602
vn -0.4909 0.1759 -0.8532
vn 0.0404 0.0214 -0.9990
vn -0.1925 0.1263 -0.9731
vn 0.2660 0.2708 -0.9252
vn 0.3044 -0.0116 -0.9525
vn -0.1684 0.3549 -0.9196
vn -0.6193 -0.2662 -0.7387
vn -0.6024 -0.4849 -0.6340
vn 0.0812 0.7411 -0.6664
vn -0.3361 0.0819 -0.9383
vn 0.1383 0.5999 -0.7881
vn -0.7427 -0.6609 -0.1079
vn -0.1445 0.3640 -0.9201
vn -0.6445 0.1691 -0.7457
vn -0.1099 0.0096 -0.9939
vn -0.7206 0.4039 -0.5635
vn 0.3998 -0.1976 -0.8950
vn -0.3284 0.1352 -0.9348
vn 0.2281 -0.3255 -0.9176
vn -0.7165 0.5480 -0.4316
vn -0.7540 0.6512 -0.0859
vn -0.1479 -0.0287 -0.9886
vn 0.0604 0.0807 -0.9949
vn -0.4456 0.2954 -0.8451
vn -0.2270 -0.2534 -0.9404
vn -0.5421 0.6440 -0.5398
vn -0.5044 0.2693 -0.8204
vn 0.0184 -0.4709 -0.8820
vn 0.1783 -0.2339 -0.9558
vn -0.6925 0.5407 -0.4776
vn -0.5606 0.3751 -0.7382
vn -0.0464 -0.9903 0.1306
vn -0.3863 -0.8463 -0.3667
vn -0.1551 -0.9875 0.0277
vn -0.5185 -0.5454 -0.6586
vn -0.3138 -0.4933 -0.8113
vn -0.3140 -0.5032 -0.8051
vn -0.1297 -0.9912 -0.0252
vn -0.1869 -0.8168 -0.5457
vn -0.2040 -0.6053 -0.7694
vn -0.7365 0.4474 0.5074
vn -0.9624 0.1083 -0.2491
vn -0.1286 0.5905 0.7967
vn -0.4575 0.3300 0.8257
vn -0.0138 0.4386 0.8986
vn -0.9185 0.2197 -0.3288
vn -0.8952 0.1046 -0.4333
vn -0.6612 -0.4966 0.5623
vn -0.3552 0.9332 0.0554
vn 0.4362 0.4919 0.7535
vn 0.6155 0.7090 0.3442
vn 0.6817 0.5325 0.5017
vn 0.1448 0.9405 0.3074
vn 0.0461 0.9963 0.0729
vn 0.2348 0.7096 0.6643
vn -0.0416 0.9422 0.3325
vn 0.0641 -0.9666 0.2480
vn 0.0175 -0.9687 0.2477
vn 0.0351 -0.9681 0.2481
vn -0.0859 -0.9807 0.1756
vn 0.0132 -0.9826 0.1852
vn -0.0575 -0.9595 0.2757
vn -0.0830 -0.9692 0.2319
vn -0.0652 -0.9486 0.3097
vn 0.0052 -0.9487 0.3162
vn 0.7168 -0.5706 -0.4008
vn 0.2090 -0.5059 -0.8369
vn 0.0729 -0.4349 -0.8975
vn 0.8285 -0.3108 0.4659
vn 0.8828 -0.3450 0.3188
vn 0.3140 -0.9171 0.2457
vn 0.2479 -0.9625 0.1099
vn 0.6580 -0.6379 0.4002
vn -0.1210 -0.9170 0.3801
vn 0.4087 -0.7389 0.5357
vn 0.3002 -0.8612 -0.4102
vn -0.0109 -0.9480 -0.3182
vn -0.4928 -0.3187 -0.8097
vn -0.8456 -0.1066 -0.5231
vn -0.1922 -0.7098 -0.6777
vn -0.8841 -0.0904 -0.4585
vn -0.8974 -0.0485 -0.4385
vn -0.1334 -0.9851 -0.1083
vn -0.7243 -0.5655 -0.3945
vn 0.8537 -0.3013 0.4247
vn -0.8852 0.0371 0.4637
vn -0.4631 -0.1836 0.8671
vn -0.2219 -0.2146 0.9512
vn -0.8387 0.3087 -0.4488
vn -0.8519 0.2250 -0.4730
vn -0.9118 0.2398 -0.3334
vn -0.6064 -0.7464 -0.2741
vn -0.2252 -0.9699 0.0925
vn -0.4753 -0.7959 -0.3750
vn -0.0540 -0.9963 0.0671
vn 0.1215 -0.9697 -0.2120
vn -0.5688 -0.6729 0.4730
vn -0.0620 -0.8694 0.4902
vn 0.3590 -0.4505 0.8174
vn 0.6810 -0.5161 0.5195
vn -0.1431 -0.5632 0.8138
vn 0.7243 -0.5401 0.4286
vn 0.7453 -0.5224 0.4143
vn 0.2096 -0.9194 0.3329
vn 0.5275 -0.7676 0.3641
vn -0.5104 -0.2130 0.8331
vn -0.4513 -0.2955 0.8421
vn -0.4727 -0.2800 0.8355
vn -0.5417 0.0237 0.8403
vn -0.4537 0.2949 0.8409
vn -0.4122 0.3089 0.8571
vn -0.3598 0.2613 0.8957
vn -0.3264 0.0136 0.9451
vn -0.3372 -0.0511 0.9401
vn -0.3802 -0.2184 0.8988
vn -0.5084 -0.2036 -0.8367
vn -0.4723 -0.2669 -0.8400
vn -0.4170 -0.2596 -0.8710
vn -0.5378 0.0228 -0.8427
vn -0.5266 0.0852 -0.8458
vn -0.5164 0.0108 -0.8563
vn -0.4495 0.2816 -0.8478
vn -0.4153 0.2928 -0.8613
vn -0.3857 0.2967 -0.8736
vn -0.3354 0.0248 -0.9418
vn -0.3417 -0.0492 -0.9385
vn -0.3103 0.0335 0.9501
vn -0.3761 0.1781 0.9093
vn -0.3191 0.0627 0.9457
vn -0.3994 -0.2637 -0.8780
vn -0.3814 -0.2144 -0.8992
vn -0.3621 -0.1488 -0.9202
vn -0.3722 -0.1720 -0.9121
vn -0.5194 -0.1541 0.8405
vn -0.5392 -0.0576 0.8402
vn -0.5321 -0.0868 0.8422
vn -0.3279 0.0675 -0.9423
vn -0.3801 0.1855 -0.9061
vn -0.3523 0.1737 -0.9196
vn -0.3393 0.1056 -0.9347
vn -0.3584 -0.1538 0.9208
vn -0.3358 -0.1134 0.9351
vn -0.3971 -0.2728 0.8763
vn -0.3690 -0.1781 0.9122
vn -0.4622 0.3317 -0.8224
vn -0.5146 0.1270 -0.8480
vn -0.5095 0.1458 -0.8481
vn -0.5355 -0.0557 -0.8427
vn -0.5508 -0.0062 -0.8346
vn -0.5167 -0.1479 -0.8433
vn -0.5287 -0.0837 -0.8447
vn -0.5173 0.1321 0.8455
vn -0.5300 0.0884 0.8434
vn -0.4614 0.3452 0.8173
vn -0.5118 0.1520 0.8455
vn -0.3459 0.2110 0.9142
vn 0.0459 0.8354 0.5478
vn 0.0645 0.5685 0.8201
vn 0.0771 0.1978 0.9772
vn -0.0144 -0.9827 -0.1846
vn -0.0918 -0.5258 0.8456
vn -0.0701 -0.9821 -0.1749
vn -0.1650 -0.5740 0.8021
vn -0.1872 -0.2157 0.9583
vn -0.1966 0.5671 0.7999
vn -0.1536 0.5750 0.8036
vn -0.1341 -0.9725 -0.1907
vn -0.2292 -0.5505 0.8027
vn -0.1406 -0.9704 -0.1962
vn -0.2178 -0.9611 -0.1698
vn -0.4035 -0.8354 0.3731
vn -0.3605 -0.9092 0.2083
vn -0.3849 -0.8822 0.2713
vn -0.4566 0.2731 0.8467
vn -0.3856 -0.9147 -0.1205
vn 0.0348 0.9554 0.2932
vn 0.0493 -0.3763 0.9252
vn 0.1761 -0.8825 0.4361
vn 0.2537 0.9469 -0.1973
vn 0.2694 0.9412 -0.2037
vn 0.2778 -0.1559 0.9479
vn 0.1667 0.9475 -0.2728
vn -0.2674 0.7782 -0.5682
vn -0.4814 0.4310 -0.7632
vn -0.3674 0.3868 -0.8458
vn -0.2407 0.3365 -0.9104
vn 0.9498 0.0927 0.2988
vn 0.8968 0.2315 0.3770
vn 0.4902 0.3264 0.8082
vn 0.7721 0.2556 0.5818
vn -0.2120 0.3044 -0.9287
vn -0.1889 0.2930 -0.9373
vn -0.1336 0.2650 -0.9550
vn -0.0686 0.2733 -0.9595
vn 0.2617 0.9406 -0.2164
vn -0.0149 0.1051 0.9943
vn -0.2363 0.2977 0.9249
vn 0.0085 0.0536 0.9985
vn -0.0143 0.0707 0.9974
vn -0.0106 0.0733 0.9973
vn 0.0087 0.0553 0.9984
vn 0.0076 0.0556 0.9984
vn 0.6993 0.3719 0.6104
vn 0.5465 0.6156 0.5678
vn 0.7382 0.2722 -0.6172
vn 0.6316 0.5034 -0.5897
vn -0.2340 0.2699 -0.9340
vn -0.2407 0.3699 -0.8974
vn 0.6239 0.5043 0.5970
vn -0.0256 -0.9812 0.1910
vn 0.0641 -0.2177 0.9739
vn 0.0079 -0.9402 0.3404
vn -0.0012 0.9257 0.3784
vn -0.3961 -0.2147 0.8928
vn -0.1479 -0.9806 -0.1290
vn -0.4636 -0.8774 0.1236
vn -0.6002 0.3548 0.7168
vn 0.0420 0.8769 0.4788
vn 0.9991 -0.0400 0.0169
vn 0.6694 0.6788 0.3019
vn 0.2255 0.8707 0.4370
vn 0.0208 0.9319 0.3621
vn -0.0145 0.9714 0.2369
vn -0.5191 -0.7732 0.3643
vn 0.6104 -0.7674 -0.1962
vn 0.6464 0.7468 0.1564
vn 0.0348 0.9790 0.2008
vn -0.7615 -0.3627 0.5371
vn -0.4506 0.5693 0.6877
vn -0.1506 0.9297 0.3361
vn -0.4703 -0.6979 0.5402
vn 0.5455 -0.7294 -0.4128
vn 0.8192 0.3651 -0.4422
vn 0.5284 -0.7407 -0.4148
vn -0.4756 0.3894 0.7888
vn -0.2672 0.2863 -0.9201
vn -0.2296 0.2871 -0.9300
vn -0.1218 0.2191 -0.9681
vn 0.9803 0.1761 -0.0893
vn 0.3961 -0.7001 0.5941
vn 0.9603 0.2783 0.0210
vn 0.0337 0.4010 0.9154
vn -0.7560 0.0192 0.6543
vn -0.1517 -0.4103 0.8992
vn -0.4125 0.4857 0.7706
vn 0.4343 -0.0522 0.8993
vn -0.0496 0.7693 0.6370
vn -0.4641 0.1816 0.8670
vn -0.1488 -0.7981 0.5838
vn -0.3958 -0.8487 0.3509
vn -0.1275 -0.8576 0.4982
vn -0.2681 -0.9606 -0.0729
vn -0.2492 -0.9674 0.0461
vn -0.0238 0.9997 0.0038
vn -0.0384 0.9991 -0.0180
vn -0.3299 0.9105 0.2494
vn -0.0296 0.9996 -0.0013
vn -0.1859 0.9264 0.3276
vn -0.2741 -0.5893 0.7600
vn -0.3286 -0.4360 0.8378
vn -0.2529 0.9643 -0.0787
vn -0.0263 0.9830 -0.1818
vn -0.0906 -0.4971 -0.8630
vn 0.2250 0.9678 -0.1124
vn 0.2798 0.9470 0.1576
vn 0.1540 0.9505 -0.2699
vn 0.2302 0.9731 0.0085
vn 0.2808 0.9539 -0.1056
vn 0.5848 -0.7072 -0.3974
vn 0.0323 -0.6791 -0.7333
vn 0.0999 -0.7173 -0.6896
vn -0.2123 -0.5033 0.8376
vn -0.0889 0.5692 0.8174
vn -0.1123 -0.7335 0.6703
vn -0.2554 -0.5420 0.8006
vn -0.1367 -0.5356 0.8333
vn -0.1257 -0.5603 0.8187
vn -0.1245 -0.5612 0.8182
vn -0.2574 -0.5454 0.7977
vn -0.1363 -0.5381 0.8318
vn -0.1391 -0.6423 0.7538
vn -0.0750 -0.5904 0.8036
vn -0.0364 -0.5481 0.8356
vn -0.0361 -0.5487 0.8352
vn -0.1160 -0.5598 0.8205
vn -0.0902 0.5712 0.8158
vn -0.1767 0.5625 0.8077
vn -0.1756 0.5615 0.8087
vn -0.0209 0.9998 0.0033
vn -0.3782 0.9026 -0.2054
vn -0.0188 0.9998 0.0015
vn -0.5067 0.8470 -0.1606
vn 0.2743 0.9468 -0.1687
vn 0.2066 0.9653 -0.1597
vn 0.1580 0.9752 -0.1547
vn -0.0405 0.9991 -0.0154
vn -0.3136 0.9488 0.0379
vn -0.0421 0.9990 -0.0132
vn -0.3665 0.9288 0.0541
vn -0.0440 0.9990 -0.0104
vn -0.3788 0.9193 0.1069
vn -0.0293 0.9996 -0.0014
vn -0.2674 0.9519 0.1494
vn -0.0295 0.9996 -0.0006
vn -0.2711 0.9463 0.1760
vn -0.0297 0.9995 -0.0080
vn -0.2727 0.9418 0.1968
vn -0.1415 0.9601 -0.2411
vn -0.1795 0.9543 -0.2391
vn 0.2135 0.9551 -0.2055
vn -0.2058 0.9443 -0.2567
vn -0.2132 0.9621 -0.1699
vn -0.2348 0.9593 -0.1571
vn -0.2543 0.9568 -0.1410
vn 0.2366 0.1469 -0.9604
vn -0.2517 0.4110 0.8762
vn -0.2526 0.4092 0.8768
vn 0.2409 0.1363 -0.9609
vn -0.2537 0.4104 0.8759
vn 0.2460 0.1351 -0.9598
vn 0.5686 0.0983 -0.8167
vn -0.5676 0.3193 0.7589
vn -0.5859 0.1931 0.7870
vn 0.5281 0.3386 -0.7788
vn -0.5553 0.4011 0.7286
vn 0.5722 0.1139 -0.8122
vn -0.2696 0.0802 0.9596
vn 0.2156 0.4659 -0.8582
vn 0.1006 -0.8042 -0.5859
vn -0.0515 -0.8671 -0.4955
vn 0.0700 -0.9441 -0.3222
vn 0.4399 -0.6913 0.5733
vn 0.5180 -0.7832 -0.3440
vn 0.2628 -0.6192 -0.7400
vn 0.2680 -0.6098 -0.7459
vn -0.0461 -0.9038 -0.4256
vn 0.0004 -0.9113 -0.4118
vn 0.0305 -0.9115 -0.4101
vn -0.0323 -0.4176 -0.9081
vn -0.0337 -0.4955 -0.8679
vn -0.0199 -0.8757 -0.4824
vn -0.0352 -0.9140 -0.4042
vn -0.0665 -0.9353 -0.3476
vn 0.2391 -0.5194 -0.8204
vn 0.2804 -0.6075 -0.7432
vn 0.4688 -0.7312 -0.4955
vn 0.0590 -0.2129 -0.9753
vn 0.4214 -0.7511 -0.5082
vn 0.2629 -0.5834 -0.7685
vn -0.0149 -0.3607 -0.9326
vn 0.1626 0.0993 -0.9817
vn -0.2000 -0.6190 0.7595
vn -0.1981 -0.7366 0.6466
vn 0.5496 -0.1325 -0.8248
vn -0.5803 -0.1002 0.8082
vn -0.1925 -0.8204 0.5384
vn 0.0908 -0.4938 0.8649
vn -0.3259 0.2293 0.9172
vn 0.9704 -0.1637 0.1779
vn -0.0529 -0.9869 -0.1527
vn 0.5626 -0.8150 -0.1389
vn -0.4611 -0.5411 0.7033
vn -0.2289 -0.9399 0.2534
vn 0.2076 0.7242 0.6576
vn 0.5287 0.5213 0.6699
vn -0.3930 -0.8798 0.2673
vn 0.6163 0.7818 0.0948
vn -0.3489 0.3175 0.8817
vn -0.2184 -0.9684 0.1203
vn -0.1815 0.4083 0.8946
vn 0.8013 0.5027 -0.3243
vn 0.7890 -0.1103 -0.6044
vn -0.0621 0.9329 -0.3548
vn -0.0439 0.7374 -0.6740
vn -0.0240 0.4232 -0.9057
vn 0.0050 -0.0128 -0.9999
vn 0.0331 -0.2924 -0.9557
vn 0.0554 0.7185 -0.6933
vn 0.0717 0.3943 -0.9162
vn -0.0256 -0.9812 -0.1911
vn -0.0039 -0.4357 -0.9001
vn -0.0365 -0.2317 -0.9721
vn -0.1026 0.9207 -0.3766
vn -0.1229 -0.5373 -0.8344
vn -0.1584 0.9135 -0.3746
vn -0.1337 -0.9744 -0.1809
vn -0.1985 -0.4202 -0.8855
vn -0.1673 -0.5728 -0.8025
vn -0.2194 -0.0005 -0.9756
vn -0.2277 0.4000 -0.8878
vn -0.2276 0.7178 -0.6580
vn -0.1553 0.5761 -0.8025
vn -0.1262 -0.9719 -0.1988
vn -0.1878 -0.6385 -0.7463
vn -0.2484 -0.4128 -0.8763
vn -0.2799 0.3857 -0.8791
vn -0.2954 0.6994 -0.6509
vn -0.2886 0.9412 -0.1755
vn -0.3268 0.7930 -0.5142
vn -0.3940 -0.8361 -0.3817
vn -0.3867 -0.7515 -0.5345
vn -0.4249 -0.7342 -0.5295
vn -0.3491 -0.3160 -0.8822
vn -0.3744 0.3788 -0.8464
vn -0.3600 0.7921 -0.4929
vn -0.3240 -0.9408 -0.0992
vn -0.4057 -0.8695 -0.2819
vn -0.2978 -0.9349 -0.1929
vn -0.4520 -0.6740 -0.5843
vn -0.4929 -0.3446 -0.7989
vn -0.4584 0.5322 -0.7118
vn -0.4166 0.7903 -0.4494
vn -0.4488 -0.8810 -0.1500
vn -0.7761 0.5333 -0.3364
vn 0.1522 0.9421 -0.2988
vn 0.0381 0.9210 -0.3876
vn 0.1555 0.8189 -0.5525
vn 0.1535 0.5527 -0.8191
vn 0.1443 0.1948 -0.9702
vn 0.1278 -0.1946 -0.9725
vn 0.1064 -0.5556 -0.8246
vn 0.1980 -0.4349 -0.8784
vn 0.0914 -0.2177 -0.9717
vn 0.0830 -0.8305 -0.5507
vn 0.0310 -0.9244 -0.3802
vn 0.2555 0.9154 -0.3109
vn 0.2471 0.8007 -0.5457
vn 0.2298 0.5407 -0.8092
vn 0.2062 0.1908 -0.9597
vn 0.1792 -0.1922 -0.9649
vn 0.1530 -0.5491 -0.8216
vn 0.1316 -0.8240 -0.5511
vn 0.0743 -0.9222 -0.3796
vn 0.2363 0.8092 -0.5379
vn 0.2288 0.5402 -0.8098
vn 0.2161 0.1900 -0.9577
vn 0.1999 -0.1946 -0.9603
vn 0.1600 -0.9076 -0.3882
vn 0.2409 0.9515 -0.1912
vn 0.2614 0.7932 -0.5500
vn 0.2661 0.5214 -0.8107
vn 0.2606 0.1812 -0.9483
vn 0.2370 -0.1786 -0.9549
vn 0.2779 0.8748 -0.3969
vn 0.2752 0.4959 -0.8236
vn 0.2667 0.1693 -0.9488
vn 0.2507 -0.1757 -0.9520
vn 0.2732 0.4652 -0.8420
vn 0.2798 0.1552 -0.9474
vn 0.2731 -0.3123 -0.9099
vn 0.2379 -0.3516 -0.9054
vn 0.2485 0.7313 -0.6352
vn 0.2325 0.4445 -0.8651
vn 0.2236 0.1473 -0.9635
vn 0.2270 -0.2955 -0.9280
vn 0.2399 -0.5921 -0.7693
vn 0.2771 -0.1565 -0.9480
vn 0.2563 -0.6157 -0.7451
vn 0.2585 -0.8488 -0.4613
vn 0.2426 0.9371 -0.2508
vn 0.1867 0.7154 -0.6733
vn 0.2061 0.4209 -0.8834
vn 0.2129 0.1364 -0.9675
vn 0.2225 -0.0003 -0.9749
vn 0.2063 -0.2757 -0.9388
vn 0.1852 -0.5686 -0.8015
vn 0.1589 -0.8480 -0.5057
vn -0.0259 0.9262 -0.3763
vn -0.1439 0.5948 -0.7909
vn 0.0264 0.3449 -0.9383
vn 0.1244 0.1492 -0.9809
vn 0.1328 -0.0726 -0.9885
vn 0.2151 -0.0000 -0.9766
vn 0.0447 -0.2369 -0.9705
vn -0.1268 -0.4500 -0.8840
vn -0.4332 0.5418 -0.7202
vn -0.2978 0.3784 -0.8764
vn -0.1053 0.1521 -0.9827
vn -0.1789 0.1973 -0.9639
vn -0.0317 0.0642 -0.9974
vn -0.0624 0.0886 -0.9941
vn 0.0213 0.0020 -0.9998
vn -0.0100 0.0355 -0.9993
vn 0.0040 -0.0172 -0.9998
vn 0.0529 0.0157 -0.9985
vn -0.0375 -0.0601 -0.9975
vn -0.0028 -0.0359 -0.9994
vn -0.0077 -0.0223 -0.9997
vn -0.1192 -0.1319 -0.9841
vn -0.0569 -0.0953 -0.9938
vn -0.0577 -0.0719 -0.9957
vn -0.1669 -0.1508 -0.9744
vn -0.1872 -0.1888 -0.9640
vn -0.0724 -0.0872 -0.9936
vn -0.0136 -0.0359 -0.9993
vn 0.0056 0.0177 -0.9998
vn 0.0116 -0.0000 -0.9999
vn -0.0334 0.0592 -0.9977
vn -0.1110 0.1282 -0.9855
vn -0.2181 0.3135 -0.9242
vn -0.0899 0.1340 -0.9869
vn 0.0038 0.0262 -0.9996
vn 0.1153 -0.0457 -0.9923
vn 0.3474 0.0644 -0.9355
vn 0.1531 0.0012 -0.9882
vn 0.0374 -0.0406 -0.9985
vn 0.2655 0.0656 -0.9619
vn 0.1090 0.0184 -0.9939
vn -0.2041 0.3010 -0.9315
vn -0.0464 0.0929 -0.9946
vn 0.0676 -0.0177 -0.9976
vn -0.1694 0.2831 -0.9440
vn -0.0145 0.0508 -0.9986
vn -0.0946 0.2637 -0.9599
vn 0.0295 0.0585 -0.9979
vn 0.0635 0.4172 -0.9066
vn -0.0137 0.1285 -0.9916
vn 0.0085 0.0530 -0.9986
vn -0.2623 0.2955 -0.9186
vn -0.1816 0.2540 -0.9500
vn -0.1352 0.2206 -0.9659
vn 0.0563 0.1068 -0.9927
vn -0.2302 0.2939 -0.9277
vn -0.0170 -0.5650 -0.8249
vn 0.0901 -0.4086 -0.9083
vn -0.0399 0.8429 -0.5365
vn 0.0064 0.8633 -0.5046
vn 0.6102 -0.7677 0.1957
vn 0.0284 -0.9790 0.2019
vn -0.0018 -0.9795 0.2015
vn -0.2239 0.7558 -0.6153
vn 0.6733 0.6736 -0.3047
vn 0.0003 -0.9787 0.2054
vn -0.0004 -0.9801 0.1984
vn -0.5770 0.3682 -0.7290
vn 0.1786 -0.9605 0.2134
vn 0.5465 -0.7301 0.4103
vn 0.0280 -0.9969 0.0733
vn 0.0400 0.4194 -0.9069
vn -0.1795 0.6096 -0.7721
vn -0.9345 -0.3493 -0.0688
vn -0.4355 -0.8409 -0.3212
vn -0.5279 -0.5068 -0.6815
vn 0.4365 0.2215 -0.8720
vn -0.7470 0.6601 0.0792
vn -0.0989 0.7834 -0.6135
vn 0.4527 -0.0167 -0.8915
vn -0.2598 -0.5023 -0.8248
vn -0.4791 -0.7403 -0.4716
vn -0.3525 -0.8736 -0.3356
vn -0.3158 -0.9418 -0.1153
vn -0.4408 0.8223 -0.3599
vn -0.2104 0.9108 -0.3553
vn -0.0519 0.9066 -0.4187
vn -0.3286 -0.4359 -0.8378
vn -0.2945 -0.5784 -0.7608
vn -0.1057 0.9818 0.1576
vn -0.0928 0.6043 0.7913
vn 0.2177 0.9717 0.0916
vn -0.1119 0.9937 -0.0025
vn 0.2204 0.9754 -0.0097
vn -0.0726 0.9950 -0.0679
vn 0.2403 0.9537 0.1808
vn -0.3958 -0.8487 -0.3509
vn -0.2492 -0.9674 -0.0461
vn -0.0097 -0.8915 0.4529
vn 0.1873 0.9306 0.3144
vn 0.0957 0.8927 0.4403
vn -0.0701 0.8663 0.4946
vn -0.1221 0.9028 0.4123
vn -0.1454 0.9422 0.3018
vn 0.2302 -0.8343 0.5010
vn 0.1963 -0.9402 0.2782
vn 0.4805 -0.6572 0.5807
vn 0.2689 -0.9232 0.2745
vn 0.6042 -0.6982 0.3841
vn 0.0182 -0.5396 0.8417
vn 0.2206 -0.3595 0.9067
vn 0.1524 -0.7875 0.5971
vn 0.0323 -0.6749 0.7372
vn 0.2430 -0.8848 0.3977
vn 0.1137 -0.6968 0.7082
vn -0.0566 -0.3700 0.9273
vn -0.1010 -0.5205 -0.8479
vn -0.1007 -0.5206 -0.8478
vn -0.0604 -0.2333 -0.9705
vn -0.0624 0.2291 -0.9714
vn -0.0608 -0.2330 -0.9706
vn -0.0631 0.2288 -0.9714
vn -0.2163 -0.5064 -0.8348
vn -0.2391 -0.5104 -0.8260
vn -0.1687 0.2172 -0.9614
vn -0.1688 0.2046 -0.9642
vn -0.1257 -0.5435 -0.8300
vn -0.1868 -0.2153 -0.9585
vn -0.1467 -0.5692 -0.8090
vn -0.2554 -0.5420 -0.8006
vn -0.1366 -0.5356 -0.8333
vn -0.0435 -0.5791 -0.8141
vn -0.0440 -0.5799 -0.8135
vn -0.1363 -0.5381 -0.8318
vn -0.0861 -0.6478 -0.7569
vn -0.0750 -0.5904 -0.8036
vn -0.0364 -0.5481 -0.8356
vn 0.0137 -0.7597 -0.6502
vn -0.0361 -0.5487 -0.8353
vn -0.1160 -0.5598 -0.8205
vn -0.0867 0.5719 -0.8157
vn -0.1963 0.5683 -0.7991
vn -0.0330 -0.9281 -0.3709
vn -0.1363 -0.9276 -0.3478
vn -0.3396 0.8921 -0.2979
vn -0.3255 0.9028 -0.2811
vn 0.1747 0.9835 -0.0469
vn -0.1518 0.9830 0.1038
vn 0.1861 0.9814 -0.0470
vn -0.0981 0.9951 -0.0151
vn -0.1842 0.9390 -0.2905
vn -0.2029 0.9185 -0.3394
vn -0.1922 0.9188 -0.3448
vn 0.1453 0.9574 0.2497
vn 0.1421 0.9580 0.2490
vn 0.1397 0.9490 0.2825
vn -0.1051 0.9943 -0.0183
vn -0.0575 0.9971 -0.0489
vn -0.0930 0.9952 -0.0304
vn -0.0514 0.9469 -0.3174
vn -0.0510 0.9528 -0.2994
vn -0.0841 0.9896 -0.1165
vn 0.0685 0.9480 0.3108
vn 0.0549 0.9541 0.2944
vn -0.0778 0.9955 -0.0548
vn -0.0548 0.9969 -0.0556
vn -0.0385 0.9978 -0.0531
vn -0.3123 0.8975 -0.3113
vn -0.1726 0.9027 -0.3942
vn 0.0747 0.7249 0.6848
vn -0.5126 0.8370 -0.1914
vn -0.5132 0.8335 -0.2049
vn -0.7464 0.2240 -0.6266
vn -0.2541 0.9375 -0.2378
vn 0.4431 0.4902 0.7506
vn -0.2866 0.9170 -0.2774
vn 0.3625 0.6508 0.6671
vn -0.2814 0.9175 -0.2811
vn -0.3761 0.6494 -0.6609
vn -0.1383 0.9413 -0.3079
vn 0.1292 0.5150 0.8474
vn -0.1349 0.9427 -0.3051
vn 0.0660 0.9375 0.3416
vn 0.1221 0.5237 0.8431
vn 0.0701 0.9362 0.3444
vn -0.1295 0.9444 -0.3023
vn -0.0976 0.7157 -0.6916
vn 0.2311 0.6286 0.7426
vn -0.1294 0.7021 0.7002
vn -0.0018 -0.1668 0.9860
vn -0.0909 -0.9839 0.1540
vn -0.0611 -0.9606 -0.2712
vn -0.1046 -0.9942 0.0248
vn 0.2963 -0.5429 0.7858
vn -0.1249 -0.9921 0.0148
vn -0.0935 -0.5339 -0.8404
vn -0.1087 -0.9861 0.1257
vn -0.1090 -0.9889 0.1006
vn -0.4540 -0.7898 -0.4125
vn 0.7310 0.6379 0.2423
vn 0.6084 -0.7715 0.1860
vn 0.5340 -0.7771 0.3330
vn -0.5436 -0.8377 -0.0519
vn 0.4870 -0.6227 0.6124
vn 0.4378 -0.6634 0.6069
vn 0.4051 -0.5651 0.7187
vn -0.4395 -0.8105 -0.3872
vn -0.4912 -0.8195 -0.2954
vn -0.4937 -0.8205 -0.2881
vn 0.1928 -0.4261 0.8839
vn 0.1639 -0.5083 0.8454
vn 0.1484 -0.5405 0.8282
vn -0.2000 -0.9746 -0.1004
vn -0.2149 -0.9556 -0.2018
vn -0.2298 -0.9232 -0.3080
vn 0.2499 -0.5307 0.8099
vn -0.5968 -0.7830 -0.1752
vn -0.5263 -0.7955 -0.3004
vn 0.0322 0.6181 -0.7854
vn -0.2237 -0.9561 0.1891
vn -0.5697 -0.7848 -0.2439
vn -0.4255 -0.8366 -0.3450
vn 0.2674 -0.5832 0.7670
vn -0.5742 -0.8000 -0.1738
vn 0.3882 -0.5746 0.7206
vn -0.6129 -0.4965 -0.6147
vn -0.2910 -0.8818 -0.3712
vn 0.5136 -0.6207 0.5924
vn -0.3012 -0.8632 -0.4052
vn 0.5614 -0.1181 0.8191
vn -0.1507 -0.9781 -0.1433
vn -0.0527 -0.3749 0.9256
vn 0.1103 -0.3600 0.9264
vn -0.1041 -0.9872 -0.1209
vn 0.0867 -0.4581 0.8846
vn -0.2095 -0.4654 -0.8600
vn 0.1932 0.2836 0.9393
vn 0.2050 0.4579 0.8650
vn -0.6931 -0.6265 0.3565
vn -0.6076 -0.5534 0.5697
vn 0.2092 0.5940 0.7768
vn -0.6682 -0.6257 0.4026
vn 0.5599 0.5631 -0.6077
vn 0.0059 0.7602 -0.6497
vn -0.2595 0.2180 -0.9408
vn 0.3948 -0.8995 0.1874
vn 0.0689 -0.9517 0.2993
vn 0.5854 -0.4588 0.6685
vn 0.7902 -0.1057 0.6036
vn 0.1568 0.9237 -0.3496
vn 0.6088 0.2619 0.7489
vn 0.9541 0.2995 -0.0000
vn -0.1894 0.7215 -0.6660
vn -0.0176 0.2970 0.9547
vn -0.2997 0.9540 -0.0000
vn -0.1633 0.7129 0.6819
vn 0.5715 0.2220 -0.7900
vn 0.1494 0.1408 -0.9787
vn -0.2500 0.7377 0.6272
vn -0.2453 0.7391 -0.6273
vn 0.6608 0.0525 -0.7487
vn 0.1165 -0.9457 0.3035
vn -0.0682 -0.9977 -0.0000
vn 0.9944 -0.1054 -0.0000
vn 0.6094 -0.1664 -0.7752
vn 0.0291 -0.4379 -0.8986
vn -0.0347 -0.8477 0.5294
vn -0.0188 -0.8344 -0.5508
vn 0.1469 -0.1841 0.9719
vn 0.5524 -0.1356 0.8224
vn -0.7937 -0.5030 0.3420
vn -0.7928 -0.3381 0.5070
vn -0.7902 -0.1118 0.6025
vn -0.7859 0.1376 0.6029
vn -0.7802 0.3680 0.5058
vn -0.7727 0.5404 0.3330
vn -0.5668 0.6976 -0.4383
vn -0.6073 -0.7787 -0.1573
vn -0.6068 -0.6665 -0.4330
vn -0.6051 -0.4542 -0.6539
vn -0.6003 -0.1630 -0.7830
vn -0.5919 0.1605 -0.7898
vn -0.5810 0.4628 -0.6695
vn -0.7902 -0.6127 0.0113
vn -0.7653 0.5984 0.2369
vn -0.7706 0.4575 -0.4438
vn -0.7772 0.2421 -0.5809
vn -0.7824 -0.0071 -0.6227
vn -0.7860 -0.2510 -0.5650
vn -0.7879 -0.4494 -0.4211
vn -0.7896 -0.5674 -0.2335
vn -0.4708 0.2596 0.8432
vn -0.2040 -0.6053 0.7694
vn -0.0702 -0.9553 -0.2871
vn -0.8238 -0.1412 -0.5490
vn -0.5073 0.6832 -0.5252
vn -0.4615 -0.6556 -0.5977
vn -0.2116 -0.5974 -0.7735
vn 0.2505 0.9553 0.1571
vn -0.4153 -0.2708 0.8684
vn -0.3554 0.2345 -0.9048
vn -0.0335 -0.1121 -0.9931
vn -0.1709 -0.1776 -0.9691
vn -0.2573 -0.8839 0.3906
vn -0.0267 -0.9627 0.2692
vn -0.0235 -0.1000 0.9947
vn 0.3767 0.8394 0.3919
vn -0.6622 0.0220 0.7490
vn -0.6103 -0.7477 -0.2618
vn 0.8828 -0.3451 -0.3187
vn -0.1431 -0.9893 -0.0273
vn 0.6728 0.5538 -0.4906
vn 0.0631 0.1986 -0.9780
vn 0.2675 0.1749 0.9475
vn -0.1797 0.2533 0.9506
vn 0.5624 -0.5838 -0.5856
vn 0.0663 0.2006 0.9774
vn 0.1440 -0.2299 0.9625
vn 0.0524 -0.7072 -0.7051
vn 0.5574 -0.5854 0.5887
vn -0.1692 0.2496 -0.9535
vn 0.4665 -0.8839 0.0316
vn -0.2354 0.0338 -0.9713
vn -0.2330 0.0575 0.9708
vn -0.4334 0.5535 0.7112
vn 0.1388 -0.6409 0.7550
vn -0.9085 -0.4101 -0.0801
vn -0.0764 0.4883 0.8693
vn -0.0164 0.4367 -0.8995
vn 0.0608 -0.0979 0.9933
vn -0.1395 -0.5585 -0.8177
vn -0.7320 -0.3123 -0.6055
vn 0.2859 0.2052 0.9360
vn 0.5075 0.7698 -0.3872
vn -0.9118 0.2398 0.3334
vn 0.5173 0.7610 0.3915
vn -0.0351 -0.1328 -0.9905
vn 0.0144 -0.9764 0.2154
vn -0.7601 -0.4116 -0.5028
vn 0.2265 -0.8281 0.5128
vn -0.0225 -0.9645 -0.2631
vn 0.3246 -0.7925 -0.5163
vn 0.0063 -0.9836 -0.1803
vn 0.3830 0.2145 -0.8985
vn -0.6224 0.4999 -0.6023
vn -0.2639 -0.8917 -0.3678
vn -0.6421 -0.5358 0.5483
vn 0.2492 -0.3337 -0.9091
vn 0.3767 0.8394 -0.3917
vn 0.4202 -0.9048 -0.0689
vn -0.8903 -0.4359 0.1319
vn 0.3136 -0.8319 0.4578
vn -0.7434 -0.3627 -0.5619
vn -0.7430 -0.3637 0.5618
vn -0.0983 0.7992 0.5929
vn -0.0303 -0.9747 0.2216
vn -0.1144 -0.8792 0.4625
vn -0.1714 0.7903 0.5882
vn -0.1167 -0.9684 0.2205
vn -0.2714 0.2002 0.9414
vn -0.7378 0.3212 0.5937
vn -0.3377 0.1949 0.9208
vn 0.0030 -0.9690 -0.2472
vn 0.0032 -0.9690 0.2471
vn -0.1832 -0.2238 0.9573
vn -0.1837 -0.2114 0.9600
vn -0.1906 0.1958 0.9619
vn -0.0761 0.1971 0.9774
vn -0.0759 0.1959 0.9777
vn -0.1948 0.1796 0.9643
vn -0.1938 0.1646 0.9671
vn -0.3291 -0.8247 -0.4600
vn -0.1144 -0.8792 -0.4625
vn -0.0983 0.7992 -0.5929
vn -0.1714 0.7903 -0.5882
vn -0.2716 0.2002 -0.9413
vn -0.3377 0.1949 -0.9208
vn -0.1906 0.1958 -0.9619
vn -0.1832 -0.2238 -0.9573
vn -0.1837 -0.2114 -0.9600
vn -0.2918 -0.9384 -0.1849
vn -0.3008 -0.8214 0.4846
vn 0.9067 -0.4219 -0.0000
vn -1.0000 0.0043 -0.0000
vn -0.0027 0.6817 -0.7316
vn -0.7379 0.3210 -0.5937
vn -0.0027 0.6815 0.7318
vn -0.3404 -0.1099 -0.9338
vn -0.5551 -0.0060 0.8318
vn -0.0303 -0.9747 -0.2217
vn -0.1167 -0.9684 -0.2205
vn -0.8423 -0.2092 0.4967
vn -0.8423 -0.2092 -0.4968
s 1
usemtl New_Material
f 2198//1 2262//2 392//3
f 2262//2 2195//4 392//3
f 393//5 4655//6 2286//7
f 395//8 4653//9 2202//10
f 2202//10 2282//11 397//12
f 2238//13 2193//14 398//15
f 2288//16 2190//17 399//18
f 400//19 4643//20 2198//1
f 401//21 4642//22 2260//23
f 403//24 4630//25 2236//26
f 2252//27 2186//28 410//29
f 2179//30 2270//31 411//32
f 2270//31 2180//33 411//32
f 413//34 4637//35 2250//36
f 414//37 4647//38 2179//30
f 415//39 4646//40 2268//41
f 434//42 4613//43 2239//44
f 2230//45 2229//46 434//42
f 2231//47 2229//46 435//48
f 435//48 4628//49 2231//47
f 436//50 4613//43 2231//47
f 436//50 4629//51 2233//52
f 437//53 4613//43 2233//52
f 2236//26 2235//54 437//53
f 2237//55 2235//54 438//56
f 438//56 4631//57 2237//55
f 439//58 4613//43 2237//55
f 439//58 4632//59 2239//44
f 440//60 4611//61 2251//62
f 440//60 4633//63 2241//64
f 441//65 4611//61 2241//64
f 2244//66 2243//67 441//65
f 2245//68 2243//67 442//69
f 442//69 4635//70 2245//68
f 443//71 4611//61 2245//68
f 443//71 4636//72 2247//73
f 444//74 4611//61 2247//73
f 2250//36 2249//75 444//74
f 2251//62 2249//75 445//76
f 445//76 4638//77 2251//62
f 446//78 4610//79 2263//80
f 2254//81 2253//82 446//78
f 2255//83 2253//82 447//84
f 447//84 4640//85 2255//83
f 448//86 4610//79 2255//83
f 448//86 4641//87 2257//88
f 449//89 4610//79 2257//88
f 2260//23 2259//90 449//89
f 2261//91 2259//90 450//92
f 450//92 4643//20 2261//91
f 451//93 4610//79 2261//91
f 451//93 4644//94 2263//80
f 452//95 4609//96 2275//97
f 452//95 4645//98 2265//99
f 453//100 4609//96 2265//99
f 2268//41 2267//101 453//100
f 2269//102 2267//101 454//103
f 454//103 4647//38 2269//102
f 455//104 4609//96 2269//102
f 455//104 4648//105 2271//106
f 456//107 4609//96 2271//106
f 2274//108 2273//109 456//107
f 2275//97 2273//109 457//110
f 457//110 4650//111 2275//97
f 458//112 4602//113 2287//114
f 458//112 4651//115 2277//116
f 459//117 4602//113 2277//116
f 2280//118 2279//119 459//117
f 2281//120 2279//119 460//121
f 460//121 4653//9 2281//120
f 461//122 4602//113 2281//120
f 461//122 4654//123 2283//124
f 462//125 4602//113 2283//124
f 2286//7 2285//126 462//125
f 2287//114 2285//126 463//127
f 463//127 4656//128 2287//114
f 3418//129 3354//130 949//131
f 950//132 5281//133 3346//134
f 3434//135 3317//136 951//137
f 3440//138 3330//139 952//140
f 953//141 5278//142 3319//143
f 3438//144 3358//145 954//146
f 3394//147 3348//148 955//149
f 3444//150 3345//151 956//152
f 3420//153 3326//154 957//155
f 958//156 5268//157 3351//158
f 3396//159 3327//160 959//161
f 960//162 5256//163 3349//164
f 961//165 5265//166 3318//167
f 3414//168 3328//169 962//170
f 963//171 5253//172 3320//173
f 3390//174 3331//175 964//176
f 3412//177 3356//178 965//179
f 3388//180 3359//181 966//182
f 3408//183 3341//184 967//185
f 3426//186 3335//187 968//188
f 3398//189 3321//190 969//191
f 970//192 5263//193 3342//194
f 3428//195 3329//196 971//197
f 972//198 5272//199 3336//200
f 973//201 5260//202 3322//203
f 3404//204 3325//205 974//206
f 975//207 5275//208 3332//209
f 3422//210 3323//211 976//212
f 3402//213 3357//214 977//215
f 3432//216 3355//217 978//218
f 991//219 5239//220 3385//221
f 3385//221 3387//222 992//223
f 993//224 5239//220 3389//225
f 994//226 5239//220 3391//227
f 3391//227 3393//228 995//229
f 996//230 5239//220 3395//231
f 997//232 5237//233 3397//234
f 998//235 5237//233 3399//236
f 3399//236 3401//237 999//238
f 1000//239 5237//233 3403//240
f 1001//241 5237//233 3405//242
f 3405//242 3407//243 1002//244
f 1003//245 5236//246 3409//247
f 3409//247 3411//248 1004//249
f 1005//250 5236//246 3413//251
f 1006//252 5236//246 3415//253
f 3415//253 3417//254 1007//255
f 1008//256 5236//246 3419//257
f 1009//258 5235//259 3421//260
f 1010//261 5235//259 3423//262
f 3423//262 3425//263 1011//264
f 1012//265 5235//259 3427//266
f 1013//267 5235//259 3429//268
f 3429//268 3431//269 1014//270
f 1015//271 5228//272 3433//273
f 1016//274 5228//272 3435//275
f 3435//275 3437//276 1017//277
f 1018//278 5228//272 3439//279
f 1019//280 5228//272 3441//281
f 3441//281 3443//282 1020//283
f 3938//284 3933//285 1253//286
f 1253//286 5541//287 3938//284
f 1254//288 5543//289 3934//290
f 4230//291 3940//292 1254//288
f 3936//293 4231//294 1255//295
f 1255//295 5549//296 3935//297
f 4231//294 3946//298 1255//295
f 3937//299 3936//293 1256//300
f 1256//300 5539//301 3937//299
f 1257//302 5540//303 4105//304
f 4105//304 3937//299 1257//302
f 3939//305 3938//284 1258//306
f 1258//306 5542//307 3939//305
f 3940//292 3939//305 1259//308
f 1259//308 5543//289 3940//292
f 3942//309 3941//310 1260//311
f 1260//311 5545//312 3942//309
f 3943//313 3942//309 1261//314
f 1261//314 5546//315 3943//313
f 3945//316 3944//317 1262//318
f 1262//318 5548//319 3945//316
f 3946//298 3945//316 1263//320
f 1263//320 5549//296 3946//298
f 1264//321 5555//322 3947//323
f 3958//324 3952//325 1264//321
f 3950//326 4235//327 1265//328
f 1265//328 5553//329 3950//326
f 4235//327 3957//330 1265//328
f 1266//331 5559//332 3955//333
f 4236//334 3949//335 1266//331
f 1267//336 5551//337 3948//338
f 1267//336 5550//339 4025//340
f 3949//335 3948//338 1268//341
f 1268//341 5552//342 3949//335
f 3951//343 3950//326 1269//344
f 1269//344 5554//345 3951//343
f 3952//325 3951//343 1270//346
f 1270//346 5555//322 3952//325
f 3954//347 3953//348 1271//349
f 1271//349 5557//350 3954//347
f 4035//351 3954//347 1272//352
f 3956//353 3955//333 1273//354
f 1273//354 5560//355 3956//353
f 3957//330 3956//353 1274//356
f 1274//356 5561//357 3957//330
f 1275//358 5533//359 3958//324
f 1275//358 5596//360 4236//334
f 1320//361 4927//362 4230//291
f 4140//363 3933//285 1320//361
f 1320//361 5588//364 4140//363
f 4036//365 4045//366 1370//367
f 1370//367 5565//368 4004//369
f 4143//370 4036//365 1370//367
f 3947//323 4112//371 1372//372
f 1372//372 5556//373 3947//323
f 1372//372 5591//374 4006//375
f 4184//376 4007//377 1373//378
f 4064//379 4008//380 1374//381
f 4049//382 4009//383 1375//384
f 4141//385 4010//386 1376//387
f 4179//388 4011//389 1377//390
f 4177//391 4012//392 1378//393
f 4196//394 4013//395 1379//396
f 4168//397 4014//398 1380//399
f 3934//290 4169//400 1381//401
f 1381//401 5547//402 3934//290
f 1381//401 5609//403 4015//404
f 3935//297 4114//405 1383//406
f 1383//406 5538//407 3935//297
f 1383//406 5603//408 4017//409
f 4141//385 4048//410 1385//411
f 4157//412 4019//413 1385//411
f 4137//414 4020//415 1386//416
f 1386//416 5599//417 4137//414
f 1387//418 5554//345 4021//419
f 1388//420 5555//322 4022//421
f 1389//422 5557//350 4023//423
f 1390//424 5558//425 4024//426
f 4086//427 4025//340 1391//428
f 4103//429 4026//430 1392//431
f 1393//432 5549//296 4027//433
f 1393//432 5604//434 4145//435
f 1394//436 5548//319 4028//437
f 4169//400 4029//438 1395//439
f 4066//440 4030//441 1396//442
f 4196//394 4166//443 1396//442
f 4081//444 4031//445 1397//446
f 4178//447 4173//448 1397//446
f 4178//447 4032//449 1398//450
f 4179//388 4175//451 1398//450
f 1399//452 5540//303 4033//453
f 1399//452 5584//454 4097//455
f 1400//456 5539//301 4034//457
f 1401//458 5544//459 4156//460
f 1401//458 5540//303 4011//389
f 1402//461 4926//462 4140//363
f 4156//460 3941//310 1402//461
f 4237//463 4035//351 1403//464
f 2161//465 2278//466 394//467
f 4639//468 404//469 2162//470
f 4652//471 396//472 2163//473
f 4627//474 406//475 2164//476
f 2165//477 2242//478 412//479
f 4634//480 416//481 2166//482
f 2167//483 2266//484 419//485
f 2169//486 2248//487 417//488
f 2170//489 2264//490 400//19
f 2171//491 2240//492 402//493
f 2172//494 2258//495 405//496
f 2173//497 2272//498 414//37
f 2174//499 2284//500 395//8
f 2175//501 2234//502 407//503
f 4649//504 418//481 2176//505
f 2185//506 2252//27 410//29
f 2189//507 2288//16 399//18
f 2192//508 2238//13 398//15
f 2199//509 2276//510 421//511
f 2200//512 2256//513 408//514
f 2201//515 2246//516 420//517
f 2203//518 2232//519 409//520
f 4627//474 435//48 2229//46
f 2230//45 2171//491 406//475
f 2231//47 2234//502 436//50
f 2232//519 2164//476 409//520
f 4629//51 437//53 2233//52
f 4628//49 407//503 2234//502
f 4630//25 438//56 2235//54
f 2236//26 2175//501 403//24
f 2237//55 2240//492 439//58
f 4632//59 434//42 2239//44
f 4631//57 402//493 2240//492
f 4633//63 441//65 2241//64
f 4638//77 412//479 2242//478
f 4634//480 442//69 2243//67
f 2244//66 2165//477 416//481
f 2245//68 2248//487 443//71
f 2246//516 2166//482 420//517
f 4636//72 444//74 2247//73
f 4635//70 417//488 2248//487
f 4637//35 445//76 2249//75
f 2250//36 2169//486 413//34
f 2251//62 2242//478 440//60
f 4639//468 447//84 2253//82
f 2254//81 2170//489 404//469
f 2255//83 2258//495 448//86
f 2256//513 2162//470 408//514
f 4641//87 449//89 2257//88
f 4640//85 405//496 2258//495
f 4642//22 450//92 2259//90
f 2260//23 2172//494 401//21
f 2261//91 2264//490 451//93
f 4644//94 446//78 2263//80
f 4645//98 453//100 2265//99
f 4650//111 419//485 2266//484
f 4646//40 454//103 2267//101
f 2268//41 2167//483 415//39
f 2269//102 2272//498 455//104
f 4648//105 456//107 2271//106
f 4649//504 457//110 2273//109
f 2274//108 2173//497 418//481
f 2275//97 2266//484 452//95
f 2276//510 2176//505 421//511
f 4651//115 459//117 2277//116
f 4656//128 394//467 2278//466
f 4652//471 460//121 2279//119
f 2280//118 2161//465 396//472
f 2281//120 2284//500 461//122
f 2282//11 2163//473 397//12
f 4654//123 462//125 2283//124
f 4655//6 463//127 2285//126
f 2286//7 2174//499 393//5
f 2287//114 2278//466 458//112
f 3317//136 3436//521 953//141
f 3318//167 3412//177 965//179
f 3319//143 3438//144 954//146
f 3320//173 3388//180 966//182
f 3321//190 3400//522 973//201
f 3322//203 3402//213 977//215
f 3323//211 3424//523 972//198
f 3325//205 3406//524 970//192
f 3326//154 3410//525 961//165
f 3327//160 3386//526 963//171
f 3328//169 3416//527 958//156
f 3329//196 3430//528 975//207
f 3330//139 3442//529 950//132
f 3331//175 3392//530 960//162
f 3332//209 3432//216 978//218
f 5273//531 971//197 3335//187
f 3336//200 3426//186 968//188
f 5264//532 969//191 3341//184
f 3342//194 3408//183 967//185
f 5282//533 951//137 3345//151
f 3346//134 3444//150 956//152
f 5257//534 959//161 3348//148
f 3349//164 3394//147 955//149
f 3351//158 3418//129 949//131
f 5269//535 957//155 3354//130
f 5276//536 976//212 3355//217
f 5266//537 962//170 3356//178
f 5261//538 974//206 3357//214
f 5279//539 952//140 3358//145
f 5254//540 964//176 3359//181
f 3385//221 3386//526 991//219
f 5258//541 991//219 3386//526
f 5254//540 992//223 3387//222
f 5253//172 992//223 3388//180
f 5255//542 993//224 3389//225
f 3390//174 3387//222 993//224
f 3391//227 3392//530 994//226
f 5255//542 994//226 3392//530
f 5257//534 995//229 3393//228
f 5256//163 995//229 3394//147
f 5258//541 996//230 3395//231
f 3396//159 3393//228 996//230
f 5259//543 997//232 3397//234
f 3398//189 3407//243 997//232
f 3399//236 3400//522 998//235
f 5259//543 998//235 3400//522
f 5261//538 999//238 3401//237
f 5260//202 999//238 3402//213
f 5262//544 1000//239 3403//240
f 3404//204 3401//237 1000//239
f 3405//242 3406//524 1001//241
f 5262//544 1001//241 3406//524
f 5264//532 1002//244 3407//243
f 5263//193 1002//244 3408//183
f 3409//247 3410//525 1003//245
f 5270//545 1003//245 3410//525
f 5266//537 1004//249 3411//248
f 5265//166 1004//249 3412//177
f 5267//546 1005//250 3413//251
f 3414//168 3411//248 1005//250
f 3415//253 3416//527 1006//252
f 5267//546 1006//252 3416//527
f 5269//535 1007//255 3417//254
f 5268//157 1007//255 3418//129
f 5270//545 1008//256 3419//257
f 3420//153 3417//254 1008//256
f 5271//547 1009//258 3421//260
f 3422//210 3431//269 1009//258
f 3423//262 3424//523 1010//261
f 5271//547 1010//261 3424//523
f 5273//531 1011//264 3425//263
f 5272//199 1011//264 3426//186
f 5274//548 1012//265 3427//266
f 3428//195 3425//263 1012//265
f 3429//268 3430//528 1013//267
f 5274//548 1013//267 3430//528
f 5276//536 1014//270 3431//269
f 5275//208 1014//270 3432//216
f 5277//549 1015//271 3433//273
f 3434//135 3443//282 1015//271
f 3435//275 3436//521 1016//274
f 5277//549 1016//274 3436//521
f 5279//539 1017//277 3437//276
f 5278//142 1017//277 3438//144
f 5280//550 1018//278 3439//279
f 3440//138 3437//276 1018//278
f 3441//281 3442//529 1019//280
f 5280//550 1019//280 3442//529
f 5282//533 1020//283 3443//282
f 5281//133 1020//283 3444//150
f 4926//462 1253//286 3933//285
f 3934//290 3944//317 1254//288
f 3935//297 3936//293 1255//295
f 5538//407 1256//300 3936//293
f 5539//301 1257//302 3937//299
f 5541//287 1258//306 3938//284
f 5542//307 1259//308 3939//305
f 5544//459 1260//311 3941//310
f 5545//312 1261//314 3942//309
f 3943//313 4013//395 1253//286
f 5547//402 1262//318 3944//317
f 3944//317 4230//291 1254//288
f 5548//319 1263//320 3945//316
f 3947//323 3953//348 1264//321
f 5551//337 1268//341 3948//338
f 3948//338 4129//551 1267//336
f 3949//335 4010//386 1266//331
f 5553//329 1269//344 3950//326
f 5554//345 1270//346 3951//343
f 5556//373 1271//349 3953//348
f 5638//552 1264//321 3953//348
f 5557//350 1272//352 3954//347
f 5559//332 1273//354 3955//333
f 3955//333 4236//334 1266//331
f 5560//355 1274//356 3956//353
f 3957//330 4008//380 1265//328
f 3958//324 4237//463 1275//358
f 4004//369 4132//553 1369//554
f 4004//369 4143//370 1370//367
f 4006//375 4087//555 1372//372
f 4006//375 4181//556 1371//557
f 5570//558 1374//381 4007//377
f 5599//417 1373//378 4007//377
f 5561//357 1374//381 4008//380
f 4009//383 4159//559 1375//384
f 5600//560 1376//387 4009//383
f 5552//342 1376//387 4010//386
f 5540//303 1377//390 4011//389
f 5583//561 1378//393 4012//392
f 5614//562 1377//390 4012//392
f 5546//315 1379//396 4013//395
f 5611//563 1379//396 4014//398
f 5612//564 1380//399 4014//398
f 4015//404 4083//565 1381//401
f 5609//403 1382//566 4015//404
f 4017//409 4094//567 1383//406
f 4017//409 4146//568 1384//569
f 5559//332 1385//411 4019//413
f 5560//355 1386//416 4020//415
f 4021//419 4064//379 1387//418
f 4022//421 4089//570 1388//420
f 4023//423 4087//555 1389//422
f 4024//426 4093//571 1390//424
f 5558//425 1272//352 4024//426
f 5550//339 1391//428 4025//340
f 5551//337 1392//431 4026//430
f 4027//433 4155//572 1393//432
f 4028//437 4083//565 1394//436
f 5542//307 1395//439 4029//438
f 5541//287 1396//442 4030//441
f 5545//312 1397//446 4031//445
f 4032//449 4179//388 1398//450
f 4033//453 4185//573 1399//452
f 4034//457 4094//567 1400//456
f 5558//425 1403//464 4035//351
f 5550//339 1403//464 4036//365
f 5600//560 1404//574 4048//410
f 5636//575 1385//411 4048//410
f 5570//558 1387//418 4064//379
f 4066//440 4164//576 1395//439
f 4079//577 4012//392 1377//390
f 4081//444 4014//398 1379//396
f 5605//578 1394//436 4083//565
f 4086//427 4158//579 1392//431
f 5578//580 1389//422 4087//555
f 5579//581 1388//420 4089//570
f 5580//582 1390//424 4093//571
f 5585//583 1400//456 4094//567
f 5583//561 1399//452 4097//455
f 5584//454 1405//584 4097//455
f 4098//585 4097//455 1405//584
f 4099//586 4185//573 1400//456
f 5585//583 1406//587 4099//586
f 4100//588 4099//586 1406//587
f 5585//583 1384//569 4101//589
f 4103//429 4009//383 1376//387
f 4129//551 4237//463 1403//464
f 4131//590 4045//366 1390//424
f 4131//590 4134//591 1407//592
f 5565//368 1407//592 4132//553
f 4133//593 4135//594 1408//595
f 4133//593 4093//571 1389//422
f 5580//582 1408//595 4134//591
f 5578//580 1371//557 4135//594
f 4137//414 4007//377 1374//381
f 4140//363 4156//460 1402//461
f 5601//596 1391//428 4143//370
f 4145//435 4114//405 1393//432
f 4145//435 4148//597 1409//598
f 5603//408 1409//598 4146//568
f 4147//599 4155//572 1394//436
f 4147//599 4149//600 1410//601
f 5604//434 1410//601 4148//597
f 5605//578 1382//566 4149//600
f 4156//460 4105//304 1401//458
f 4157//412 4234//602 1386//416
f 4158//579 4161//603 1411//604
f 5587//605 1392//431 4158//579
f 5587//605 1411//604 4159//559
f 5577//606 1391//428 4160//607
f 4160//607 4162//608 1412//609
f 5577//606 1412//609 4161//603
f 5601//596 1369//554 4162//608
f 5609//403 1395//439 4164//576
f 5610//610 1413//611 4164//576
f 4165//612 4164//576 1413//611
f 5610//610 1396//442 4166//443
f 5611//563 1414//613 4166//443
f 4167//614 4166//443 1414//613
f 5612//564 1397//446 4173//448
f 5613//615 1415//616 4173//448
f 4174//617 4173//448 1415//616
f 5613//615 1398//450 4175//451
f 5614//562 1416//618 4175//451
f 4176//619 4175//451 1416//618
f 4180//620 4183//621 1417//622
f 4180//620 4112//371 1388//420
f 5591//374 1417//622 4181//556
f 5570//558 1418//623 4182//624
f 4182//624 4089//570 1387//418
f 4183//621 4182//624 1418//623
f 4230//291 4231//294 1320//361
f 4232//625 4048//410 1404//574
f 4233//626 4234//602 1419//627
f 5636//575 1419//627 4234//602
f 4236//334 4235//327 1275//358
f 1//628 4246//629 1420//630
f 1//628 4874//631 1443//632
f 2//633 4246//629 1442//634
f 1442//634 1422//635 2//633
f 3//636 4253//637 1454//638
f 1454//638 1424//639 3//636
f 4//640 4252//641 1452//642
f 1452//642 1426//643 4//640
f 5//644 4251//645 1450//646
f 1450//646 1428//647 5//644
f 1428//647 1448//648 6//649
f 6//649 4249//650 1430//651
f 1446//652 1432//653 7//654
f 7//654 4248//655 1446//652
f 1432//653 1445//656 8//657
f 8//657 4866//658 1434//659
f 1423//660 1435//661 9//662
f 1817//663 1423//660 9//662
f 1425//664 1436//665 10//666
f 10//666 4244//667 1425//664
f 1427//668 1437//669 11//670
f 11//670 4243//671 1427//668
f 12//672 4241//673 1438//674
f 12//672 4242//675 1429//676
f 1431//677 1439//678 13//679
f 13//679 4241//673 1431//677
f 14//680 4238//681 1440//682
f 1887//683 1433//684 14//680
f 15//685 4866//658 2680//686
f 15//685 4238//681 1434//659
f 2680//686 1580//687 15//685
f 16//688 4254//689 1456//690
f 1442//634 1441//691 16//688
f 1456//690 1453//692 16//688
f 1457//693 1441//691 17//694
f 2681//695 1457//693 17//694
f 1444//696 1459//697 18//698
f 1445//656 1444//696 18//698
f 1461//699 1444//696 19//700
f 1879//701 2194//702 19//700
f 19//700 4626//703 1461//699
f 1447//704 1462//705 20//706
f 1880//707 1447//704 20//706
f 2197//708 1880//707 20//706
f 21//709 4257//710 1463//711
f 1450//646 1449//712 21//709
f 21//709 4256//713 1447//704
f 22//714 4621//715 1464//716
f 1452//642 1451//717 22//714
f 1464//716 1449//712 22//714
f 1453//692 1466//718 23//719
f 23//719 4253//637 1453//692
f 23//719 4621//715 1451//717
f 24//720 4259//721 1468//722
f 24//720 4254//689 1455//723
f 1468//722 1465//724 24//720
f 25//725 4259//721 1455//723
f 25//725 4887//726 1469//727
f 1458//728 1471//729 26//730
f 1459//697 1458//728 26//730
f 27//731 4625//732 1473//733
f 1473//733 1458//728 27//731
f 27//731 4606//734 1460//735
f 28//736 4625//732 1460//735
f 2188//737 1475//738 28//736
f 1465//724 1480//739 29//740
f 2208//741 1465//724 29//740
f 1467//742 1482//743 30//744
f 30//744 4259//721 1467//742
f 30//744 4271//745 1479//746
f 31//747 4264//748 1467//742
f 31//747 4892//749 1483//750
f 32//751 4265//752 1485//753
f 1471//729 1470//754 32//751
f 1472//755 1486//756 33//757
f 33//757 4265//752 1470//754
f 33//757 4623//758 1472//755
f 1474//759 1488//760 34//761
f 1488//760 1472//755 34//761
f 35//762 4268//763 1490//764
f 1490//764 1474//759 35//762
f 2156//765 1476//766 35//762
f 36//767 4269//768 1492//769
f 1492//769 1476//766 36//767
f 2158//770 1477//771 36//767
f 37//772 4270//773 1494//774
f 1494//774 1477//771 37//772
f 2160//775 1478//776 37//772
f 38//777 4271//745 1496//778
f 1496//778 1478//776 38//777
f 2212//779 1479//746 38//777
f 1481//780 1498//781 39//782
f 39//782 4264//748 1481//780
f 1498//781 1495//783 39//782
f 1499//784 1481//780 40//785
f 2715//786 1499//784 40//785
f 41//787 4273//788 1501//789
f 1485//753 1484//790 41//787
f 1502//791 1484//790 42//792
f 2045//793 1502//791 42//792
f 43//794 4276//795 1505//796
f 1490//764 1489//797 43//794
f 1505//796 1487//798 43//794
f 1491//799 1507//800 44//801
f 1492//769 1491//799 44//801
f 1507//800 1489//797 44//801
f 45//802 4278//803 1509//804
f 1494//774 1493//805 45//802
f 1509//804 1491//799 45//802
f 46//806 4279//807 1511//808
f 46//806 4271//745 1495//783
f 1511//808 1493//805 46//806
f 1497//809 1513//810 47//811
f 47//811 4272//812 1497//809
f 47//811 4287//813 1510//814
f 48//815 4280//816 1497//809
f 48//815 4908//817 1514//818
f 1500//819 1515//820 49//821
f 49//821 4273//788 1500//819
f 1517//822 1500//819 50//823
f 50//823 4548//824 1517//822
f 1504//825 1520//826 51//827
f 1505//796 1504//825 51//827
f 51//827 4283//828 1503//829
f 1522//830 1504//825 52//831
f 1995//832 1522//830 52//831
f 52//831 4545//833 1995//832
f 1508//834 1524//835 53//836
f 1509//804 1508//834 53//836
f 53//836 4516//837 1506//838
f 1510//814 1526//839 54//840
f 1511//808 1510//814 54//840
f 1526//839 1508//834 54//840
f 1512//841 1528//842 55//843
f 55//843 4280//816 1512//841
f 55//843 4295//844 1525//845
f 56//846 4288//847 1512//841
f 56//846 4916//848 1529//849
f 57//850 4291//851 1533//852
f 1533//852 1516//853 57//850
f 2046//854 1518//855 57//850
f 1519//856 1534//857 58//858
f 58//858 4284//859 1519//856
f 58//858 4291//851 1518//855
f 1536//860 1519//856 59//861
f 2038//862 1536//860 59//861
f 2039//863 1998//864 59//861
f 60//865 4294//866 1538//867
f 1538//867 1521//868 60//865
f 2040//869 1523//870 60//865
f 1525//845 1540//871 61//872
f 61//872 4287//813 1525//845
f 61//872 4294//866 1523//870
f 1527//873 1542//874 62//875
f 62//875 4288//847 1527//873
f 62//875 4303//876 1539//877
f 63//878 4296//879 1527//873
f 63//878 4922//880 1543//881
f 64//882 4297//883 1545//884
f 2048//885 1530//886 64//882
f 65//887 4298//888 1547//889
f 1547//889 1530//886 65//887
f 2049//890 1531//891 65//887
f 66//892 4299//893 1549//894
f 66//892 4291//851 1532//895
f 1549//894 1531//891 66//892
f 1551//896 1532//895 67//897
f 67//897 4300//898 1551//896
f 1537//899 1554//900 68//901
f 68//901 4294//866 1537//899
f 68//901 4301//902 1535//903
f 1539//877 1556//904 69//905
f 69//905 4295//844 1539//877
f 69//905 4302//906 1537//899
f 1541//907 1557//908 70//909
f 70//909 4296//879 1541//907
f 70//909 4311//910 1555//911
f 71//912 4304//913 1541//907
f 71//912 4930//914 1558//915
f 72//916 4305//917 1559//918
f 1545//884 1544//919 72//916
f 73//920 4306//921 1560//922
f 1547//889 1546//923 73//920
f 1560//922 1544//919 73//920
f 74//924 4307//925 1561//926
f 1549//894 1548//927 74//924
f 1561//926 1546//923 74//924
f 75//928 4308//929 1562//930
f 1551//896 1550//931 75//928
f 1562//930 1548//927 75//928
f 76//932 4309//933 1563//934
f 76//932 4308//929 1550//931
f 4005//935 1552//936 76//932
f 1553//937 1564//938 77//939
f 77//939 4302//906 1553//937
f 77//939 4309//933 1552//936
f 1555//911 1565//940 78//941
f 78//941 4303//876 1555//911
f 78//941 4310//942 1553//937
f 1567//943 1583//944 79//945
f 1568//946 1567//943 79//945
f 79//945 4320//947 1566//948
f 1569//949 1585//950 80//951
f 1570//952 1569//949 80//951
f 80//951 4321//953 1567//943
f 1571//954 1587//955 81//956
f 1572//957 1571//954 81//956
f 81//956 4322//958 1569//949
f 1573//959 1589//960 82//961
f 1574//962 1573//959 82//961
f 82//961 4323//963 1571//954
f 1575//964 1591//965 83//966
f 83//966 4324//967 1573//959
f 83//966 4466//968 1575//964
f 1577//969 1593//970 84//971
f 84//971 4325//972 1575//964
f 1892//973 1577//969 84//971
f 85//974 4327//975 1595//976
f 85//974 4326//977 1577//969
f 1882//978 1578//979 85//974
f 86//980 4327//975 1578//979
f 86//980 4953//981 1596//982
f 1582//983 1599//984 87//985
f 87//985 4321//953 1582//983
f 87//985 4328//986 1581//987
f 1584//988 1601//989 88//990
f 88//990 4322//958 1584//988
f 88//990 4329//991 1582//983
f 1586//992 1603//993 89//994
f 89//994 4323//963 1586//992
f 89//994 4330//995 1584//988
f 1588//996 1605//997 90//998
f 90//998 4324//967 1588//996
f 90//998 4331//999 1586//992
f 1590//1000 1607//1001 91//1002
f 91//1002 4325//972 1590//1000
f 91//1002 4332//1003 1588//996
f 1592//1004 1609//1005 92//1006
f 92//1006 4326//977 1592//1004
f 92//1006 4333//1007 1590//1000
f 1594//1008 1611//1009 93//1010
f 93//1010 4327//975 1594//1008
f 93//1010 4334//1011 1592//1004
f 94//1012 4335//1013 1594//1008
f 94//1012 4961//1014 1612//1015
f 1598//1016 1615//1017 95//1018
f 95//1018 4329//991 1598//1016
f 95//1018 4336//1019 1597//1020
f 1600//1021 1617//1022 96//1023
f 96//1023 4330//995 1600//1021
f 96//1023 4337//1024 1598//1016
f 1602//1025 1619//1026 97//1027
f 97//1027 4331//999 1602//1025
f 97//1027 4338//1028 1600//1021
f 1604//1029 1621//1030 98//1031
f 98//1031 4332//1003 1604//1029
f 98//1031 4339//1032 1602//1025
f 1606//1033 1622//1034 99//1035
f 99//1035 4333//1007 1606//1033
f 99//1035 4340//1036 1604//1029
f 1608//1037 1624//1038 100//1039
f 100//1039 4334//1011 1608//1037
f 1624//1038 1606//1033 100//1039
f 101//1040 4343//1041 1626//1042
f 101//1040 4335//1013 1610//1043
f 1626//1042 1608//1037 101//1040
f 102//1044 4343//1041 1610//1043
f 102//1044 4969//1045 1627//1046
f 103//1047 4344//1048 1629//1049
f 1820//1050 1613//1051 103//1047
f 1614//1052 1631//1053 104//1054
f 104//1054 4337//1024 1614//1052
f 104//1054 4344//1048 1613//1051
f 1616//1055 1633//1056 105//1057
f 105//1057 4338//1028 1616//1055
f 105//1057 4345//1058 1614//1052
f 1618//1059 1635//1060 106//1061
f 106//1061 4339//1032 1618//1059
f 106//1061 4346//1062 1616//1055
f 1620//1063 1637//1064 107//1065
f 107//1065 4340//1036 1620//1063
f 107//1065 4347//1066 1618//1059
f 108//1067 4348//1068 1620//1063
f 2615//1069 1638//1070 108//1067
f 1625//1071 1641//1072 109//1073
f 1626//1042 1625//1071 109//1073
f 109//1073 4350//1074 1623//1075
f 110//1076 4351//1077 1625//1071
f 110//1076 4977//1078 1642//1079
f 1628//1080 1644//1081 111//1082
f 111//1082 4344//1048 1628//1080
f 112//1083 4353//1084 1646//1085
f 1631//1053 1630//1086 112//1083
f 1646//1085 1628//1080 112//1083
f 1632//1087 1648//1088 113//1089
f 113//1089 4346//1062 1632//1087
f 113//1089 4353//1084 1630//1086
f 1634//1090 1650//1091 114//1092
f 114//1092 4347//1066 1634//1090
f 114//1092 4354//1093 1632//1087
f 1636//1094 1652//1095 115//1096
f 115//1096 4348//1068 1636//1094
f 115//1096 4355//1097 1634//1090
f 116//1098 4356//1099 1636//1094
f 116//1098 4357//1100 1654//1101
f 1640//1102 1656//1103 117//1104
f 117//1104 4351//1077 1640//1102
f 117//1104 4358//1105 1639//1106
f 1657//1107 1640//1102 118//1108
f 2851//1109 1657//1107 118//1108
f 119//1110 4361//1111 1660//1112
f 1646//1085 1645//1113 119//1110
f 1660//1112 1643//1114 119//1110
f 1647//1115 1662//1116 120//1117
f 120//1117 4354//1093 1647//1115
f 120//1117 4361//1111 1645//1113
f 1649//1118 1664//1119 121//1120
f 121//1120 4355//1097 1649//1118
f 121//1120 4362//1121 1647//1115
f 1651//1122 1666//1123 122//1124
f 122//1124 4356//1099 1651//1122
f 122//1124 4363//1125 1649//1118
f 123//1126 4365//1127 1668//1128
f 1654//1101 1653//1129 123//1126
f 1668//1128 1651//1122 123//1126
f 124//1130 4366//1131 1670//1132
f 124//1130 4365//1127 1653//1129
f 2616//1133 1655//1134 124//1130
f 125//1135 4366//1131 1655//1134
f 3856//1136 1671//1137 125//1135
f 1659//1138 1674//1139 126//1140
f 126//1140 4361//1111 1659//1138
f 126//1140 4368//1141 1658//1142
f 1661//1143 1676//1144 127//1145
f 127//1145 4362//1121 1661//1143
f 127//1145 4369//1146 1659//1138
f 1663//1147 1678//1148 128//1149
f 128//1149 4363//1125 1663//1147
f 128//1149 4370//1150 1661//1143
f 129//1151 4372//1152 1680//1153
f 1666//1123 1665//1154 129//1151
f 129//1151 4371//1155 1663//1147
f 130//1156 4373//1157 1682//1158
f 1668//1128 1667//1159 130//1156
f 1682//1158 1665//1154 130//1156
f 131//1160 4374//1161 1684//1162
f 1670//1132 1669//1163 131//1160
f 1684//1162 1667//1159 131//1160
f 1686//1164 1669//1163 132//1165
f 132//1165 4375//1166 1686//1164
f 133//1167 4376//1168 1688//1169
f 3822//1170 1672//1171 133//1167
f 1673//1172 1690//1173 134//1174
f 134//1174 4369//1146 1673//1172
f 134//1174 4376//1168 1672//1171
f 1675//1175 1692//1176 135//1177
f 135//1177 4370//1150 1675//1175
f 135//1177 4377//1178 1673//1172
f 1677//1179 1694//1180 136//1181
f 136//1181 4371//1155 1677//1179
f 136//1181 4378//1182 1675//1175
f 137//1183 4380//1184 1696//1185
f 1680//1153 1679//1186 137//1183
f 137//1183 4379//1187 1677//1179
f 138//1188 4381//1189 1698//1190
f 1682//1158 1681//1191 138//1188
f 1698//1190 1679//1186 138//1188
f 139//1192 4382//1193 1700//1194
f 1684//1162 1683//1195 139//1192
f 1700//1194 1681//1191 139//1192
f 140//1196 4383//1197 1702//1198
f 1686//1164 1685//1199 140//1196
f 1702//1198 1683//1195 140//1196
f 141//1200 4383//1197 1685//1199
f 141//1200 5009//1201 1703//1202
f 3857//1203 2893//1204 141//1200
f 142//1205 4384//1206 1705//1207
f 1688//1169 1687//1208 142//1205
f 143//1209 4385//1210 1707//1211
f 1690//1173 1689//1212 143//1209
f 1707//1211 1687//1208 143//1209
f 144//1213 4386//1214 1709//1215
f 1692//1176 1691//1216 144//1213
f 1709//1215 1689//1212 144//1213
f 145//1217 4387//1218 1711//1219
f 145//1217 4379//1187 1693//1220
f 1711//1219 1691//1216 145//1217
f 1695//1221 1713//1222 146//1223
f 146//1223 4380//1184 1695//1221
f 146//1223 4387//1218 1693//1220
f 1697//1224 1715//1225 147//1226
f 147//1226 4381//1189 1697//1224
f 147//1226 4388//1227 1695//1221
f 1699//1228 1717//1229 148//1230
f 148//1230 4382//1193 1699//1228
f 148//1230 4389//1231 1697//1224
f 1701//1232 1719//1233 149//1234
f 149//1234 4383//1197 1701//1232
f 149//1234 4390//1235 1699//1228
f 150//1236 4391//1237 1701//1232
f 150//1236 5017//1238 1720//1239
f 151//1240 4392//1241 1722//1242
f 1705//1207 1704//1243 151//1240
f 152//1244 4393//1245 1724//1246
f 1707//1211 1706//1247 152//1244
f 1724//1246 1704//1243 152//1244
f 153//1248 4394//1249 1726//1250
f 1709//1215 1708//1251 153//1248
f 1726//1250 1706//1247 153//1248
f 154//1252 4395//1253 1728//1254
f 1711//1219 1710//1255 154//1252
f 1728//1254 1708//1251 154//1252
f 1712//1256 1730//1257 155//1258
f 155//1258 4388//1227 1712//1256
f 1730//1257 1710//1255 155//1258
f 1714//1259 1732//1260 156//1261
f 156//1261 4389//1231 1714//1259
f 156//1261 4396//1262 1712//1256
f 1716//1263 1734//1264 157//1265
f 157//1265 4390//1235 1716//1263
f 157//1265 4397//1266 1714//1259
f 1718//1267 1736//1268 158//1269
f 158//1269 4391//1237 1718//1267
f 158//1269 4398//1270 1716//1263
f 159//1271 4399//1272 1718//1267
f 159//1271 5025//1273 1737//1274
f 160//1275 4408//1276 1756//1277
f 1746//1278 1721//1279 160//1275
f 161//1280 4409//1281 1758//1282
f 1745//1283 1723//1284 161//1280
f 1758//1282 1721//1279 161//1280
f 162//1285 4410//1286 1760//1287
f 1744//1288 1725//1289 162//1285
f 1760//1287 1723//1284 162//1285
f 163//1290 4411//1291 1762//1292
f 1743//1293 1727//1294 163//1290
f 1762//1292 1725//1289 163//1290
f 1729//1295 1764//1296 164//1297
f 164//1297 4404//1298 1729//1295
f 1764//1296 1727//1294 164//1297
f 1731//1299 1766//1300 165//1301
f 165//1301 4405//1302 1731//1299
f 165//1301 4412//1303 1729//1295
f 1733//1304 1768//1305 166//1306
f 166//1306 4406//1307 1733//1304
f 166//1306 4413//1308 1731//1299
f 1735//1309 1770//1310 167//1311
f 167//1311 4407//1312 1735//1309
f 167//1311 4414//1313 1733//1304
f 168//1314 4415//1315 1735//1309
f 168//1314 5041//1316 1771//1317
f 1737//1274 2954//1318 169//1319
f 1754//1320 1737//1274 169//1319
f 169//1319 5033//1321 1738//1322
f 170//1323 4399//1272 1754//1320
f 1753//1324 1736//1268 170//1323
f 1754//1320 1739//1325 170//1323
f 171//1326 4398//1270 1753//1324
f 1752//1327 1734//1264 171//1326
f 1753//1324 1740//1328 171//1326
f 172//1329 4397//1266 1752//1327
f 1751//1330 1732//1260 172//1329
f 1752//1327 1741//1331 172//1329
f 173//1332 4396//1262 1751//1330
f 173//1332 4395//1253 1730//1257
f 1751//1330 1742//1333 173//1332
f 1728//1254 1750//1334 174//1335
f 174//1335 4394//1249 1728//1254
f 174//1335 4403//1336 1743//1293
f 1726//1250 1749//1337 175//1338
f 175//1338 4393//1245 1726//1250
f 175//1338 4402//1339 1744//1288
f 1724//1246 1748//1340 176//1341
f 176//1341 4392//1241 1724//1246
f 176//1341 4401//1342 1745//1283
f 1722//1242 1747//1343 177//1344
f 177//1344 4400//1345 1746//1278
f 2947//1346 1722//1242 177//1344
f 178//1347 4425//1348 1791//1349
f 1756//1277 1755//1350 178//1347
f 179//1351 4426//1352 1793//1353
f 1758//1282 1757//1354 179//1351
f 1793//1353 1755//1350 179//1351
f 180//1355 4427//1356 1795//1357
f 1760//1287 1759//1358 180//1355
f 1795//1357 1757//1354 180//1355
f 181//1359 4428//1360 1797//1361
f 1762//1292 1761//1362 181//1359
f 1797//1361 1759//1358 181//1359
f 1763//1363 1774//1364 182//1365
f 182//1365 4412//1303 1763//1363
f 1798//1366 1761//1362 182//1365
f 182//1365 4508//1367 1798//1366
f 1765//1368 1776//1369 183//1370
f 183//1370 4413//1308 1765//1368
f 183//1370 4418//1371 1763//1363
f 1767//1372 1778//1373 184//1374
f 184//1374 4414//1313 1767//1372
f 184//1374 4419//1375 1765//1368
f 1769//1376 1780//1377 185//1378
f 185//1378 4415//1315 1769//1376
f 185//1378 4420//1379 1767//1372
f 186//1380 4421//1381 1769//1376
f 186//1380 5047//1382 1781//1383
f 1773//1384 1772//1385 187//1386
f 187//1386 4418//1371 1773//1384
f 1775//1387 1784//1388 188//1389
f 188//1389 4419//1375 1775//1387
f 188//1389 4416//1390 1773//1384
f 1777//1391 1786//1392 189//1393
f 189//1393 4420//1379 1777//1391
f 189//1393 4423//1394 1775//1387
f 190//1395 4424//1396 1787//1397
f 190//1395 4421//1381 1779//1398
f 190//1395 4513//1399 1777//1391
f 191//1400 4424//1396 1779//1398
f 191//1400 5050//1401 1788//1402
f 1783//1403 1782//1404 192//1405
f 192//1405 4423//1394 1783//1403
f 193//1406 4514//1407 1783//1403
f 1788//1402 2984//1408 194//1409
f 1993//1410 1785//1411 194//1409
f 2982//1412 1993//1410 194//1409
f 1988//1413 1789//1414 195//1415
f 196//1416 4430//1417 1801//1418
f 1791//1349 1790//1419 196//1416
f 197//1420 4431//1421 1803//1422
f 1793//1353 1792//1423 197//1420
f 1803//1422 1790//1419 197//1420
f 198//1424 4432//1425 1805//1426
f 1795//1357 1794//1427 198//1424
f 1805//1426 1792//1423 198//1424
f 1797//1361 1796//1428 199//1429
f 1799//1430 1794//1427 199//1429
f 199//1429 4509//1431 1799//1430
f 1976//1432 1796//1428 200//1433
f 1978//1434 1804//1435 201//1436
f 202//1437 4433//1438 1809//1439
f 1801//1418 1800//1440 202//1437
f 203//1441 4434//1442 1811//1443
f 1803//1422 1802//1444 203//1441
f 1811//1443 1800//1440 203//1441
f 204//1445 4507//1446 1806//1447
f 1805//1426 1804//1435 204//1445
f 1807//1448 1802//1444 204//1445
f 1812//1449 1810//1450 205//1451
f 205//1451 4511//1452 1812//1449
f 206//1453 4435//1454 1814//1455
f 1809//1439 1808//1456 206//1453
f 207//1457 4436//1458 1816//1459
f 1811//1443 1810//1450 207//1457
f 1816//1459 1808//1456 207//1457
f 1973//1460 1815//1461 208//1462
f 1814//1455 1813//1463 209//1464
f 1974//1465 3006//1466 209//1464
f 1815//1461 1813//1463 210//1467
f 1816//1459 1815//1461 210//1467
f 1821//1468 1817//663 211//1469
f 212//1470 4245//1471 1821//1468
f 212//1470 4873//1472 1421//1473
f 1566//948 1825//1474 213//1475
f 1823//1476 1566//948 213//1475
f 213//1475 4438//1477 1818//1478
f 1581//987 1824//1479 214//1480
f 214//1480 4440//1481 1819//1482
f 214//1480 4320//947 1581//987
f 1597//1020 1822//1483 215//1484
f 215//1484 4328//986 1597//1020
f 1864//1485 1824//1479 215//1484
f 216//1486 4336//1019 1820//1050
f 3013//1487 1829//1488 216//1486
f 1837//1489 1844//1490 217//1491
f 217//1491 4503//1492 1838//1493
f 217//1491 4446//1494 1837//1489
f 1834//1495 1831//1496 218//1497
f 218//1497 4443//1498 1834//1495
f 219//1499 4449//1500 1832//1501
f 1861//1502 1835//1503 219//1499
f 220//1504 4444//1505 1833//1506
f 220//1504 4437//1507 1842//1508
f 1842//1508 1835//1503 220//1504
f 1972//1509 1836//1510 221//1511
f 3025//1512 1972//1509 221//1511
f 1838//1493 1965//1513 222//1514
f 222//1514 4447//1515 1838//1493
f 1841//1516 1839//1517 223//1518
f 224//1519 4451//1520 1840//1521
f 1849//1522 1843//1523 225//1524
f 225//1524 4504//1525 1849//1522
f 1846//1526 1851//1527 226//1528
f 226//1528 4452//1529 1845//1530
f 1854//1531 1847//1532 227//1533
f 228//1534 4458//1535 1848//1536
f 1857//1537 1850//1538 229//1539
f 229//1539 4505//1540 1857//1537
f 1853//1541 1856//1542 230//1543
f 230//1543 4456//1544 1852//1545
f 231//1546 5081//1547 3036//1548
f 2064//1549 1847//1532 231//1546
f 1858//1550 3037//1551 232//1552
f 3037//1551 1855//1553 232//1552
f 233//1554 4457//1555 2064//1549
f 1967//1556 1856//1542 233//1554
f 1875//1557 1859//1558 234//1559
f 235//1560 4441//1561 1871//1562
f 1871//1562 1827//1563 235//1560
f 1872//1564 1826//1565 235//1560
f 1876//1566 1860//1567 236//1568
f 1818//1478 1870//1569 237//1570
f 237//1570 4459//1571 1828//1572
f 1871//1562 1818//1478 237//1570
f 238//1573 4444//1505 1861//1502
f 1819//1482 1878//1574 239//1575
f 239//1575 4438//1477 1819//1482
f 239//1575 4463//1576 1862//1577
f 1833//1506 1874//1578 240//1579
f 240//1579 4463//1576 1863//1580
f 240//1579 4445//1581 1833//1506
f 241//1582 4440//1481 1864//1485
f 3060//1583 1865//1584 242//1585
f 243//1586 5065//1587 3056//1588
f 243//1586 4439//1589 1829//1488
f 3056//1588 1866//1590 243//1586
f 1869//1591 1867//1592 244//1593
f 245//1594 4442//1595 1872//1564
f 1872//1564 1868//1596 245//1594
f 245//1594 5068//1597 1830//1598
f 246//1599 4248//655 1883//1600
f 1883//1600 1879//701 246//1599
f 247//1601 4250//1602 1880//707
f 247//1601 4249//650 1448//648
f 248//1603 4317//1604 1884//1605
f 1884//1605 1881//1606 248//1603
f 249//1607 4319//1608 1882//978
f 249//1607 4318//1609 1579//1610
f 1430//651 1901//1611 250//1612
f 250//1612 4240//1613 1430//651
f 250//1612 4476//1614 1885//1615
f 1893//1616 1886//1617 251//1618
f 251//1618 4475//1619 1893//1616
f 1900//1620 1887//683 252//1621
f 252//1621 4478//1622 1900//1620
f 1439//678 1898//1623 253//1624
f 253//1624 4317//1604 1439//678
f 253//1624 4479//1625 1888//1626
f 254//1627 4249//650 1889//1628
f 1909//1629 1901//1611 254//1627
f 255//1630 4465//1631 1890//1632
f 256//1633 4248//655 1893//1616
f 1894//1634 1883//1600 256//1633
f 1899//1635 1891//1636 257//1637
f 257//1637 4482//1638 1899//1635
f 1897//1639 1892//973 258//1640
f 1884//1605 1896//1641 259//1642
f 1902//1643 1884//1605 259//1642
f 260//1644 4486//1645 1905//1646
f 1916//1647 1906//1648 261//1649
f 261//1649 4491//1650 1916//1647
f 1919//1651 1907//1652 262//1653
f 262//1653 4492//1654 1919//1651
f 263//1655 4483//1656 1908//1657
f 264//1658 4476//1614 1909//1629
f 1929//1659 1917//1660 264//1658
f 1916//1647 1910//1661 265//1662
f 1924//1663 1911//1664 266//1665
f 266//1665 4489//1666 1924//1663
f 267//1667 4490//1668 1912//1669
f 268//1670 4485//1671 1934//1672
f 1934//1672 1914//1673 268//1670
f 1923//1674 1938//1675 269//1676
f 1938//1675 1922//1677 269//1676
f 270//1678 4502//1679 1925//1680
f 1943//1681 1926//1682 271//1683
f 271//1683 4501//1684 1943//1681
f 1944//1685 1927//1686 272//1687
f 272//1687 4496//1688 1944//1685
f 273//1689 4494//1690 1928//1691
f 274//1692 4486//1645 1929//1659
f 1949//1693 1937//1694 274//1692
f 1943//1681 1930//1695 275//1696
f 1941//1697 1931//1698 276//1699
f 276//1699 4493//1700 1941//1697
f 277//1701 4495//1702 1932//1703
f 1936//1704 1957//1705 278//1706
f 1957//1705 1935//1707 278//1706
f 1940//1708 1960//1709 279//1710
f 1960//1709 1939//1711 279//1710
f 280//1712 4468//1713 1945//1714
f 281//1715 4468//1713 1963//1716
f 1956//1717 1945//1714 281//1715
f 1963//1716 1946//1718 281//1715
f 282//1719 4471//1720 1956//1717
f 282//1719 4470//1721 1948//1722
f 1956//1717 1947//1723 282//1719
f 283//1724 4471//1720 1948//1722
f 1950//1725 1964//1726 284//1727
f 284//1727 4469//1728 1950//1725
f 284//1727 4502//1679 1949//1693
f 1963//1716 1950//1725 285//1729
f 1952//1730 1953//1731 286//1732
f 286//1732 4493//1700 1951//1733
f 286//1732 4472//1734 1952//1730
f 1955//1735 1952//1730 287//1736
f 1959//1737 1958//1738 288//1739
f 1962//1740 1961//1741 289//1742
f 290//1743 4456//1544 1967//1556
f 290//1743 4452//1529 1852//1545
f 1845//1530 1966//1744 291//1745
f 291//1745 4503//1492 1845//1530
f 292//1746 4505//1540 1968//1747
f 292//1746 5131//1748 1971//1749
f 293//1750 4504//1525 1969//1751
f 293//1750 5130//1752 1970//1753
f 294//1754 4506//1755 1973//1460
f 294//1754 5132//1756 1974//1465
f 295//1757 4508//1367 1975//1758
f 295//1757 5134//1759 1982//1760
f 296//1761 4416//1390 1994//1762
f 1981//1763 1772//1385 296//1761
f 297//1764 4429//1765 1976//1432
f 297//1764 5055//1766 1983//1767
f 1984//1768 1977//1769 298//1770
f 3153//1771 1984//1768 298//1770
f 299//1772 4507//1446 1978//1434
f 299//1772 5133//1773 1980//1774
f 1980//1774 3000//1775 300//1776
f 300//1776 5136//1777 1985//1778
f 301//1779 4511//1452 1979//1780
f 301//1779 5137//1781 1986//1782
f 1994//1762 1987//1783 302//1784
f 3156//1785 1994//1762 302//1784
f 303//1786 5140//1787 2979//1788
f 1991//1789 1782//1404 303//1786
f 1992//1790 1988//1413 304//1791
f 3157//1792 1992//1790 304//1791
f 1990//1793 1989//1794 305//1795
f 3158//1796 1990//1793 305//1795
f 306//1797 4546//1798 2007//1799
f 2007//1799 1999//1800 306//1797
f 3960//1801 1996//1802 306//1797
f 1997//1803 2003//1804 307//1805
f 307//1805 4523//1806 2000//1807
f 307//1805 4517//1808 1997//1803
f 308//1809 4547//1810 2005//1811
f 2002//1812 1998//864 308//1809
f 2005//1811 2001//1813 308//1809
f 309//1814 4518//1815 2002//1812
f 2044//1816 2004//1817 310//1818
f 2043//1819 2006//1820 311//1821
f 2008//1822 2018//1823 312//1824
f 312//1824 4535//1825 2016//1826
f 312//1824 4520//1827 2008//1822
f 2009//1828 2020//1829 313//1830
f 313//1830 4528//1831 2008//1822
f 313//1830 4543//1832 2009//1828
f 314//1833 4529//1834 2009//1828
f 3962//1835 2022//1836 314//1833
f 2025//1837 2011//1838 315//1839
f 3964//1840 2025//1837 315//1839
f 316//1841 4534//1842 2028//1843
f 2028//1843 2013//1844 316//1841
f 2031//1845 2014//1846 316//1841
f 317//1847 4535//1825 2030//1848
f 2030//1848 2014//1846 317//1847
f 3971//1849 2016//1826 317//1847
f 2017//1850 2029//1851 318//1852
f 318//1852 4528//1831 2017//1850
f 2019//1853 2017//1850 319//1854
f 319//1854 4529//1834 2019//1853
f 2021//1855 2019//1853 320//1856
f 320//1856 4530//1857 2021//1855
f 2023//1858 2021//1855 321//1859
f 321//1859 4531//1860 2023//1858
f 2024//1861 2023//1858 322//1862
f 322//1862 4532//1863 2024//1861
f 2026//1864 2024//1861 323//1865
f 323//1865 4533//1866 2026//1864
f 2027//1867 2026//1864 324//1868
f 324//1868 4534//1842 2027//1867
f 2029//1851 2027//1867 325//1869
f 325//1869 4535//1825 2029//1851
f 3966//1870 2015//1871 326//1872
f 3972//1873 2031//1845 326//1872
f 327//1874 4522//1875 2032//1876
f 3968//1877 2012//1878 327//1874
f 328//1879 4527//1880 2010//1881
f 328//1879 4526//1882 2033//1883
f 1999//1800 2036//1884 329//1885
f 2036//1884 2034//1886 329//1885
f 330//1887 4516//837 2042//1888
f 330//1887 4545//833 2037//1889
f 1521//868 2038//862 331//1890
f 1522//830 2044//1816 332//1891
f 332//1891 4547//1810 2039//863
f 333//1892 4286//1893 2040//869
f 2054//1894 1487//798 334//1895
f 2061//1896 2055//1897 334//1898
f 2082//1899 2061//1896 334//1898
f 334//1898 4568//1900 2082//1899
f 334//1898 4569//1901 2107//1902
f 335//1903 4267//1904 2054//1894
f 335//1903 4266//1905 1488//760
f 2055//1897 2059//1906 336//1907
f 2306//1908 2045//793 336//1909
f 337//1910 4283//828 2046//854
f 337//1911 4565//1912 2099//1913
f 2099//1913 2077//1914 337//1911
f 2297//1915 2047//1916 338//1917
f 338//1918 4668//1919 2070//1920
f 339//1921 4289//1922 2048//885
f 2104//1923 2080//1924 339//1923
f 3242//1925 2104//1923 339//1923
f 1515//820 2050//1926 340//1927
f 340//1928 4660//1929 2066//1930
f 3217//1931 1515//820 340//1927
f 3998//1932 3217//1933 340//1928
f 341//1934 4566//1935 2101//1936
f 2101//1936 2078//1937 341//1934
f 342//1938 4290//1939 2049//890
f 342//1940 4567//1941 2103//1942
f 2103//1942 2079//1943 342//1940
f 1517//822 2051//1944 343//1945
f 343//1945 4281//1946 1517//822
f 343//1947 4664//1948 2068//1949
f 2063//1950 3223//1951 344//1952
f 344//1952 5181//1953 2076//1954
f 345//1955 4551//1956 2056//1957
f 2058//1958 2057//1959 346//1960
f 346//1960 4550//1961 2058//1958
f 2060//1962 2058//1958 347//1963
f 2061//1896 2083//1964 347//1963
f 2062//1965 2060//1962 348//1966
f 2063//1950 2062//1965 349//1967
f 3229//1968 2063//1950 349//1967
f 1971//1749 3045//1969 350//1970
f 350//1970 5084//1971 1858//1550
f 2066//1930 2318//1972 351//1973
f 2292//1974 2085//1975 351//1973
f 3999//1976 2066//1930 351//1973
f 2068//1949 2326//1977 352//1978
f 352//1978 4559//1979 2065//1980
f 2300//1981 2087//1982 352//1978
f 2070//1920 2334//1983 353//1984
f 2089//1985 2067//1986 353//1984
f 2309//1987 2089//1985 353//1984
f 2071//1988 2091//1989 354//1990
f 2072//1991 2071//1988 354//1990
f 2091//1989 2069//1992 354//1990
f 2073//1993 2123//1994 355//1995
f 2092//1996 2071//1988 355//1995
f 355//1995 4575//1997 2092//1996
f 356//1998 4563//1999 2095//2000
f 2075//2001 2074//2002 356//1998
f 356//1998 4554//2003 2075//2001
f 357//2004 4563//1999 2074//2002
f 357//2004 5189//2005 2096//2006
f 2082//1899 2105//2007 358//2008
f 358//2008 4558//2009 2082//1899
f 2125//2010 2083//1964 358//2008
f 2084//2011 2120//2012 359//2013
f 2085//1975 2084//2011 359//2013
f 2086//2014 2084//2011 360//2015
f 360//2015 4560//2016 2086//2014
f 2088//2017 2086//2014 361//2018
f 361//2018 4561//2019 2088//2017
f 362//2020 4552//2021 2088//2017
f 362//2020 4562//2022 2090//2023
f 2093//2024 2090//2023 363//2025
f 2094//2026 2093//2024 364//2027
f 364//2027 4563//1999 2094//2026
f 365//2028 4552//2021 2094//2026
f 365//2028 5178//2029 2120//2012
f 2097//2030 2109//2031 366//2032
f 2109//2031 2106//2033 366//2032
f 366//2032 4745//2034 2097//2030
f 2111//2035 2097//2030 367//2036
f 367//2036 4781//2037 2540//2038
f 367//2036 4571//2039 2111//2035
f 2100//2040 2113//2041 368//2042
f 2113//2041 2098//2043 368//2042
f 2445//2044 2494//2045 368//2042
f 2115//2046 2100//2040 369//2047
f 2447//2048 2520//2049 369//2047
f 369//2047 4573//2050 2115//2046
f 2116//2051 2102//2052 370//2053
f 3263//2054 2116//2051 370//2053
f 370//2053 5385//2055 3263//2054
f 2081//2056 2125//2010 371//2057
f 371//2057 4577//2058 2124//2059
f 2126//2060 2081//2056 371//2057
f 2124//2059 2105//2007 372//2061
f 372//2061 4795//2062 2568//2063
f 2476//2064 2119//2065 372//2061
f 2108//2066 2118//2067 373//2068
f 373//2068 4570//2069 2108//2066
f 2110//2070 2108//2066 374//2071
f 2111//2035 2110//2070 374//2071
f 2112//2072 2110//2070 375//2073
f 375//2073 4572//2074 2112//2072
f 2114//2075 2112//2072 376//2076
f 376//2076 4573//2050 2114//2075
f 2121//2077 2114//2075 377//2078
f 3274//2079 2121//2077 377//2078
f 378//2080 4556//2081 2126//2060
f 2126//2060 2121//2077 378//2080
f 378//2080 5182//2082 2117//2083
f 2118//2067 2122//2084 379//2085
f 2119//2065 2118//2067 379//2085
f 2139//2086 2127//2087 380//2088
f 380//2088 4580//2089 2139//2086
f 2181//2090 2149//2091 380//2088
f 2140//2092 2128//2093 381//2094
f 381//2094 4582//2095 2140//2092
f 2182//2096 2150//2097 381//2094
f 382//2098 4584//2099 2129//2100
f 2151//2101 2141//2102 382//2098
f 383//2103 4585//2104 2130//2105
f 2152//2106 2142//2107 383//2103
f 384//2108 4597//2109 2131//2110
f 2154//2111 2217//2112 385//2113
f 385//2113 4619//2114 2132//2115
f 2143//2116 2133//2117 386//2118
f 386//2118 4262//2119 2143//2116
f 2183//2120 2147//2121 386//2118
f 2144//2122 2134//2123 387//2124
f 387//2124 4587//2125 2144//2122
f 2178//2126 2155//2127 387//2124
f 388//2128 4590//2129 2135//2130
f 2148//2131 2145//2132 388//2128
f 389//2133 4591//2134 2136//2135
f 2157//2136 2146//2137 389//2133
f 390//2138 4612//2139 2177//2140
f 2220//2141 2137//2142 390//2138
f 2214//2143 2138//2144 391//2145
f 392//2146 4465//1631 2197//708
f 2194//702 1890//1632 392//2146
f 2196//2147 2194//702 392//2146
f 2174//2148 2147//2121 393//2149
f 2128//2093 2161//2150 394//2151
f 394//2151 4592//2152 2128//2093
f 395//2153 4612//2139 2148//2131
f 2130//2105 2163//2154 396//2155
f 396//2155 4583//2156 2130//2105
f 2132//2115 2204//2157 397//2158
f 397//2158 4585//2104 2132//2115
f 2191//2159 2228//2160 398//2161
f 398//2161 4607//2162 2181//2090
f 2228//2160 2196//2147 398//2161
f 2187//2163 2226//2164 399//2165
f 399//2165 4605//2166 2182//2096
f 2226//2164 2191//2159 399//2165
f 1462//705 2170//2167 400//2168
f 2172//2169 2149//2091 401//2170
f 2127//2087 2171//2171 402//2172
f 402//2172 4593//2173 2127//2087
f 2175//2174 2150//2097 403//2175
f 1463//711 2162//2176 404//2177
f 404//2177 4256//713 1463//711
f 405//2178 4596//2179 2151//2101
f 2129//2100 2164//2180 406//2181
f 406//2181 4581//2182 2129//2100
f 407//2183 4604//2184 2152//2106
f 408//2185 4257//710 1464//716
f 2219//2186 2153//2187 408//2185
f 2131//2110 2213//2188 409//2189
f 409//2189 4584//2099 2131//2110
f 2213//2188 2154//2111 409//2189
f 410//2190 4579//2191 2183//2120
f 2184//2192 2227//2193 410//2190
f 411//2194 4601//2195 2178//2126
f 2225//2196 2184//2192 411//2194
f 2133//2117 2165//2197 412//2198
f 412//2198 4595//2199 2133//2117
f 2169//2200 2155//2127 413//2201
f 2134//2123 2173//2202 414//2203
f 2167//2204 2156//765 415//2205
f 2135//2130 2166//2206 416//2207
f 2165//2197 2135//2130 416//2207
f 417//2208 4600//2209 2157//2136
f 2136//2135 2176//2210 418//2211
f 2173//2202 2136//2135 418//2211
f 419//2212 4594//2213 2158//770
f 420//2214 4590//2129 2137//2142
f 2218//2215 2159//2216 420//2214
f 2138//2144 2216//2217 421//2218
f 421//2218 4591//2134 2138//2144
f 2216//2217 2160//775 421//2218
f 1466//718 2205//2219 422//2220
f 2205//2219 2206//2221 423//2222
f 2206//2221 2207//2223 424//2224
f 424//2224 4597//2109 2206//2221
f 2207//2223 2208//741 425//2225
f 425//2225 4615//2226 2207//2223
f 1480//739 2209//2227 426//2228
f 2209//2227 2210//2229 427//2230
f 2210//2229 2211//2231 428//2232
f 2211//2231 2212//779 429//2233
f 429//2233 4614//2234 2211//2231
f 430//2235 4624//2236 2221//2237
f 431//2238 4606//734 2222//2239
f 432//2240 4261//2241 2223//2242
f 433//2243 4261//2241 2225//2196
f 433//2243 4623//758 2224//2244
f 464//2245 4281//1946 2289//2245
f 464//2246 4658//2247 2316//2248
f 465//2245 4281//1946 2290//2249
f 465//2250 4670//2251 2338//2252
f 2065//1980 2291//2253 466//2254
f 2340//2255 2294//2256 466//2254
f 2291//2253 2292//1974 467//2257
f 2317//2258 2293//2259 467//2257
f 468//2260 4548//824 2295//2260
f 468//2261 4662//2262 2322//2263
f 469//2260 4548//824 2296//2260
f 469//2264 4678//2265 2354//2266
f 470//2260 4548//824 2297//1915
f 470//2267 4682//2268 2362//2269
f 2067//1986 2298//2270 471//2271
f 2364//2272 2303//2273 471//2271
f 2298//2270 2299//2274 472//2275
f 2356//2276 2302//2277 472//2275
f 2299//2274 2300//1981 473//2278
f 2324//2279 2301//2280 473//2278
f 474//2281 4274//2282 2304//2281
f 474//2283 4666//2284 2330//2285
f 475//2286 4274//2282 2305//2281
f 475//2287 4690//2288 2378//2289
f 476//2286 4274//2282 2306//1908
f 476//2290 4694//2291 2386//2292
f 2069//1992 2307//2293 477//2294
f 2388//2295 2312//2296 477//2294
f 2307//2293 2308//2297 478//2298
f 2380//2299 2311//2300 478//2298
f 2308//2297 2309//1987 479//2301
f 2332//2302 2310//2303 479//2301
f 480//2304 4742//2305 2439//2306
f 2316//2248 2315//2307 480//2304
f 480//2304 4741//2308 2313//2309
f 481//2310 4742//2305 2315//2307
f 481//2310 4743//2311 2440//2312
f 482//2313 4737//2314 2435//2315
f 482//2313 4661//2316 2319//2317
f 482//2313 4740//2318 2325//2319
f 483//2320 4738//2321 2436//2322
f 2322//2263 2321//2323 483//2320
f 2436//2322 2319//2317 483//2320
f 2323//2324 2437//2325 484//2326
f 484//2326 4663//2327 2323//2324
f 484//2326 4738//2321 2321//2323
f 485//2328 4740//2318 2438//2329
f 2326//1977 2325//2319 485//2328
f 485//2328 4739//2330 2323//2324
f 2327//2331 2431//2332 486//2333
f 486//2333 4665//2334 2327//2331
f 486//2333 4736//2335 2333//2336
f 487//2337 4734//2338 2432//2339
f 2330//2285 2329//2340 487//2337
f 2432//2339 2327//2331 487//2337
f 2331//2341 2433//2342 488//2343
f 488//2343 4667//2344 2331//2341
f 488//2343 4734//2338 2329//2340
f 489//2345 4736//2335 2434//2346
f 2334//1983 2333//2336 489//2345
f 2434//2346 2331//2341 489//2345
f 490//2347 4729//2348 2427//2349
f 490//2347 4669//2350 2335//2351
f 490//2347 4732//2352 2341//2353
f 491//2354 4730//2355 2428//2356
f 2338//2252 2337//2357 491//2354
f 2428//2356 2335//2351 491//2354
f 492//2358 4731//2359 2429//2360
f 492//2358 4671//2361 2339//2362
f 492//2358 4730//2355 2337//2357
f 493//2363 4732//2352 2430//2364
f 493//2363 4672//2365 2341//2353
f 493//2363 4731//2359 2339//2362
f 494//2366 4725//2367 2423//2368
f 2344//2369 2343//2370 494//2366
f 494//2366 4728//2371 2349//2372
f 495//2373 4726//2374 2424//2375
f 495//2373 4674//2376 2345//2377
f 495//2373 4725//2367 2343//2370
f 496//2378 4727//2379 2425//2380
f 496//2378 4675//2381 2347//2382
f 496//2378 4726//2374 2345//2377
f 497//2383 4728//2371 2426//2384
f 2350//2385 2349//2372 497//2383
f 2426//2384 2347//2382 497//2383
f 2351//2386 2419//2387 498//2388
f 498//2388 4677//2389 2351//2386
f 498//2388 4724//2390 2357//2391
f 499//2392 4722//2393 2420//2394
f 2354//2266 2353//2395 499//2392
f 2420//2394 2351//2386 499//2392
f 2355//2396 2421//2397 500//2398
f 500//2398 4679//2399 2355//2396
f 500//2398 4722//2393 2353//2395
f 501//2400 4724//2390 2422//2401
f 2358//2402 2357//2391 501//2400
f 2422//2401 2355//2396 501//2400
f 2359//2403 2415//2404 502//2405
f 502//2405 4681//2406 2359//2403
f 502//2405 4720//2407 2365//2408
f 503//2409 4718//2410 2416//2411
f 2362//2269 2361//2412 503//2409
f 2416//2411 2359//2403 503//2409
f 2363//2413 2417//2414 504//2415
f 504//2415 4683//2416 2363//2413
f 504//2415 4718//2410 2361//2412
f 505//2417 4720//2407 2418//2418
f 2366//2419 2365//2408 505//2417
f 2418//2418 2363//2413 505//2417
f 2367//2420 2411//2421 506//2422
f 506//2422 4685//2423 2367//2420
f 506//2422 4716//2424 2373//2425
f 507//2426 4714//2427 2412//2428
f 2370//2429 2369//2430 507//2426
f 2412//2428 2367//2420 507//2426
f 2371//2431 2413//2432 508//2433
f 508//2433 4687//2434 2371//2431
f 508//2433 4714//2427 2369//2430
f 509//2435 4716//2424 2414//2436
f 2374//2437 2373//2425 509//2435
f 2414//2436 2371//2431 509//2435
f 2375//2438 2407//2439 510//2440
f 510//2440 4689//2441 2375//2438
f 510//2440 4712//2442 2381//2443
f 511//2444 4710//2445 2408//2446
f 2378//2289 2377//2447 511//2444
f 2408//2446 2375//2438 511//2444
f 2379//2448 2409//2449 512//2450
f 512//2450 4691//2451 2379//2448
f 512//2450 4710//2445 2377//2447
f 513//2452 4712//2442 2410//2453
f 2382//2454 2381//2443 513//2452
f 2410//2453 2379//2448 513//2452
f 2383//2455 2403//2456 514//2457
f 514//2457 4693//2458 2383//2455
f 514//2457 4708//2459 2389//2460
f 515//2461 4706//2462 2404//2463
f 2386//2292 2385//2464 515//2461
f 2404//2463 2383//2455 515//2461
f 2387//2465 2405//2466 516//2467
f 516//2467 4695//2468 2387//2465
f 516//2467 4706//2462 2385//2464
f 517//2469 4708//2459 2406//2470
f 2390//2471 2389//2460 517//2469
f 2406//2470 2387//2465 517//2469
f 2391//2472 2399//2473 518//2474
f 518//2474 4697//2475 2391//2472
f 518//2474 4704//2476 2397//2477
f 519//2478 4702//2479 2400//2480
f 2394//2481 2393//2482 519//2478
f 2400//2480 2391//2472 519//2478
f 2395//2483 2401//2484 520//2485
f 520//2485 4699//2486 2395//2483
f 520//2485 4702//2479 2393//2482
f 521//2487 4704//2476 2402//2488
f 2398//2489 2397//2477 521//2487
f 2402//2488 2395//2483 521//2487
f 2402//2488 2399//2473 522//2490
f 2406//2470 2403//2456 523//2491
f 2410//2453 2407//2439 524//2492
f 2414//2436 2411//2421 525//2493
f 2418//2418 2415//2404 526//2494
f 2422//2401 2419//2387 527//2495
f 2426//2384 2423//2368 528//2496
f 2430//2364 2427//2349 529//2497
f 2434//2346 2431//2332 530//2498
f 2438//2329 2435//2315 531//2499
f 3974//2500 2439//2306 532//2501
f 3975//2502 3974//2500 532//2501
f 2456//2503 2441//2504 533//2505
f 533//2505 4763//2506 2452//2507
f 533//2505 4747//2508 2456//2503
f 2099//1913 2455//2509 534//2510
f 534//2510 4748//2511 2442//2512
f 534//2510 4564//2513 2099//1913
f 535//2514 4782//2515 2542//2516
f 535//2514 4781//2037 2443//2517
f 2101//1936 2458//2518 536//2519
f 536//2519 4565//1912 2101//1936
f 536//2519 4750//2520 2444//2521
f 2460//2522 2496//2523 537//2524
f 537//2524 4753//2525 2457//2526
f 537//2524 4756//2527 2445//2044
f 2103//1942 2454//2528 538//2529
f 538//2529 4749//2530 2446//2531
f 538//2529 4566//1935 2103//1942
f 539//2532 4771//2533 2521//2534
f 2498//2535 2460//2522 539//2532
f 539//2532 4770//2536 2447//2048
f 540//2537 5193//2538 3608//2539
f 540//2537 4567//1941 2104//1923
f 3608//2539 2450//2540 540//2537
f 541//2541 4760//2542 2459//2543
f 541//2541 5387//2544 2448//2545
f 542//2546 4569//1901 2451//2547
f 2453//2548 2107//1902 542//2546
f 543//2549 4796//2550 2570//2551
f 2570//2551 2449//2552 543//2549
f 2102//2052 2461//2553 544//2554
f 4052//2555 2102//2052 544//2554
f 2461//2553 2462//2556 545//2557
f 545//2557 4767//2558 2514//2559
f 4213//2560 4144//2561 545//2557
f 2459//2543 4193//2562 546//2563
f 2518//2564 2463//2565 546//2563
f 546//2563 4769//2566 2518//2564
f 4211//2567 4130//2568 546//2563
f 2463//2565 2516//2569 547//2570
f 4115//2571 2464//2572 547//2570
f 2098//2043 2465//2573 548//2574
f 548//2574 4752//2575 2486//2576
f 2465//2573 2466//2577 549//2578
f 549//2578 4774//2579 2526//2580
f 2466//2577 2467//2581 550//2582
f 550//2582 4778//2583 2534//2584
f 2457//2526 2488//2585 551//2586
f 551//2586 4752//2575 2471//2587
f 551//2586 4775//2588 2468//2589
f 2468//2589 2528//2590 552//2591
f 552//2591 4774//2579 2472//2592
f 2538//2593 2469//2594 552//2591
f 553//2595 4779//2596 2536//2597
f 553//2595 4778//2583 2473//2598
f 2544//2599 2470//2600 553//2595
f 2106//2033 2474//2601 554//2602
f 554//2602 4762//2603 2504//2604
f 2474//2601 2475//2605 555//2606
f 555//2606 4785//2607 2548//2608
f 2475//2605 2476//2064 556//2609
f 556//2609 4789//2610 2556//2611
f 2452//2507 2506//2612 557//2613
f 557//2613 4762//2603 2480//2614
f 2552//2615 2477//2616 557//2613
f 2477//2616 2550//2617 558//2618
f 558//2618 4785//2607 2481//2619
f 2560//2620 2478//2621 558//2618
f 559//2622 4790//2623 2558//2624
f 559//2622 4789//2610 2482//2625
f 2564//2626 2479//2627 559//2622
f 560//2628 4841//2629 2611//2630
f 560//2628 4751//2631 2483//2632
f 560//2628 4844//2633 2489//2634
f 561//2635 4842//2636 2612//2637
f 2486//2576 2485//2638 561//2635
f 561//2635 4841//2629 2483//2632
f 562//2639 4843//2640 2613//2641
f 562//2639 4753//2525 2487//2642
f 562//2639 4842//2636 2485//2638
f 563//2643 4844//2633 2614//2644
f 2490//2645 2489//2634 563//2643
f 563//2643 4843//2640 2487//2642
f 564//2646 4837//2647 2607//2648
f 564//2646 4755//2649 2491//2650
f 564//2646 4840//2651 2497//2652
f 565//2653 4838//2654 2608//2655
f 2494//2045 2493//2656 565//2653
f 565//2653 4837//2647 2491//2650
f 566//2657 4839//2658 2609//2659
f 566//2657 4757//2660 2495//2661
f 566//2657 4838//2654 2493//2656
f 567//2662 4840//2651 2610//2663
f 2498//2535 2497//2652 567//2662
f 567//2662 4839//2658 2495//2661
f 568//2664 4836//2665 2501//2666
f 568//2664 4833//2667 2605//2668
f 569//2669 4836//2665 2606//2670
f 2502//2671 2501//2666 569//2669
f 569//2669 4835//2672 2500//2673
f 570//2674 4829//2675 2601//2676
f 2504//2604 2503//2677 570//2674
f 2601//2676 2509//2678 570//2674
f 2505//2679 2602//2680 571//2681
f 571//2681 4763//2506 2505//2679
f 571//2681 4829//2675 2503//2677
f 572//2682 4831//2683 2603//2684
f 2508//2685 2507//2686 572//2682
f 2603//2684 2505//2679 572//2682
f 2509//2678 2604//2687 573//2688
f 573//2688 4765//2689 2509//2678
f 573//2688 4831//2683 2507//2686
f 574//2690 4825//2691 2597//2692
f 574//2690 4766//2693 2511//2694
f 574//2690 4828//2695 2517//2696
f 575//2697 4826//2698 2598//2699
f 2514//2559 2513//2700 575//2697
f 575//2697 4825//2691 2511//2694
f 576//2701 4827//2702 2599//2703
f 576//2701 4768//2704 2515//2705
f 576//2701 4826//2698 2513//2700
f 577//2706 4828//2695 2600//2707
f 2518//2564 2517//2696 577//2706
f 577//2706 4827//2702 2515//2705
f 578//2708 4821//2709 2595//2710
f 2520//2049 2519//2711 578//2708
f 578//2708 4824//2712 2522//2713
f 579//2714 4821//2709 2519//2711
f 3983//2715 2596//2716 579//2714
f 580//2717 4817//2718 2591//2719
f 580//2717 4773//2720 2523//2721
f 580//2717 4820//2722 2529//2723
f 581//2724 4818//2725 2592//2726
f 2526//2580 2525//2727 581//2724
f 581//2724 4817//2718 2523//2721
f 582//2728 4819//2729 2593//2730
f 582//2728 4775//2588 2527//2731
f 582//2728 4818//2725 2525//2727
f 583//2732 4820//2722 2594//2733
f 2530//2734 2529//2723 583//2732
f 583//2732 4819//2729 2527//2731
f 2531//2735 2587//2736 584//2737
f 584//2737 4777//2738 2531//2735
f 584//2737 4816//2739 2537//2740
f 585//2741 4814//2742 2588//2743
f 2534//2584 2533//2744 585//2741
f 2588//2743 2531//2735 585//2741
f 2535//2745 2589//2746 586//2747
f 586//2747 4779//2596 2535//2745
f 586//2747 4814//2742 2533//2744
f 587//2748 4816//2739 2590//2749
f 2538//2593 2537//2740 587//2748
f 2590//2749 2535//2745 587//2748
f 588//2750 4809//2751 2583//2752
f 2540//2038 2539//2753 588//2750
f 588//2750 4812//2754 2545//2755
f 589//2756 4810//2757 2584//2758
f 589//2756 4782//2515 2541//2759
f 589//2756 4809//2751 2539//2753
f 590//2760 4811//2761 2585//2762
f 2544//2599 2543//2763 590//2760
f 2585//2762 2541//2759 590//2760
f 2545//2755 2586//2764 591//2765
f 591//2765 4784//2766 2545//2755
f 591//2765 4811//2761 2543//2763
f 592//2767 4805//2768 2579//2769
f 2548//2608 2547//2770 592//2767
f 2579//2769 2553//2771 592//2767
f 2549//2772 2580//2773 593//2774
f 593//2774 4786//2775 2549//2772
f 593//2774 4805//2768 2547//2770
f 594//2776 4807//2777 2581//2778
f 2552//2615 2551//2779 594//2776
f 2581//2778 2549//2772 594//2776
f 2553//2771 2582//2780 595//2781
f 595//2781 4788//2782 2553//2771
f 595//2781 4807//2777 2551//2779
f 596//2783 4801//2784 2575//2785
f 2556//2611 2555//2786 596//2783
f 2575//2785 2561//2787 596//2783
f 2557//2788 2576//2789 597//2790
f 597//2790 4790//2623 2557//2788
f 597//2790 4801//2784 2555//2786
f 598//2791 4803//2792 2577//2793
f 2560//2620 2559//2794 598//2791
f 2577//2793 2557//2788 598//2791
f 2561//2787 2578//2795 599//2796
f 599//2796 4792//2797 2561//2787
f 599//2796 4803//2792 2559//2794
f 600//2798 4797//2799 2571//2800
f 2564//2626 2563//2801 600//2798
f 2571//2800 2569//2802 600//2798
f 2565//2803 2572//2804 601//2805
f 601//2805 4794//2806 2565//2803
f 601//2805 4797//2799 2563//2801
f 602//2807 4799//2808 2573//2809
f 2568//2063 2567//2810 602//2807
f 2573//2809 2565//2803 602//2807
f 2569//2802 2574//2811 603//2812
f 603//2812 4796//2550 2569//2802
f 603//2812 4799//2808 2567//2810
f 604//2813 4800//2814 2571//2800
f 605//2815 4804//2816 2575//2785
f 606//2817 4808//2818 2579//2769
f 607//2819 4812//2754 2583//2752
f 2590//2749 2587//2736 608//2820
f 2594//2733 2591//2719 609//2821
f 3984//2822 2595//2710 610//2823
f 2600//2707 2597//2692 611//2824
f 612//2825 4832//2826 2601//2676
f 2606//2670 2605//2668 613//2827
f 3981//2828 2606//2670 613//2827
f 2610//2663 2607//2648 614//2829
f 2614//2644 2611//2630 615//2830
f 616//2831 4350//1074 2620//2832
f 2623//2833 1623//1075 616//2831
f 617//2834 4342//2835 2623//2833
f 617//2834 4341//2836 1624//1038
f 618//2837 4349//2838 2615//1069
f 2627//2839 2621//2840 618//2837
f 1639//1106 2622//2841 619//2842
f 619//2842 4350//1074 1639//1106
f 619//2842 4851//2843 2620//2832
f 620//2844 4358//1105 2616//1133
f 2619//2845 2617//2846 621//2847
f 2634//2848 2626//2849 622//2850
f 623//2851 4848//2852 2627//2839
f 2639//2853 2630//2854 623//2851
f 2634//2848 2628//2855 624//2856
f 624//2856 4854//2857 2634//2848
f 625//2858 4855//2859 2629//2860
f 626//2861 4857//2862 2644//2863
f 626//2861 4856//2864 2632//2865
f 2637//2866 2647//2867 627//2868
f 2647//2867 2636//2869 627//2868
f 2642//2870 2638//2871 628//2872
f 629//2873 4855//2859 2639//2853
f 2651//2874 2643//2875 629//2873
f 2642//2870 2640//2876 630//2877
f 630//2877 4863//2878 2642//2870
f 631//2879 4862//2880 2641//2881
f 2646//2882 2654//2883 632//2884
f 2654//2883 2645//2885 632//2884
f 2649//2886 2659//2887 633//2888
f 2659//2887 2648//2889 633//2888
f 2658//2890 2650//2891 634//2892
f 2650//2891 2657//2893 635//2894
f 635//2894 4862//2880 2651//2874
f 635//2894 4845//2895 2650//2891
f 636//2896 4846//2897 2658//2890
f 636//2896 4847//2898 2653//2899
f 2658//2890 2652//2900 636//2896
f 637//2901 4846//2897 2653//2899
f 2656//2902 2655//2903 638//2904
f 2661//2905 2660//2906 639//2907
f 640//2908 4872//2909 2663//2910
f 640//2908 4874//631 2662//2911
f 641//2912 4871//2913 2665//2914
f 641//2912 4881//2915 2663//2910
f 642//2916 4870//2917 2667//2918
f 642//2916 4880//2919 2665//2914
f 643//2920 4869//2921 2669//2922
f 643//2920 4879//2923 2667//2918
f 2672//2924 2671//2925 644//2926
f 2686//2927 2669//2922 644//2926
f 645//2928 4866//658 2673//2929
f 645//2928 4876//2930 3069//2931
f 2675//2932 2664//2933 646//2934
f 646//2934 4939//2935 2675//2932
f 2676//2936 2666//2937 647//2938
f 647//2938 4940//2939 2676//2936
f 2677//2940 2668//2941 648//2942
f 648//2942 4941//2943 2677//2940
f 649//2944 4869//2921 2670//2945
f 2790//2946 2678//2947 649//2944
f 2679//2948 2672//2924 650//2949
f 650//2949 4943//2950 2679//2948
f 651//2951 4866//658 2674//2952
f 2795//2953 2680//686 651//2951
f 652//2954 4882//2955 2681//695
f 3350//2956 3062//2957 653//2958
f 2698//2959 2685//2960 654//2961
f 655//2962 4885//2963 2687//2964
f 656//2965 5247//2966 2689//2967
f 2702//2968 2691//2969 657//2970
f 658//2971 4887//726 2693//2972
f 659//2973 5251//2974 2696//2975
f 2709//2976 3344//2977 660//2978
f 3343//2979 2696//2975 660//2978
f 2714//2980 2701//2981 661//2982
f 661//2982 5245//2983 3360//2984
f 2716//2985 2703//2986 662//2987
f 2718//2988 2706//2989 663//2990
f 2720//2991 2708//2992 664//2993
f 664//2993 5249//2994 2706//2989
f 665//2995 4896//2996 2710//2997
f 666//2998 4897//2999 2711//3000
f 667//3001 4898//3002 2712//3003
f 668//3004 4899//3005 2713//3006
f 2730//3007 2715//786 669//3008
f 2732//3009 3213//3010 670//3011
f 670//3011 4894//3012 2718//2988
f 671//3013 4904//3014 2721//3015
f 2736//3016 2723//3017 672//3018
f 673//3019 4906//3020 2725//3021
f 674//3022 4907//3023 2727//3024
f 2742//3025 2729//3026 675//3027
f 676//3028 5174//3029 3215//3030
f 3215//3030 2732//3009 676//3028
f 2747//3031 2733//3032 677//3033
f 677//3033 4911//3034 2747//3031
f 3206//3035 2736//3016 678//3036
f 678//3036 5171//3037 3206//3035
f 2751//3038 2737//3039 679//3040
f 3159//3041 2751//3038 679//3040
f 2753//3042 2739//3043 680//3044
f 2755//3045 2741//3046 681//3047
f 682//3048 4919//3049 2745//3050
f 2761//3051 2746//3052 683//3053
f 3161//3054 3208//3055 684//3056
f 4018//3057 3207//3058 684//3056
f 685//3059 4920//3060 2750//3061
f 685//3059 5170//3062 2748//3063
f 2765//3064 2752//3065 686//3066
f 2767//3067 2754//3068 687//3069
f 688//3070 4924//3071 2757//3072
f 689//3073 4925//3074 2758//3075
f 690//3076 5536//3077 2760//3078
f 2778//3079 2762//3080 691//3081
f 691//3081 5535//3082 2778//3079
f 2780//3083 2764//3084 692//3085
f 3886//3086 2766//3087 693//3088
f 694//3089 4932//3090 2769//3091
f 695//3092 4933//3093 2771//3094
f 696//3095 4934//3096 2773//3097
f 697//3098 4935//3099 2775//3100
f 3891//3101 2777//3102 698//3103
f 3892//3104 2779//3105 699//3106
f 2798//3107 2783//3108 700//3109
f 2800//3110 2785//3111 701//3112
f 2802//3113 2787//3114 702//3115
f 2804//3116 2789//3117 703//3118
f 2806//3119 2791//3120 704//3121
f 2808//3122 2793//3123 705//3124
f 706//3125 4953//981 2794//3126
f 2813//3127 2797//3128 707//3129
f 2815//3130 2799//3131 708//3132
f 2817//3133 2801//3134 709//3135
f 2819//3136 2803//3137 710//3138
f 2821//3139 2805//3140 711//3141
f 2823//3142 2807//3143 712//3144
f 2825//3145 2809//3146 713//3147
f 2828//3148 2812//3149 714//3150
f 2830//3151 2814//3152 715//3153
f 2832//3154 2816//3155 716//3156
f 2834//3157 2818//3158 717//3159
f 2835//3160 2820//3161 718//3162
f 2837//3163 2822//3164 719//3165
f 720//3166 4969//1045 2824//3167
f 2842//3168 2827//3169 721//3170
f 2844//3171 2829//3172 722//3173
f 2846//3174 2831//3175 723//3176
f 2848//3177 2833//3178 724//3179
f 2849//3180 3774//3181 725//3182
f 725//3182 4967//3183 2835//3160
f 2852//3184 2838//3185 726//3186
f 727//3187 4979//3188 2841//3189
f 2856//3190 2843//3191 728//3192
f 2858//3193 2845//3194 729//3195
f 2860//3196 2847//3197 730//3198
f 731//3199 4983//3200 3776//3201
f 731//3199 4975//3202 2849//3180
f 2865//3203 2851//1109 732//3204
f 733//3205 4987//3206 2853//3207
f 3821//3208 2867//3209 733//3205
f 2869//3210 2855//3211 734//3212
f 2871//3213 2857//3214 735//3215
f 2873//3216 2859//3217 736//3218
f 737//3219 4991//3220 2861//3221
f 738//3222 4992//3223 2863//3224
f 2879//3225 2864//3226 739//3227
f 2882//3228 2866//3229 740//3230
f 740//3230 4994//3231 2882//3228
f 2884//3232 2868//3233 741//3234
f 2886//3235 2870//3236 742//3237
f 743//3238 4998//3239 2872//3240
f 744//3241 4999//3242 2874//3243
f 745//3244 5000//3245 2876//3246
f 746//3247 5001//3248 2878//3249
f 2897//3250 2881//3251 747//3252
f 2899//3253 2883//3254 748//3255
f 2901//3256 2885//3257 749//3258
f 750//3259 5006//3260 2887//3261
f 751//3262 5007//3263 2889//3264
f 752//3265 5008//3266 2891//3267
f 753//3268 5009//1201 2893//1204
f 754//3269 5011//3270 2896//3271
f 755//3272 5012//3273 2898//3274
f 756//3275 5013//3276 2900//3277
f 2918//3278 2902//3279 757//3280
f 2920//3281 2904//3282 758//3283
f 2922//3284 2906//3285 759//3286
f 2924//3287 2908//3288 760//3289
f 761//3290 5019//3291 2911//3292
f 762//3293 5020//3294 2913//3295
f 763//3296 5021//3297 2915//3298
f 2933//3299 2917//3300 764//3301
f 2935//3302 2919//3303 765//3304
f 2937//3305 2921//3306 766//3307
f 2939//3308 2923//3309 767//3310
f 768//3311 5035//3312 2926//3313
f 769//3314 5036//3315 2928//3316
f 770//3317 5037//3318 2930//3319
f 2963//3320 2932//3321 771//3322
f 2965//3323 2934//3324 772//3325
f 2967//3326 2936//3327 773//3328
f 2969//3329 2938//3330 774//3331
f 775//3332 5025//1273 2939//3308
f 776//3333 5024//3334 2937//3305
f 777//3335 5023//3336 2935//3302
f 778//3337 5022//3338 2933//3299
f 2950//3339 2931//3340 779//3341
f 2949//3342 2929//3343 780//3344
f 2948//3345 2927//3346 781//3347
f 782//3348 5052//3349 2956//3350
f 783//3351 5053//3352 2958//3353
f 784//3354 5054//3355 2960//3356
f 2972//3357 2962//3358 785//3359
f 785//3359 5134//1759 3151//3360
f 2974//3361 2964//3362 786//3363
f 2976//3364 2966//3365 787//3366
f 2978//3367 2968//3368 788//3369
f 2970//3370 2971//3371 789//3372
f 790//3373 5042//3374 3156//1785
f 2981//3375 2973//3376 790//3373
f 2983//3377 2975//3378 791//3379
f 792//3380 5050//1401 2977//3381
f 2979//1788 2980//3382 793//3383
f 794//3384 5140//1787 3158//1796
f 2985//3385 2983//3377 794//3384
f 794//3384 5138//3386 2985//3385
f 2985//3385 3157//1792 795//3387
f 795//3387 5141//3388 2982//1412
f 796//3389 5057//3390 2987//3391
f 797//3392 5058//3393 2989//3394
f 798//3395 5135//3396 3153//1771
f 798//3395 5055//1766 2991//3397
f 2991//3397 3152//3398 799//3399
f 799//3399 5134//1759 2993//3400
f 2998//3401 3154//3402 800//3403
f 800//3403 5135//3396 2994//3404
f 801//3405 5060//3406 2996//3407
f 802//3408 5133//1773 2998//3401
f 3001//3409 3000//1775 802//3408
f 803//3410 5137//1781 3155//3411
f 3155//3411 3001//3409 803//3410
f 804//3412 5062//3413 3003//3414
f 3007//3415 3150//3416 805//3417
f 805//3417 5137//1781 3005//3418
f 3006//1466 3007//3415 806//3419
f 3009//3420 3012//3421 807//3422
f 807//3422 4938//3423 3009//3420
f 3017//3424 3014//3425 807//3422
f 3016//3426 2782//3427 808//3428
f 3015//3429 2796//3430 809//3431
f 3013//1487 2811//3432 810//3433
f 3033//3434 3026//3435 811//3436
f 3020//3437 3023//3438 812//3439
f 812//3439 5076//3440 3020//3437
f 813//3441 5075//3442 3024//3443
f 813//3441 5074//3444 3021//3445
f 814//3446 5063//3447 3025//1512
f 3028//3448 3030//3449 815//3450
f 815//3450 5074//3444 3020//3437
f 815//3450 5079//3451 3028//3448
f 816//3452 5077//3453 3032//3454
f 816//3452 5080//3455 3029//3456
f 3032//3454 3021//3445 816//3452
f 817//3457 5130//1752 3149//3458
f 3149//3458 3031//3459 817//3457
f 818//3460 5076//3440 3033//3434
f 3040//3461 3035//3462 818//3460
f 3036//1548 3043//3463 819//3464
f 819//3464 5083//3465 3036//1548
f 819//3464 5080//3455 3028//3448
f 820//3466 5084//1971 3039//3467
f 3039//3467 3029//3456 820//3466
f 820//3466 5081//1547 3037//1551
f 821//3468 5131//1748 3148//3469
f 3148//3469 3038//3470 821//3468
f 822//3471 5079//3451 3040//3461
f 3044//3472 3042//3473 822//3471
f 3046//3474 3058//3475 823//3476
f 823//3476 5073//3477 3046//3474
f 823//3476 5086//3478 3018//3479
f 824//3480 5067//3481 3017//3424
f 3047//3482 3059//3483 825//3484
f 825//3484 5072//3485 3047//3482
f 825//3484 5085//3486 3019//3487
f 3053//3488 3010//3489 826//3490
f 827//3491 5070//3492 3057//3493
f 3057//3493 3049//3494 827//3491
f 3059//3483 3048//3495 827//3491
f 3061//3496 3011//3497 828//3498
f 3057//3493 3022//3499 829//3500
f 830//3501 5066//3502 3061//3496
f 3056//1588 3051//3503 830//3501
f 3061//3496 3050//3504 830//3501
f 831//3505 4876//2930 2684//3506
f 832//3507 4878//3508 2686//2927
f 833//3509 4943//2950 2792//3510
f 834//3511 4945//3512 2795//2953
f 3084//3513 2671//2925 835//3514
f 3069//2931 3076//3515 836//3516
f 836//3516 4867//3517 3069//2931
f 3070//3518 3083//3519 837//3520
f 837//3520 4944//3521 3070//3518
f 3081//3522 2679//2948 838//3523
f 839//3524 4877//3525 3084//3513
f 3078//3526 3072//3527 839//3524
f 840//3528 5091//3529 3078//3526
f 3077//3530 3073//3531 840//3528
f 840//3528 5107//3532 3077//3530
f 841//3533 4876//2930 3066//3534
f 3086//3535 3076//3515 841//3533
f 3074//3536 3082//3537 842//3538
f 842//3538 5093//3539 3074//3536
f 3075//3540 3080//3541 843//3542
f 3085//3543 3075//3540 843//3542
f 3096//3544 3085//3543 843//3542
f 3079//3545 3067//3546 844//3547
f 844//3547 5103//3548 3079//3545
f 845//3549 5112//3550 3100//3551
f 3100//3551 3068//3552 845//3549
f 3103//3553 3088//3554 845//3549
f 846//3555 5117//3556 3109//3557
f 3109//3557 3102//3558 846//3555
f 847//3559 5118//3560 3110//3561
f 3110//3561 3107//3562 847//3559
f 848//3563 5109//3564 3103//3553
f 3101//3565 3091//3566 848//3563
f 3103//3553 3071//3567 848//3563
f 3100//3551 3112//3568 849//3569
f 849//3569 5113//3570 3105//3571
f 3093//3572 3099//3573 850//3574
f 850//3574 5101//3575 3086//3535
f 850//3574 5114//3576 3093//3572
f 851//3577 5115//3578 3114//3579
f 3114//3579 3097//3580 851//3577
f 852//3581 5116//3582 3101//3565
f 3098//3583 3095//3584 852//3581
f 3101//3565 3087//3585 852//3581
f 3098//3583 3096//3544 853//3586
f 853//3586 5111//3587 3098//3583
f 854//3588 5107//3532 3104//3589
f 3121//3590 3106//3591 854//3588
f 855//3592 5128//3593 3120//3594
f 3116//3595 3108//3596 855//3592
f 3120//3594 3088//3554 855//3592
f 856//3597 5127//3598 3129//3599
f 3129//3599 3127//3600 856//3597
f 857//3601 5122//3602 3130//3603
f 3130//3603 3124//3604 857//3601
f 858//3605 5120//3606 3116//3595
f 3116//3595 3091//3566 858//3605
f 3125//3607 3111//3608 858//3605
f 3120//3594 3132//3609 859//3610
f 859//3610 5125//3611 3122//3612
f 3113//3613 3126//3614 860//3615
f 860//3615 5126//3616 3113//3613
f 860//3615 5117//3556 3093//3572
f 861//3617 5119//3618 3134//3619
f 861//3617 5123//3620 3118//3621
f 862//3622 5121//3623 3125//3607
f 862//3622 5124//3624 3115//3625
f 3125//3607 3095//3584 862//3622
f 3119//3626 3117//3627 863//3628
f 3140//3629 3119//3626 863//3628
f 864//3630 5114//3576 3121//3590
f 3143//3631 3123//3632 864//3630
f 865//3633 5094//3634 3147//3635
f 3137//3636 3128//3637 865//3633
f 3147//3635 3108//3596 865//3633
f 866//3638 5094//3634 3128//3637
f 867//3639 5097//3640 3131//3641
f 868//3642 5097//3640 3137//3636
f 3137//3636 3111//3608 868//3642
f 868//3642 5096//3643 3131//3641
f 3147//3635 3133//3644 869//3645
f 3133//3644 3146//3646 870//3647
f 870//3647 5095//3648 3133//3644
f 870//3647 5127//3598 3113//3613
f 3136//3649 3135//3650 871//3651
f 3135//3650 3138//3652 872//3653
f 872//3653 5121//3623 3115//3625
f 872//3653 5098//3654 3135//3650
f 3141//3655 3142//3656 873//3657
f 873//3657 5124//3624 3140//3629
f 3144//3658 3145//3659 874//3660
f 874//3660 5126//3616 3143//3631
f 875//3661 5172//3662 3159//3041
f 3165//3663 3160//3664 876//3665
f 876//3665 5149//3666 3165//3663
f 877//3667 5173//3668 3161//3054
f 3993//3669 3166//3670 877//3667
f 878//3671 5144//3672 3210//3673
f 3174//3674 3164//3675 878//3671
f 878//3671 5170//3062 3165//3663
f 3212//3676 3166//3670 879//3677
f 3986//3678 3212//3676 879//3677
f 3167//3679 3211//3680 880//3681
f 880//3681 5168//3682 3167//3679
f 3211//3680 3168//3683 880//3681
f 3179//3684 3169//3685 881//3686
f 3181//3687 3170//3688 882//3689
f 3183//3690 3171//3691 883//3692
f 3187//3693 3173//3694 884//3695
f 3989//3696 3187//3693 884//3695
f 885//3697 5160//3698 3175//3699
f 3990//3700 3191//3701 885//3697
f 886//3702 5161//3703 3177//3704
f 3192//3705 3178//3706 887//3707
f 3178//3706 3180//3708 888//3709
f 3180//3708 3182//3710 889//3711
f 3182//3710 3184//3712 890//3713
f 3184//3712 3186//3714 891//3715
f 3186//3714 3188//3716 892//3717
f 3188//3716 3190//3718 893//3719
f 3190//3718 3192//3705 894//3720
f 3194//3721 3202//3722 895//3723
f 895//3723 5166//3724 3176//3725
f 896//3726 5148//3727 3200//3728
f 3200//3728 3174//3674 896//3726
f 897//3729 5152//3730 3204//3731
f 3204//3731 3172//3732 897//3729
f 3205//3733 3162//3734 898//3735
f 3991//3736 3198//3737 898//3735
f 899//3738 5142//3739 2735//3740
f 3207//3058 2748//3063 900//3741
f 900//3741 5144//3672 3207//3058
f 3212//3676 2749//3742 901//3743
f 902//3744 4914//3745 2751//3038
f 902//3744 5143//3746 3209//3747
f 903//3748 4903//3749 2719//3750
f 903//3751 5195//3752 3246//3753
f 904//3754 4895//3755 2720//2991
f 3213//3010 3462//3756 905//3757
f 3220//3758 3213//3010 905//3757
f 3226//3759 3222//3760 905//3761
f 905//3761 5179//3762 3226//3759
f 905//3761 5326//3763 3236//3764
f 906//3765 5191//3766 3240//3767
f 3995//3768 3260//3769 906//3765
f 3215//3030 3453//3770 907//3771
f 3219//3772 3215//3030 907//3771
f 3482//3773 3219//3774 907//3775
f 907//3775 5314//3776 3234//3777
f 3241//3778 2743//3779 908//3780
f 908//3781 5192//3782 3241//3783
f 909//3784 5193//2538 3242//1925
f 3218//3785 2744//3786 910//3787
f 3474//3788 3218//3789 910//3790
f 910//3790 5302//3791 3232//3792
f 911//3793 5177//3794 3224//3795
f 911//3793 5181//1953 3223//1951
f 3224//3795 3225//3796 912//3797
f 912//3797 5180//3798 3224//3795
f 3225//3796 3227//3799 913//3800
f 3245//3801 3228//3802 913//3800
f 3227//3799 3229//1968 914//3803
f 914//3803 5183//3804 3227//3799
f 3249//3805 3456//3806 915//3807
f 3480//3808 3232//3792 915//3807
f 915//3807 5299//3809 3230//3810
f 3251//3811 3465//3812 916//3813
f 3488//3814 3234//3777 916//3813
f 916//3813 5311//3815 3231//3816
f 3253//3817 3235//3818 917//3819
f 3546//3820 3233//3821 917//3819
f 3279//3822 3237//3823 918//3824
f 919//3825 5189//2005 3238//3826
f 3265//3827 3244//3828 920//3829
f 3247//3830 3248//3831 921//3832
f 3248//3831 3250//3833 922//3834
f 923//3835 5178//2029 3252//3836
f 3252//3836 3255//3837 924//3838
f 3255//3837 3254//3839 924//3838
f 3255//3837 3256//3840 925//3841
f 3269//3842 3258//3843 926//3844
f 926//3844 5391//3845 3266//3846
f 927//3847 5197//3848 3622//3849
f 927//3847 5407//3850 3600//3851
f 3273//3852 3261//3853 928//3854
f 928//3854 5377//3855 3259//3856
f 3649//3857 3602//3858 928//3854
f 929//3859 5199//3860 3617//3861
f 929//3859 5381//3862 3261//3853
f 3675//3863 3604//3864 929//3859
f 3281//3865 3243//3866 930//3867
f 3282//3868 3278//3869 930//3867
f 3277//3870 3631//3871 931//3872
f 931//3872 5194//3873 3265//3827
f 931//3872 5421//3874 3605//3875
f 3276//3876 3268//3877 932//3878
f 3268//3877 3270//3879 933//3880
f 3270//3879 3272//3881 934//3882
f 3272//3881 3274//2079 935//3883
f 3278//3869 3276//3876 936//3884
f 937//3885 5206//3886 3305//3887
f 938//3888 5208//3889 3306//3890
f 3297//3891 3307//3892 939//3893
f 939//3893 5206//3886 3295//3894
f 3298//3895 3308//3896 940//3897
f 940//3897 5208//3889 3296//3898
f 941//3899 5223//3900 3371//3901
f 941//3899 5222//3902 3297//3891
f 3371//3901 3309//3903 941//3899
f 942//3904 5230//3905 3298//3895
f 3373//3906 3310//3907 942//3904
f 943//3908 4890//3909 3303//3910
f 944//3911 5213//3912 3311//3913
f 3301//3914 3304//3915 945//3916
f 945//3916 4890//3909 3299//3917
f 3302//3918 3313//3919 946//3920
f 946//3920 5213//3912 3300//3921
f 3293//3922 3376//3923 947//3924
f 947//3924 5238//3925 3301//3914
f 3294//3926 3370//3927 948//3928
f 948//3928 5226//3929 3302//3918
f 3370//3927 3315//3930 948//3928
f 949//3931 5091//3529 3073//3531
f 3303//3910 3330//3932 950//3933
f 950//3933 5205//3934 3303//3910
f 3317//3935 3284//3936 951//3937
f 3330//3932 3304//3915 952//3938
f 3319//3939 3286//3940 953//3941
f 954//3942 5238//3925 3333//3943
f 3360//2984 3288//3944 954//3942
f 3348//3945 3337//3946 955//3947
f 3384//3948 3347//3949 955//3947
f 3345//3950 3338//3951 956//3952
f 3382//3953 3343//2979 956//3952
f 3326//3954 2698//2959 957//3955
f 3305//3887 3328//3956 958//3957
f 3327//3958 3283//3959 959//3960
f 3306//3890 3331//3961 960//3962
f 3318//3963 2699//3964 961//3965
f 962//3966 5222//3902 3356//3967
f 3328//3956 3307//3892 962//3966
f 3320//3968 3285//3969 963//3970
f 964//3971 5230//3905 3359//3972
f 3331//3961 3308//3896 964//3971
f 3309//3903 3375//3973 965//3974
f 965//3974 5222//3902 3309//3903
f 3375//3973 2700//3975 965//3974
f 966//3976 5230//3905 3310//3907
f 3369//3977 3287//3978 966//3976
f 967//3979 5205//3934 2709//2976
f 3341//3980 3339//3981 967//3979
f 3383//3982 3340//3983 967//3979
f 3340//3983 3381//3984 968//3985
f 3381//3984 3324//3986 968//3985
f 3321//3987 3289//3988 969//3989
f 3311//3913 3325//3990 970//3991
f 3329//3992 3290//3993 971//3994
f 3312//3995 3323//3996 972//3997
f 3322//3998 3291//3999 973//4000
f 974//4001 5226//3929 3357//4002
f 3325//3990 3313//3919 974//4001
f 3332//4003 3292//4004 975//4005
f 976//4006 5220//4007 3355//4008
f 3323//3996 3314//4009 976//4006
f 3315//3930 3374//4010 977//4011
f 977//4011 5226//3929 3315//3930
f 3374//4010 3293//3922 977//4011
f 978//4012 5220//4007 3316//4013
f 3372//4014 3294//3926 978//4012
f 3361//4015 2702//2968 979//4016
f 979//4016 5243//4017 3361//4015
f 3362//4018 3361//4015 980//4019
f 980//4019 5223//3900 3362//4018
f 3363//4020 3362//4018 981//4021
f 3364//4022 3363//4020 982//4023
f 3365//4024 2714//2980 983//4025
f 983//4025 5246//4026 3365//4024
f 3366//4027 3365//4024 984//4028
f 984//4028 5242//4029 3366//4027
f 3367//4030 3366//4027 985//4031
f 985//4031 5240//4032 3367//4030
f 3368//4033 3367//4030 986//4034
f 987//4035 5250//4036 3384//3948
f 987//4035 5252//4037 2697//4038
f 988//4039 5232//4040 3382//3953
f 988//4039 5250//4036 3377//4041
f 989//4042 4889//4043 3383//3982
f 989//4042 5251//2974 2707//4044
f 990//4045 4889//4043 3379//4046
f 1021//4047 4909//4048 3217//1931
f 1021//4049 5284//4050 3449//4051
f 3490//4052 3445//4053 1021//4049
f 1022//4047 4909//4048 3445//4047
f 1022//4054 5296//4055 3450//4056
f 3502//4057 3446//4058 1022//4054
f 3447//4059 3230//3810 1023//4060
f 1023//4060 5297//4061 3447//4059
f 3500//4062 3450//4056 1023//4060
f 3448//4063 3447//4059 1024//4064
f 1024//4064 5285//4065 3448//4063
f 3496//4066 3449//4051 1024//4064
f 1025//4067 5174//3029 3218//3785
f 1025//4068 5288//4069 3457//4070
f 3506//4071 3451//4072 1025//4068
f 1026//4067 5174//3029 3451//4067
f 1026//4073 5304//4074 3458//4075
f 3514//4076 3452//4077 1026//4073
f 1027//4067 5174//3029 3452//4067
f 1027//4078 5308//4079 3459//4080
f 3526//4081 3453//4082 1027//4078
f 3454//4083 3231//3816 1028//4084
f 3518//4085 3454//4083 1028//4084
f 3524//4086 3459//4080 1028//4084
f 3455//4087 3454//4083 1029//4088
f 3510//4089 3455//4087 1029//4088
f 3520//4090 3458//4075 1029//4088
f 3456//3806 3455//4087 1030//4091
f 3478//4092 3456//3806 1030//4091
f 3512//4093 3457//4070 1030//4091
f 1031//4094 4902//4095 3219//3772
f 1031//4096 5292//4097 3466//4098
f 3530//4099 3460//4100 1031//4096
f 1032//4094 4902//4095 3460//4094
f 1032//4101 5316//4102 3467//4103
f 3538//4104 3461//4105 1032//4101
f 1033//4094 4902//4095 3461//4094
f 1033//4106 5320//4107 3468//4108
f 3550//4109 3462//4110 1033//4106
f 3463//4111 3233//3821 1034//4112
f 3542//4113 3463//4111 1034//4112
f 3548//4114 3468//4108 1034//4112
f 3464//4115 3463//4111 1035//4116
f 3534//4117 3464//4115 1035//4116
f 3544//4118 3467//4103 1035//4116
f 3465//3812 3464//4115 1036//4119
f 3486//4120 3465//3812 1036//4119
f 3536//4121 3466//4098 1036//4119
f 1037//4122 5368//4123 3469//4124
f 1037//4122 5367//4125 3594//4126
f 1038//4127 5369//4128 3471//4129
f 1039//4130 5363//4131 3473//4132
f 1040//4133 5364//4134 3475//4135
f 3591//4136 3477//4137 1041//4138
f 1042//4139 5366//4140 3479//4141
f 3585//4142 3481//4143 1043//4144
f 1044//4145 5360//4146 3483//4147
f 3587//4148 3485//4149 1045//4150
f 1046//4151 5362//4152 3487//4153
f 1047//4154 5355//4155 3489//4156
f 1048//4157 5356//4158 3491//4159
f 1049//4160 5357//4161 3493//4162
f 1050//4163 5358//4164 3495//4165
f 1051//4166 5351//4167 3497//4168
f 1052//4169 5352//4170 3499//4171
f 1053//4172 5353//4173 3501//4174
f 1054//4175 5354//4176 3503//4177
f 3573//4178 3505//4179 1055//4180
f 1056//4181 5348//4182 3507//4183
f 3575//4184 3509//4185 1057//4186
f 1058//4187 5350//4188 3511//4189
f 3569//4190 3513//4191 1059//4192
f 1060//4193 5344//4194 3515//4195
f 3571//4196 3517//4197 1061//4198
f 1062//4199 5346//4200 3519//4201
f 3565//4202 3521//4203 1063//4204
f 1064//4205 5340//4206 3523//4207
f 3567//4208 3525//4209 1065//4210
f 1066//4211 5342//4212 3527//4213
f 3561//4214 3529//4215 1067//4216
f 1068//4217 5336//4218 3531//4219
f 3563//4220 3533//4221 1069//4222
f 1070//4223 5338//4224 3535//4225
f 3557//4226 3537//4227 1071//4228
f 1072//4229 5332//4230 3539//4231
f 3559//4232 3541//4233 1073//4234
f 1074//4235 5334//4236 3543//4237
f 3553//4238 3545//4239 1075//4240
f 1076//4241 5328//4242 3547//4243
f 3555//4244 3549//4245 1077//4246
f 1078//4247 5330//4248 3551//4249
f 1079//4250 5327//4251 3553//4238
f 3555//4244 3554//4252 1079//4250
f 1079//4250 5329//4253 3555//4244
f 1080//4254 5331//4255 3557//4226
f 3559//4232 3558//4256 1080//4254
f 1080//4254 5333//4257 3559//4232
f 1081//4258 5335//4259 3561//4214
f 3563//4220 3562//4260 1081//4258
f 1081//4258 5337//4261 3563//4220
f 1082//4262 5339//4263 3565//4202
f 3567//4208 3566//4264 1082//4262
f 1082//4262 5341//4265 3567//4208
f 1083//4266 5343//4267 3569//4190
f 3571//4196 3570//4268 1083//4266
f 1083//4266 5345//4269 3571//4196
f 1084//4270 5347//4271 3573//4178
f 3575//4184 3574//4272 1084//4270
f 1084//4270 5349//4273 3575//4184
f 1085//4274 5351//4167 3577//4275
f 3579//4276 3578//4277 1085//4274
f 1085//4274 5353//4173 3579//4276
f 1086//4278 5355//4155 3581//4279
f 3583//4280 3582//4281 1086//4278
f 1086//4278 5357//4161 3583//4280
f 1087//4282 5359//4283 3585//4142
f 3587//4148 3586//4284 1087//4282
f 1087//4282 5361//4285 3587//4148
f 1088//4286 5363//4131 3589//4287
f 3591//4136 3590//4288 1088//4286
f 1088//4286 5365//4289 3591//4136
f 3594//4126 3593//4290 1089//4291
f 3595//4292 3594//4126 1089//4291
f 3596//4293 3595//4292 1089//4291
f 3598//4294 3611//4295 1090//4296
f 1090//4296 5373//4297 3597//4298
f 1090//4296 5390//4299 3598//4294
f 3610//4300 3260//3769 1091//4301
f 3611//4295 3600//3851 1092//4302
f 3625//4303 3599//4304 1092//4302
f 1092//4302 5408//4305 3625//4303
f 3613//4306 3262//4307 1093//4308
f 1094//4309 5376//4310 3601//4311
f 1094//4309 5380//4312 3602//3858
f 3651//4313 3615//4314 1094//4309
f 3608//2539 3264//4315 1095//4316
f 3619//4317 3603//4318 1096//4319
f 3653//4320 3604//3864 1096//4319
f 1096//4319 5397//4321 3619//4317
f 1097//4322 5195//3752 3267//4323
f 3607//4324 3605//3875 1098//4325
f 1098//4325 5422//4326 3634//4327
f 3620//4328 3259//3856 1099//4329
f 1099//4329 5378//4330 3626//4331
f 1099//4329 5399//4332 3620//4328
f 3621//4333 3620//4328 1100//4334
f 1100//4334 5400//4335 3627//4336
f 3687//4337 3621//4333 1100//4334
f 3622//3849 3621//4333 1101//4338
f 1101//4338 5404//4339 3628//4340
f 3701//4341 3622//3849 1101//4338
f 3643//4342 3612//4343 1102//4344
f 1102//4344 5402//4345 3626//4331
f 3683//4346 3623//4347 1103//4348
f 1103//4348 5406//4349 3627//4336
f 1104//4350 5405//4351 3624//4352
f 1104//4350 5409//4353 3628//4340
f 3629//4354 3266//3846 1105//4355
f 1105//4355 5388//4356 3635//4357
f 1105//4355 5414//4358 3629//4354
f 3630//4359 3629//4354 1106//4360
f 1106//4360 5411//4361 3636//4362
f 3717//4363 3630//4359 1106//4360
f 3631//3871 3630//4359 1107//4364
f 1107//4364 5415//4365 3637//4366
f 3721//4367 3631//3871 1107//4364
f 3661//4368 3606//4369 1108//4370
f 1108//4370 5413//4371 3635//4357
f 3705//4372 3632//4373 1109//4374
f 1109//4374 5417//4375 3636//4362
f 1110//4376 5416//4377 3633//4378
f 1110//4376 5419//4379 3637//4366
f 1111//4380 5467//4381 3638//4382
f 1112//4383 5468//4384 3640//4385
f 1113//4386 5469//4387 3642//4388
f 1114//4389 5470//4390 3644//4391
f 1115//4392 5463//4393 3646//4394
f 1116//4395 5464//4396 3648//4397
f 1117//4398 5465//4399 3650//4400
f 1118//4401 5466//4402 3652//4403
f 1119//4404 5459//4405 3654//4406
f 1120//4407 5462//4408 3656//4409
f 1120//4407 5461//4410 3765//4411
f 1121//4412 5455//4413 3658//4414
f 3759//4415 3660//4416 1122//4417
f 1123//4418 5457//4419 3662//4420
f 3761//4421 3664//4422 1124//4423
f 1125//4424 5451//4425 3666//4426
f 1126//4427 5452//4428 3668//4429
f 1127//4430 5453//4431 3670//4432
f 1128//4433 5454//4434 3672//4435
f 1129//4436 5447//4437 3674//4438
f 1129//4436 5450//4439 3750//4440
f 3751//4441 3676//4442 1130//4443
f 1131//4444 5443//4445 3678//4446
f 1132//4447 5444//4448 3680//4449
f 1133//4450 5445//4451 3682//4452
f 1134//4453 5446//4454 3684//4455
f 3742//4456 3686//4457 1135//4458
f 1136//4459 5440//4460 3688//4461
f 3744//4462 3690//4463 1137//4464
f 1138//4465 5442//4466 3692//4467
f 1139//4468 5435//4469 3694//4470
f 1140//4471 5436//4472 3696//4473
f 1141//4474 5437//4475 3698//4476
f 3741//4477 3700//4478 1142//4479
f 1143//4480 5431//4481 3702//4482
f 3735//4483 3704//4484 1144//4485
f 1145//4486 5433//4487 3706//4488
f 3737//4489 3708//4490 1146//4491
f 1147//4492 5427//4493 3710//4494
f 3731//4495 3712//4496 1148//4497
f 1149//4498 5429//4499 3714//4500
f 3733//4501 3716//4502 1150//4503
f 1151//4504 5423//4505 3718//4506
f 3727//4507 3720//4508 1152//4509
f 1153//4510 5425//4511 3722//4512
f 3729//4513 3724//4514 1154//4515
f 3727//4507 3726//4516 1155//4517
f 1155//4517 5424//4518 3727//4507
f 3729//4513 3728//4519 1155//4517
f 3731//4495 3730//4520 1156//4521
f 1156//4521 5428//4522 3731//4495
f 3733//4501 3732//4523 1156//4521
f 3735//4483 3734//4524 1157//4525
f 1157//4525 5432//4526 3735//4483
f 3737//4489 3736//4527 1157//4525
f 3739//4528 3738//4529 1158//4530
f 1158//4530 5436//4472 3739//4528
f 3741//4477 3740//4531 1158//4530
f 1159//4532 5439//4533 3742//4456
f 3744//4462 3743//4534 1159//4532
f 1159//4532 5441//4535 3744//4462
f 1160//4536 5443//4445 3746//4537
f 3748//4538 3747//4539 1160//4536
f 1160//4536 5445//4451 3748//4538
f 3751//4441 3750//4440 1161//4540
f 3752//4541 3751//4441 1161//4540
f 3753//4542 3752//4541 1161//4540
f 1162//4543 5451//4425 3754//4544
f 3756//4545 3755//4546 1162//4543
f 1162//4543 5453//4431 3756//4545
f 3759//4415 3758//4547 1163//4548
f 1163//4548 5456//4549 3759//4415
f 3761//4421 3760//4550 1163//4548
f 3763//4551 3762//4552 1164//4553
f 3764//4554 3763//4551 1164//4553
f 3765//4411 3764//4554 1164//4553
f 3767//4555 3766//4556 1165//4557
f 3768//4558 3767//4555 1165//4557
f 3769//4559 3768//4558 1165//4557
f 1166//4560 5467//4381 3770//4561
f 3772//4562 3771//4563 1166//4560
f 1166//4560 5469//4387 3772//4562
f 1167//4564 4976//4565 2836//4566
f 3783//4567 3779//4568 1167//4564
f 1168//4569 4968//4570 2837//3163
f 3794//4571 3782//4572 1168//4569
f 1169//4573 4975//3202 3780//4574
f 3777//4575 3774//3181 1169//4573
f 3781//4576 2850//4577 1170//4578
f 1171//4579 4984//4580 3781//4576
f 1171//4579 4983//3200 3775//4581
f 3790//4582 3778//4583 1171//4579
f 3776//3201 3778//4583 1172//4584
f 1172//4584 4975//3202 3776//3201
f 1172//4584 5474//4585 3780//4574
f 3785//4586 3793//4587 1173//4588
f 1173//4588 5477//4589 3783//4567
f 1173//4588 5485//4590 3785//4586
f 3789//4591 3798//4592 1174//4593
f 1174//4593 5484//4594 3795//4595
f 1175//4596 5480//4597 3799//4598
f 3799//4598 3791//4599 1175//4596
f 1176//4600 5481//4601 3789//4591
f 3789//4591 3784//4602 1176//4600
f 3792//4603 3788//4604 1176//4600
f 3792//4603 3790//4582 1177//4605
f 1177//4605 5483//4606 3792//4603
f 1178//4607 5479//4608 3794//4571
f 3806//4609 3796//4610 1178//4607
f 3797//4611 3801//4612 1179//4613
f 1179//4613 5480//4597 3785//4586
f 1179//4613 5491//4614 3797//4611
f 3802//4615 3810//4616 1180//4617
f 1180//4617 5490//4618 3807//4619
f 1181//4620 5489//4621 3811//4622
f 3811//4622 3804//4623 1181//4620
f 1182//4624 5488//4625 3802//4615
f 3802//4615 3788//4604 1182//4624
f 3805//4626 3800//4627 1182//4624
f 3805//4626 3803//4628 1183//4629
f 3813//4630 3805//4626 1183//4629
f 1184//4631 5485//4590 3806//4609
f 3818//4632 3808//4633 1184//4631
f 3809//4634 3817//4635 1185//4636
f 1185//4636 5489//4621 3797//4611
f 1185//4636 5471//4637 3809//4634
f 3816//4638 3809//4634 1186//4639
f 1187//4640 5472//4641 3812//4642
f 1188//4643 5472//4641 3816//4638
f 1188//4643 5473//4644 3812//4642
f 3816//4638 3800//4627 1188//4643
f 3814//4645 3815//4646 1189//4647
f 1189//4647 5487//4648 3813//4630
f 3819//4649 3820//4650 1190//4651
f 1190//4651 5491//4614 3818//4632
f 1191//4652 4360//4653 3827//4654
f 3828//4655 1643//1114 1191//4652
f 1192//4656 4352//4657 3828//4655
f 1192//4656 4978//4658 1644//1081
f 1193//4659 4986//4660 3821//3208
f 3833//4661 3829//4662 1193//4659
f 1658//1142 3824//4663 1194//4664
f 1194//4664 4360//4653 1658//1142
f 1194//4664 5500//4665 3827//4654
f 1195//4666 4368//1141 3822//1170
f 3825//4667 3823//4668 1196//4669
f 3843//4670 3832//4671 1197//4672
f 1198//4673 5499//4674 3833//4661
f 3845//4675 3842//4676 1198//4673
f 3843//4670 3834//4677 1199//4678
f 1199//4678 5504//4679 3843//4670
f 1200//4680 5503//4681 3835//4682
f 3838//4683 3848//4684 1201//4685
f 3848//4684 3837//4686 1201//4685
f 1202//4687 5506//4688 3853//4689
f 1202//4687 5505//4690 3840//4691
f 3852//4692 3844//4693 1203//4694
f 3844//4693 3851//4695 1204//4696
f 1204//4696 5492//4697 3844//4693
f 1204//4696 5503//4681 3845//4675
f 1205//4698 5493//4699 3852//4692
f 3852//4692 3846//4700 1205//4698
f 1205//4698 5494//4701 3847//4702
f 1206//4703 5493//4699 3847//4702
f 3850//4704 3849//4705 1207//4706
f 3855//4707 3854//4708 1208//4709
f 1209//4710 4993//4711 3862//4712
f 3859//4713 2864//3226 1209//4710
f 1210//4714 4985//4715 3859//4713
f 1210//4714 4359//4716 1657//1107
f 1211//4717 4367//4718 3856//1136
f 3868//4719 3864//4720 1211//4717
f 2878//3249 3861//4721 1212//4722
f 3862//4712 2878//3249 1212//4722
f 1212//4722 5515//4723 3862//4712
f 1213//4724 5001//3248 3857//1203
f 3860//4725 3858//4726 1214//4727
f 3878//4728 3867//4729 1215//4730
f 3867//4729 3871//4731 1216//4732
f 1216//4732 5510//4733 3868//4719
f 1216//4732 5507//4734 3867//4729
f 1217//4735 5508//4736 3878//4728
f 3873//4737 3870//4738 1217//4735
f 3878//4728 3869//4739 1217//4735
f 1218//4740 5508//4736 3870//4738
f 3874//4741 3873//4737 1219//4742
f 3877//4743 3876//4744 1220//4745
f 1221//4746 4304//913 3905//4747
f 3906//4748 1557//908 1221//4746
f 1558//915 3894//4749 1222//4750
f 3894//4749 3879//4751 1222//4750
f 3905//4747 1558//915 1222//4750
f 1223//4752 4305//917 3893//4753
f 1223//4752 4931//4754 1559//918
f 1224//4755 4306//921 3901//4756
f 3893//4753 1560//922 1224//4755
f 3901//4756 3880//4757 1224//4755
f 1225//4758 4307//925 3896//4759
f 3896//4759 3881//4760 1225//4758
f 3901//4756 1561//926 1225//4758
f 1226//4761 4308//929 3899//4762
f 3896//4759 1562//930 1226//4761
f 3899//4762 3882//4763 1226//4761
f 1227//4764 4309//933 3900//4765
f 3899//4762 1563//934 1227//4764
f 3900//4765 3883//4766 1227//4764
f 1228//4767 4310//942 3898//4768
f 3898//4768 3884//4769 1228//4767
f 3900//4765 1564//938 1228//4767
f 1229//4770 4311//910 3906//4748
f 3898//4768 1565//940 1229//4770
f 3906//4748 3885//4771 1229//4770
f 1230//4772 4930//914 3886//3086
f 1231//4773 4932//3090 3887//4774
f 1232//4775 4933//3093 3888//4776
f 1233//4777 4934//3096 3889//4778
f 1234//4779 4935//3099 3890//4780
f 1235//4781 4936//4782 3891//3101
f 1236//4783 4937//4784 3892//3104
f 3909//4785 3932//4786 1237//4787
f 3910//4788 3909//4785 1238//4789
f 1238//4789 5529//4790 3910//4788
f 3912//4791 3910//4788 1239//4792
f 1240//4793 5518//4794 2781//4795
f 3913//4796 3912//4791 1240//4793
f 3914//4797 3913//4796 1241//4798
f 1241//4798 5519//4799 3914//4797
f 3916//4800 3914//4797 1242//4801
f 1242//4801 5528//4802 3916//4800
f 3918//4803 3916//4800 1243//4804
f 1243//4804 5531//4805 3918//4803
f 3920//4806 3918//4803 1244//4807
f 1244//4807 5532//4808 3920//4806
f 3922//4809 3920//4806 1245//4810
f 1245//4810 5521//4811 3922//4809
f 3924//4812 3922//4809 1246//4813
f 1246//4813 5527//4814 3924//4812
f 3926//4815 3924//4812 1247//4816
f 1247//4816 5517//4817 3926//4815
f 3928//4818 3926//4815 1248//4819
f 3929//4820 3928//4818 1249//4821
f 3930//4822 3929//4820 1250//4823
f 3931//4824 3930//4822 1251//4825
f 3932//4786 3931//4824 1252//4826
f 4043//4827 3959//4828 1276//4829
f 1995//832 4043//4827 1277//4830
f 1277//4830 4519//4831 1995//832
f 1278//4832 4519//4831 4073//4833
f 4113//4834 2004//1817 1278//4832
f 1278//4832 5592//4835 4113//4834
f 3959//4828 4072//4836 1279//4837
f 4102//4838 3959//4828 1279//4837
f 1279//4837 5586//4839 4102//4838
f 1280//4840 4516//837 4128//4841
f 1280//4840 4545//833 2042//1888
f 4128//4841 3960//1801 1281//4842
f 2011//1838 4075//4843 1282//4844
f 4118//4845 2011//1838 1282//4844
f 4200//4846 4118//4845 1282//4844
f 1283//4847 4531//1860 3961//4848
f 4138//4849 3962//1835 1284//4850
f 2013//1844 4121//4851 1285//4852
f 4171//4853 2013//1844 1285//4852
f 4201//4854 4171//4853 1285//4852
f 1286//4855 4533//1866 3963//4856
f 4050//4857 3964//1840 1287//4858
f 1288//4859 4520//1827 4065//4860
f 4110//4861 2035//4862 1288//4859
f 1288//4859 5586//4839 4110//4861
f 4065//4860 3965//4863 1289//4864
f 1290//4865 4521//4866 4102//4838
f 4067//4867 3970//4868 1290//4865
f 1291//4869 4525//4870 3966//1870
f 2001//1813 4046//4871 1292//4872
f 4096//4873 2001//1813 1292//4872
f 4070//4874 3967//4875 1293//4876
f 1293//4876 5573//4877 4070//4874
f 1294//4878 4523//1806 3968//1877
f 2000//1807 4091//4879 1295//4880
f 4106//4881 2000//1807 1295//4880
f 4116//4882 3969//4883 1296//4884
f 1296//4884 5594//4885 4116//4882
f 4126//4886 3970//4868 1297//4887
f 4205//4888 4126//4886 1297//4887
f 4152//4889 3971//1849 1298//4890
f 1299//4891 4524//4892 3972//1873
f 2077//1914 4195//4893 1300//4894
f 4040//4895 2077//4896 1300//4894
f 1503//829 4040//4895 1301//4897
f 4058//4898 1503//829 1301//4897
f 4039//4899 3973//4900 1302//4901
f 1302//4901 5563//4902 4039//4899
f 1303//4903 4741//2308 3974//2500
f 1304//4904 4741//2308 4122//4905
f 1304//4904 4657//4906 2313//2309
f 1305//4907 4657//4906 4090//4908
f 1305//4907 4660//1929 2314//4909
f 4207//4910 4192//4911 1305//4907
f 1306//4912 4744//4913 3975//2502
f 4208//4914 4054//4915 1306//4912
f 1307//4916 4743//2311 3976//4917
f 1308//4918 4660//1929 4192//4911
f 4069//4919 2318//1972 1308//4918
f 1309//4920 4564//2513 3977//4921
f 4209//4922 4195//4893 1309//4920
f 1310//4923 4747//2508 3978//4924
f 2451//2547 4039//4899 1311//4925
f 1311//4925 4746//4926 2451//2547
f 1312//4927 4834//4928 3979//4929
f 1312//4927 5597//4930 4170//4931
f 1313//4932 4833//2667 3980//4933
f 1314//4934 4835//2672 3981//2828
f 1315//4935 4835//2672 4189//4936
f 1315//4935 4760//2542 2500//2673
f 1316//4937 4823//4938 3982//4939
f 4212//4940 4108//4941 1316//4937
f 1317//4942 4822//4943 3983//2715
f 1318//4944 4824//2712 3984//2822
f 1319//4945 4824//2712 4055//4946
f 1319//4945 4772//4947 2522//2713
f 3988//4948 4117//4949 1321//4950
f 1321//4950 5147//4951 3988//4948
f 4214//4952 4120//4953 1321//4950
f 4117//4949 3985//4954 1322//4955
f 1323//4956 5145//4957 3986//3678
f 3163//4958 4107//4959 1324//4960
f 4150//4961 3163//4958 1324//4960
f 4215//4962 4150//4961 1324//4960
f 1325//4963 5142//3739 3987//4964
f 4062//4965 3988//4948 1326//4966
f 4053//4967 3989//3696 1327//4968
f 1328//4969 5157//4970 4053//4967
f 1328//4969 5156//4971 3185//4972
f 3171//3691 4071//4973 1329//4974
f 1329//4974 5152//3730 3171//3691
f 4216//4975 4060//4976 1329//4974
f 4080//4977 3990//3700 1330//4978
f 1331//4979 5159//4980 4080//4977
f 1331//4979 5158//4981 3189//4982
f 3173//3694 4111//4983 1332//4984
f 1332//4984 5148//3727 3173//3694
f 4217//4985 4076//4986 1332//4984
f 1333//4987 5146//4988 3991//3736
f 3197//4989 4078//4990 1334//4991
f 4077//4992 3197//4989 1334//4991
f 1335//4993 5147//4951 3992//4994
f 4218//4995 4153//4996 1335//4993
f 1336//4997 5151//4998 4104//4999
f 4186//5000 3203//5001 1336//4997
f 1336//4997 5574//5002 4186//5000
f 4104//4999 3993//3669 1337//5003
f 3200//3728 4076//4986 1338//5004
f 1338//5004 5164//5005 3200//3728
f 1339//5006 5149//3666 4123//5007
f 4163//5008 3201//5009 1339//5006
f 1339//5006 5569//5010 4163//5008
f 4123//5007 3994//5011 1340//5012
f 3204//3731 4060//4976 1341//5013
f 1341//5013 5168//3682 3204//3731
f 3992//4994 4120//4953 1342//5014
f 4085//5015 3992//4994 1342//5014
f 1343//5016 5150//5017 4190//5018
f 4197//5019 3202//3722 1343//5016
f 4221//5020 4197//5019 1343//5016
f 3199//5021 4085//5015 1344//5022
f 4190//5018 3199//5021 1344//5022
f 4127//5023 3995//3768 1345//5024
f 4222//5025 4127//5023 1345//5024
f 4172//5026 3996//5027 1346//5028
f 3246//3753 4124//5029 1347//5030
f 1347//5030 4903//3749 3246//5031
f 1348//5032 5367//4125 4042//5033
f 1348//5032 5370//5034 3593//4290
f 4223//5035 4068//5036 1348//5032
f 1349//5037 5367//4125 3997//5038
f 1350//5039 5283//5040 3998//1932
f 1351//5041 5370//5034 4068//5036
f 1351//5041 5369//4128 3596//4293
f 1352//5042 5369//4128 4057//5043
f 1352//5042 5285//4065 3471//4129
f 1353//5044 5286//5045 3999//1976
f 4224//5046 4151//5047 1353//5044
f 1354//5048 5190//5049 4127//5023
f 1354//5048 5373//4297 3609//5050
f 1355//5051 5373//4297 4041//5052
f 4037//5053 3597//4298 1355//5051
f 4124//5029 4000//5054 1356//5055
f 4225//5056 4124//5029 1356//5055
f 1357//5057 5460//5058 4074//5059
f 1357//5057 5459//4405 3763//4551
f 1358//5060 5459//4405 4063//5061
f 1358//5060 5385//2055 3654//4406
f 3616//5062 3263//2054 1359//5063
f 1359//5063 5392//5064 3616//5062
f 1359//5063 5395//5065 3667//5066
f 4226//5067 4059//5068 1359//5063
f 1360//5069 5461//4410 4125//5070
f 1360//5069 5460//5058 3764//4554
f 4227//5071 4074//5059 1360//5069
f 1361//5072 5461//4410 4001//5073
f 1362//5074 5395//5065 4059//5068
f 4056//5075 3614//5076 1362//5074
f 1363//5077 5449//5078 4188//5079
f 1363//5077 5448//5080 3752//4541
f 1364//5081 5448//5080 4047//5082
f 1364//5081 5397//4321 3676//4442
f 3619//4317 4095//5083 1365//5084
f 3671//5085 3618//5086 1365//5084
f 1365//5084 5393//5087 3671//5085
f 4228//5088 4194//5089 1365//5084
f 1366//5090 5450//4439 4092//5091
f 1366//5090 5449//5078 3753//4542
f 1366//5090 5618//5092 4188//5079
f 1367//5093 5450//4439 4002//5094
f 3617//3861 3616//5062 1368//5095
f 1368//5095 5393//5087 4194//5089
f 4084//5096 3617//3861 1368//5095
f 4132//5097 4003//5098 1369//5099
f 1371//5100 4301//902 4005//935
f 1535//903 4184//5101 1373//5102
f 4233//5103 1535//903 1373//5102
f 1536//860 4049//5104 1375//5105
f 1375//5105 4292//5106 1536//860
f 2760//3078 4177//5107 1378//5108
f 4098//5109 2760//3078 1378//5108
f 1380//5110 5535//3082 4168//5111
f 1380//5110 5536//3077 2776//5112
f 4165//5113 4016//5114 1382//5115
f 4146//5116 4018//3057 1384//5117
f 1404//5118 4293//5119 4232//5120
f 1405//5121 5537//5122 4098//5109
f 1406//5123 5537//5122 4100//5124
f 1407//5125 4300//898 4132//5097
f 1408//5126 4300//898 4134//5127
f 1409//5128 5534//5129 4146//5116
f 1410//5130 5534//5129 4148//5131
f 1411//5132 4292//5106 4159//5133
f 1412//5134 4292//5106 4161//5135
f 1413//5136 5535//3082 4165//5113
f 1414//5137 5535//3082 4167//5138
f 1415//5139 5536//3077 4174//5140
f 1416//5141 5536//3077 4176//5142
f 1417//5143 4301//902 4181//5144
f 1418//5145 4301//902 4183//5146
f 1419//5147 4293//5119 4233//5103
f 1420//630 1421//1473 1//628
f 1421//1473 2662//2911 1//628
f 4244//667 2//633 1422//635
f 1423//660 1420//630 2//633
f 4243//671 3//636 1424//639
f 1425//664 1422//635 3//636
f 4242//675 4//640 1426//643
f 1427//668 1424//639 4//640
f 4241//673 5//644 1428//647
f 1429//676 1426//643 5//644
f 1430//651 1431//677 6//649
f 4241//673 6//649 1431//677
f 4238//681 7//654 1432//653
f 1433//684 1886//1617 7//654
f 4238//681 8//657 1434//659
f 4313//5148 9//662 1435//661
f 4314//5149 10//666 1436//665
f 4315//5150 11//670 1437//669
f 1438//674 1574//962 12//672
f 4317//1604 13//679 1439//678
f 1440//682 1579//1610 14//680
f 4246//629 17//694 1441//691
f 4874//631 17//694 1443//632
f 1444//696 1879//701 19//700
f 1445//656 2673//2929 8//657
f 1447//704 1450//646 21//709
f 4251//645 22//714 1449//712
f 4252//641 23//719 1451//717
f 4253//637 16//688 1453//692
f 4254//689 25//725 1455//723
f 4882//2955 25//725 1457//693
f 1458//728 2222//2239 27//731
f 1459//697 2683//5151 18//698
f 1460//735 2187//2163 28//736
f 4626//703 430//2235 1461//699
f 4608//5152 20//706 1462//705
f 1464//716 2219//2186 408//2185
f 1465//724 1456//690 24//720
f 1467//742 1469//727 31//747
f 1469//727 2703//2986 31//747
f 1470//754 2224//2244 33//757
f 1471//729 2695//5153 26//730
f 4623//758 34//761 1472//755
f 4625//732 432//2240 1473//733
f 4599//5154 35//762 1474//759
f 4589//5155 36//767 1476//766
f 4594//2213 37//772 1477//771
f 4618//5156 38//777 1478//776
f 1479//746 1468//722 30//744
f 4622//5157 29//740 1480//739
f 1481//780 1483//750 40//785
f 1483//750 2715//786 40//785
f 1484//790 1486//756 42//792
f 4893//5158 32//751 1485//753
f 4266//1905 42//792 1486//756
f 4267//1904 43//794 1487//798
f 4275//5159 334//1895 1487//798
f 4268//763 44//801 1489//797
f 4269//768 45//802 1491//799
f 4270//773 46//806 1493//805
f 1495//783 1482//743 39//782
f 1497//809 1499//784 48//815
f 1499//784 2729//3026 48//815
f 4273//788 50//823 1500//819
f 4901//5160 41//787 1501//789
f 1502//791 2047//1916 50//823
f 4275//5159 51//827 1503//829
f 4276//795 52//831 1504//825
f 1506//838 1509//804 53//836
f 1507//800 2037//1889 52//831
f 4278//803 54//840 1508//834
f 1510//814 1498//781 47//811
f 1512//841 1514//818 56//846
f 1514//818 2741//3046 56//846
f 1515//820 2731//5161 49//821
f 4282//5162 57//850 1516//853
f 1516//853 2079//5163 341//5164
f 1518//855 1520//826 58//858
f 1519//856 2039//863 59//861
f 4544//5165 60//865 1521//868
f 1523//870 1526//839 61//872
f 1524//835 1996//1802 53//836
f 1525//845 1513//810 55//843
f 1527//873 1529//849 63//878
f 1529//849 2754//3068 63//878
f 4289//1922 65//887 1530//886
f 1531//891 1533//852 66//892
f 1532//895 1534//857 67//897
f 4292//5106 67//897 1534//857
f 1535//903 1538//867 68//901
f 1537//899 1540//871 69//905
f 1539//877 1528//842 62//875
f 1541//907 1543//881 71//912
f 1543//881 2766//3087 71//912
f 4297//883 73//920 1544//919
f 4923//5166 64//882 1545//884
f 4298//888 74//924 1546//923
f 4299//893 75//928 1548//927
f 1550//931 4005//935 76//932
f 1552//936 1554//900 77//939
f 1553//937 1556//904 78//941
f 1555//911 1542//874 70//909
f 4931//4754 72//916 1559//918
f 4312//5167 79//945 1566//948
f 4313//5148 80//951 1567//943
f 4312//5167 9//662 1568//946
f 4314//5149 81//956 1569//949
f 1570//952 1435//661 10//666
f 4315//5150 82//961 1571//954
f 1572//957 1436//665 11//670
f 1573//959 1881//1606 83//966
f 4315//5150 12//672 1574//962
f 1575//964 1892//973 84//971
f 1576//5168 1438//674 13//679
f 4467//5169 85//974 1577//969
f 1578//979 1580//687 86//980
f 4318//1609 14//680 1579//1610
f 1580//687 1440//682 15//685
f 1580//687 2794//3126 86//980
f 1581//987 1583//944 87//985
f 1582//983 1585//950 88//990
f 1584//988 1587//955 89//994
f 1586//992 1589//960 90//998
f 1588//996 1591//965 91//1002
f 1590//1000 1593//970 92//1006
f 1592//1004 1595//976 93//1010
f 1594//1008 1596//982 94//1012
f 1596//982 2809//3146 94//1012
f 1597//1020 1599//984 95//1018
f 1598//1016 1601//989 96//1023
f 1600//1021 1603//993 97//1027
f 1602//1025 1605//997 98//1031
f 1604//1029 1607//1001 99//1035
f 1606//1033 1609//1005 100//1039
f 4334//1011 101//1040 1608//1037
f 1610//1043 1612//1015 102//1044
f 1612//1015 2824//3167 102//1044
f 1613//1051 1615//1017 104//1054
f 1614//1052 1617//1022 105//1057
f 1616//1055 1619//1026 106//1061
f 1618//1059 1621//1030 107//1065
f 1620//1063 1622//1034 108//1067
f 4341//2836 108//1067 1622//1034
f 4342//2835 109//1073 1623//1075
f 1625//1071 1627//1046 110//1076
f 1627//1046 2838//3185 110//1076
f 4344//1048 112//1083 1628//1080
f 4970//5170 103//1047 1629//1049
f 1630//1086 1633//1056 113//1089
f 1632//1087 1635//1060 114//1092
f 1634//1090 1637//1064 115//1096
f 1636//1094 1638//1070 116//1098
f 4349//2838 116//1098 1638//1070
f 1639//1106 1641//1072 117//1104
f 4351//1077 118//1108 1640//1102
f 4977//1078 118//1108 1642//1079
f 4352//4657 119//1110 1643//1114
f 1644//1081 2840//5171 111//1082
f 1645//1113 1648//1088 120//1117
f 1647//1115 1650//1091 121//1120
f 1649//1118 1652//1095 122//1124
f 4356//1099 123//1126 1651//1122
f 1653//1129 2616//1133 124//1130
f 1655//1134 1656//1103 125//1135
f 4359//4716 125//1135 1656//1103
f 1658//1142 1660//1112 126//1140
f 1659//1138 1662//1116 127//1145
f 1661//1143 1664//1119 128//1149
f 1663//1147 1666//1123 129//1151
f 4364//5172 130//1156 1665//1154
f 4365//1127 131//1160 1667//1159
f 4366//1131 132//1165 1669//1163
f 1671//1137 3858//4726 132//1165
f 1672//1171 1674//1139 134//1174
f 1673//1172 1676//1144 135//1177
f 1675//1175 1678//1148 136//1181
f 1677//1179 1680//1153 137//1183
f 4372//1152 138//1188 1679//1186
f 4373//1157 139//1192 1681//1191
f 4374//1161 140//1196 1683//1195
f 1685//1199 3857//1203 141//1200
f 4376//1168 143//1209 1687//1208
f 5002//5173 133//1167 1688//1169
f 4377//1178 144//1213 1689//1212
f 4378//1182 145//1217 1691//1216
f 1693//1220 1696//1185 146//1223
f 1695//1221 1698//1190 147//1226
f 1697//1224 1700//1194 148//1230
f 1699//1228 1702//1198 149//1234
f 1701//1232 1703//1202 150//1236
f 1703//1202 2908//3288 150//1236
f 4384//1206 152//1244 1704//1243
f 5010//5174 142//1205 1705//1207
f 4385//1210 153//1248 1706//1247
f 4386//1214 154//1252 1708//1251
f 1710//1255 1713//1222 155//1258
f 1712//1256 1715//1225 156//1261
f 1714//1259 1717//1229 157//1265
f 1716//1263 1719//1233 158//1269
f 1718//1267 1720//1239 159//1271
f 1720//1239 2923//3309 159//1271
f 4400//1345 161//1280 1721//1279
f 5018//5175 151//1240 1722//1242
f 4401//1342 162//1285 1723//1284
f 4402//1339 163//1290 1725//1289
f 4403//1336 164//1297 1727//1294
f 1729//1295 1741//1331 165//1301
f 1731//1299 1740//1328 166//1306
f 1733//1304 1739//1325 167//1311
f 1735//1309 1738//1322 168//1314
f 4407//1312 169//1319 1738//1322
f 1738//1322 2938//3330 168//1314
f 4406//1307 170//1323 1739//1325
f 4405//1302 171//1326 1740//1328
f 4404//1298 172//1329 1741//1331
f 1742//1333 1750//1334 173//1332
f 1743//1293 1749//1337 174//1335
f 1744//1288 1748//1340 175//1338
f 1745//1283 1747//1343 176//1341
f 5026//5176 177//1344 1746//1278
f 4408//1276 179//1351 1755//1350
f 5034//5177 160//1275 1756//1277
f 4409//1281 180//1355 1757//1354
f 4410//1286 181//1359 1759//1358
f 4411//1291 182//1365 1761//1362
f 1763//1363 1766//1300 183//1370
f 1765//1368 1768//1305 184//1374
f 1767//1372 1770//1310 185//1378
f 1769//1376 1771//1317 186//1380
f 1771//1317 2968//3368 186//1380
f 1772//1385 1774//1364 187//1386
f 1773//1384 1776//1369 188//1389
f 4417//5178 182//1365 1774//1364
f 1775//1387 1778//1373 189//1393
f 1777//1391 1780//1377 190//1395
f 1779//1398 1781//1383 191//1400
f 1781//1383 2977//3381 191//1400
f 1782//1404 1784//1388 192//1405
f 4514//1407 303//1786 1782//1404
f 1783//1403 1786//1392 193//1406
f 4422//5179 188//1389 1784//1388
f 1785//1411 1787//1397 194//1409
f 4515//5180 195//1415 1785//1411
f 1786//1392 1789//1414 193//1406
f 1787//1397 1788//1402 194//1409
f 4512//5181 193//1406 1789//1414
f 4513//1399 195//1415 1789//1414
f 4425//1348 197//1420 1790//1419
f 5051//5182 178//1347 1791//1349
f 4426//1352 198//1424 1792//1423
f 4427//1356 199//1429 1794//1427
f 4428//1360 200//1433 1796//1428
f 4429//1765 199//1429 1796//1428
f 4508//1367 200//1433 1798//1366
f 4509//1431 201//1436 1799//1430
f 4430//1417 203//1441 1800//1440
f 5056//5183 196//1416 1801//1418
f 4431//1421 204//1445 1802//1444
f 4432//1425 201//1436 1804//1435
f 1806//1447 1980//1774 300//1776
f 1806//1447 1807//1448 204//1445
f 1807//1448 1979//1780 205//1451
f 4433//1438 207//1457 1808//1456
f 5059//5184 202//1437 1809//1439
f 4434//1442 205//1451 1810//1450
f 4511//1452 208//1462 1812//1449
f 4435//1454 210//1467 1813//1463
f 1813//1463 1974//1465 209//1464
f 5061//5185 206//1453 1814//1455
f 4436//1458 208//1462 1815//1461
f 4312//5167 211//1469 1817//663
f 4441//1561 213//1475 1818//1478
f 1819//1482 1825//1474 214//1480
f 4962//5186 216//1486 1820//1050
f 1821//1468 1830//1598 212//1470
f 4439//1589 215//1484 1822//1483
f 1823//1476 1826//1565 211//1469
f 4442//1595 211//1469 1826//1565
f 4460//5187 234//1559 1827//1563
f 4461//5188 235//1560 1827//1563
f 4459//1571 236//1568 1828//1572
f 4460//5187 237//1570 1828//1572
f 1829//1488 1822//1483 216//1486
f 1830//1598 3012//3421 212//1470
f 4448//5189 223//1518 1831//1496
f 4450//5190 218//1497 1831//1496
f 4448//5189 219//1499 1832//1501
f 1832//1501 1843//1523 224//1519
f 1833//1506 1836//1510 220//1504
f 4443//1498 219//1499 1834//1495
f 4445//1581 221//1511 1836//1510
f 1837//1489 1860//1567 218//1497
f 1838//1493 1859//1558 217//1491
f 4453//5191 223//1518 1839//1517
f 4454//5192 227//1533 1839//1517
f 1840//1521 1850//1538 228//1534
f 4454//5192 224//1519 1840//1521
f 1841//1516 1832//1501 224//1519
f 1842//1508 1969//1751 225//1524
f 4449//1500 225//1524 1843//1523
f 4450//5190 226//1528 1844//1490
f 1845//1530 1844//1490 226//1528
f 1846//1526 1831//1496 223//1518
f 4455//5193 231//1546 1847//1532
f 4457//1555 227//1533 1847//1532
f 4455//5193 228//1534 1848//1536
f 1848//1536 1858//1550 232//1552
f 1849//1522 1968//1747 229//1539
f 4451//1520 229//1539 1850//1538
f 4453//5191 230//1543 1851//1527
f 1852//1545 1851//1527 230//1543
f 1853//1541 1839//1517 227//1533
f 1854//1531 1840//1521 228//1534
f 1855//1553 1848//1536 232//1552
f 1857//1537 1971//1749 350//1970
f 4458//1535 350//1970 1858//1550
f 4447//1515 234//1559 1859//1558
f 4446//1494 236//1568 1860//1567
f 1861//1502 1876//1566 238//1573
f 1862//1577 1870//1569 239//1575
f 1862//1577 1874//1578 238//1573
f 1863//1580 1877//5194 240//1579
f 1863//1580 1878//1574 241//1582
f 1864//1485 1873//5195 241//1582
f 1865//1584 1877//5194 242//1585
f 5071//5196 221//1511 1865//1584
f 1866//1590 1873//5195 243//1586
f 5088//5197 242//1585 1866//1590
f 1867//1592 3052//5198 244//1593
f 4461//5188 244//1593 1868//1596
f 1868//1596 3055//5199 245//1594
f 1869//1591 1827//1563 234//1559
f 4462//5200 241//1582 1873//5195
f 1875//1557 1828//1572 236//1568
f 4459//1571 238//1573 1876//1566
f 4462//5200 242//1585 1877//5194
f 4247//5201 246//1599 1879//701
f 1880//707 1889//1628 247//1601
f 4316//5202 248//1603 1881//1606
f 1882//978 1891//1636 249//1607
f 1885//1615 1917//1660 260//1644
f 1885//1615 1898//1623 250//1612
f 4239//5203 251//1618 1886//1617
f 4318//1609 252//1621 1887//683
f 1888//1626 1896//1641 253//1624
f 1888//1626 1920//5204 263//1655
f 1889//1628 1895//5205 254//1627
f 1890//1632 1894//1634 255//1630
f 4467//5169 257//1637 1891//1636
f 1892//973 1902//1643 258//1640
f 1893//1616 1903//5206 256//1633
f 4481//5207 255//1630 1894//1634
f 4480//5208 254//1627 1895//5205
f 4477//5209 259//1642 1896//1641
f 1897//1639 1911//1664 257//1637
f 1899//1635 1907//1652 252//1621
f 1900//1620 1906//1648 251//1618
f 1902//1643 1913//5210 258//1640
f 4475//1619 265//1662 1903//5206
f 4481//5207 256//1633 1903//5206
f 4474//5211 259//1642 1904//5212
f 1904//5212 1918//5213 267//1667
f 1905//1646 1920//5204 260//1644
f 1905//1646 1937//1694 270//1678
f 4478//1622 261//1649 1906//1648
f 4482//1638 262//1653 1907//1652
f 1908//1657 1933//5214 273//1689
f 1908//1657 1918//5213 263//1655
f 1909//1629 1922//1677 264//1658
f 4488//5215 265//1662 1910//1661
f 4491//1650 275//1696 1910//1661
f 4473//5216 266//1665 1911//1664
f 1912//1669 1915//5217 267//1667
f 1912//1669 1942//5218 277//1701
f 4473//5216 258//1640 1913//5210
f 1913//5210 1915//5217 268//1670
f 1914//1673 1913//5210 268//1670
f 1914//1673 1931//1698 266//1665
f 4474//5211 267//1667 1915//5217
f 4477//5209 263//1655 1918//5213
f 1919//1651 1926//1682 261//1649
f 4479//1625 260//1644 1920//5204
f 1921//5219 1895//5205 255//1630
f 4481//5207 269//1676 1921//5219
f 4480//5208 269//1676 1922//1677
f 4487//5220 264//1658 1922//1677
f 1923//1674 1903//5206 265//1662
f 1924//1663 1927//1686 262//1653
f 1925//1680 1933//5214 270//1678
f 1925//1680 1964//1726 280//1712
f 4492//1654 271//1683 1926//1682
f 4489//1666 272//1687 1927//1686
f 1928//1691 1954//5221 283//1724
f 1928//1691 1942//5218 273//1689
f 1929//1659 1939//1711 274//1692
f 4500//5222 275//1696 1930//1695
f 4501//1684 285//1729 1930//1695
f 4484//5223 276//1699 1931//1698
f 4495//1702 287//1736 1932//1703
f 4498//5224 277//1701 1932//1703
f 4483//1656 270//1678 1933//5214
f 1934//1672 1936//1704 278//1706
f 4484//5223 278//1706 1935//1707
f 4497//5225 276//1699 1935//1707
f 4485//1671 277//1701 1936//1704
f 4488//5215 279//1710 1938//1675
f 4487//5220 279//1710 1939//1711
f 4499//5226 274//1692 1939//1711
f 1940//1708 1910//1661 275//1696
f 1941//1697 1947//1723 272//1687
f 4490//1668 273//1689 1942//5218
f 1944//1685 1946//1718 271//1683
f 1945//1714 1954//5221 280//1712
f 4496//1688 281//1715 1946//1718
f 4493//1700 282//1719 1947//1723
f 4470//1721 283//1724 1948//1722
f 1949//1693 1961//1741 284//1727
f 1950//1725 1962//1740 285//1729
f 1951//1733 1958//1738 286//1732
f 4472//1734 287//1736 1952//1730
f 4494//1690 280//1712 1954//5221
f 4495//1702 283//1724 1955//1735
f 4498//5224 288//1739 1957//1705
f 4497//5225 288//1739 1958//1738
f 1959//1737 1932//1703 287//1736
f 4500//5222 289//1742 1960//1709
f 4499//5226 289//1742 1961//1741
f 1962//1740 1930//1695 285//1729
f 1965//1513 3027//5227 222//1514
f 1966//1744 3034//5228 291//1745
f 5082//5229 290//1743 1967//1556
f 1968//1747 1970//1753 292//1746
f 1969//1751 1972//1509 293//1750
f 1970//1753 3148//3469 292//1746
f 1972//1509 3149//3458 293//1750
f 1973//1460 1986//1782 294//1754
f 4417//5178 295//1757 1975//1758
f 1976//1432 1982//1760 297//1764
f 4429//1765 298//1770 1977//1769
f 1978//1434 1984//1768 299//1772
f 1979//1780 1985//1778 301//1779
f 5043//5230 295//1757 1981//1763
f 1982//1760 3152//3398 297//1764
f 5055//1766 298//1770 1983//1767
f 1984//1768 3154//3402 299//1772
f 4510//5231 300//1776 1985//1778
f 1985//1778 3155//3411 301//1779
f 1986//1782 3150//3416 294//1754
f 4422//5179 302//1784 1987//1783
f 4515//5180 304//1791 1988//1413
f 1989//1794 1992//1790 305//1795
f 5048//5232 302//1784 1991//1789
f 1992//1790 3158//1796 305//1795
f 5141//3388 304//1791 1993//1410
f 5042//3374 296//1761 1994//1762
f 1997//1803 2040//869 60//865
f 4518//1815 59//861 1998//864
f 4536//5233 306//1797 1999//1800
f 2000//1807 2006//1820 307//1805
f 4538//5234 308//1809 2001//1813
f 2002//1812 2012//1878 309//1814
f 4544//5165 309//1814 2003//1804
f 4540//5235 310//1818 2004//1817
f 2005//1811 2044//1816 310//1818
f 4542//5236 311//1821 2006//1820
f 2007//1799 2043//1819 311//1821
f 2008//1822 2034//1886 313//1830
f 2009//1828 2033//1883 314//1833
f 4527//1880 311//1821 2010//1881
f 2010//1881 3969//4883 328//1879
f 4539//5237 315//1839 2011//1838
f 2012//1878 2003//1804 309//1814
f 2012//1878 3967//4875 327//1874
f 4541//5238 316//1841 2013//1844
f 4524//4892 317//1847 2014//1846
f 4525//4870 310//1818 2015//1871
f 4540//5235 326//1872 2015//1871
f 2016//1826 3965//4863 312//1824
f 4528//1831 319//1854 2017//1850
f 4529//1834 320//1856 2019//1853
f 4530//1857 321//1859 2021//1855
f 4531//1860 322//1862 2023//1858
f 4532//1863 323//1865 2024//1861
f 4533//1866 324//1868 2026//1864
f 4534//1842 325//1869 2027//1867
f 4535//1825 318//1852 2029//1851
f 4541//5238 326//1872 2031//1845
f 2032//1876 3964//1840 315//1839
f 4539//5237 327//1874 2032//1876
f 4526//1882 314//1833 2033//1883
f 4543//1832 328//1879 2033//1883
f 2034//1886 2035//4862 329//1885
f 4536//5233 329//1885 2035//4862
f 2037//1889 1506//838 330//1887
f 4518//1815 331//1890 2038//862
f 4284//859 332//1891 2039//863
f 4517//1808 333//1892 2040//869
f 4544//5165 331//1890 2041//5239
f 2043//1819 1524//835 333//1892
f 2045//793 2053//5240 336//1909
f 2046//854 2078//5241 337//1910
f 2047//1916 2052//5242 338//1917
f 4917//5243 339//1921 2048//885
f 2049//890 2080//5244 342//1938
f 2050//5245 2314//4909 340//1928
f 2051//5246 2320//5247 343//1947
f 2052//5248 2328//5249 338//1918
f 4549//5250 336//1909 2053//5240
f 2054//1894 2053//5240 335//1903
f 2055//5251 2054//1894 334//1895
f 2056//1957 2063//1950 344//1952
f 4555//5252 345//1955 2056//1957
f 4554//2003 346//1960 2057//1959
f 4550//1961 347//1963 2058//1958
f 4553//5253 336//1907 2059//1906
f 4557//5254 348//1966 2060//1962
f 4556//2081 349//1967 2062//1965
f 5083//3465 233//1554 2064//1549
f 4673//5255 352//1978 2065//1980
f 5286//5045 340//1928 2066//1930
f 4685//2423 353//1984 2067//1986
f 4676//5256 343//1947 2068//1949
f 2069//1992 2392//5257 354//1990
f 4688//5258 338//1918 2070//1920
f 4553//5253 355//1995 2071//1988
f 4700//5259 336//1907 2072//1991
f 2073//1993 2059//1906 346//1960
f 2074//2002 2076//1954 357//2004
f 2075//2001 2057//1959 345//1955
f 4555//5252 344//1952 2076//1954
f 2076//1954 3238//3826 357//2004
f 4282//5162 341//5164 2078//5241
f 4556//2081 348//1966 2081//2056
f 4557//5254 347//1963 2083//1964
f 4559//1979 360//2015 2084//2011
f 2085//1975 3448//4063 351//1973
f 2086//2014 2089//1985 361//2018
f 2088//2017 2091//1989 362//2020
f 4562//2022 363//2025 2090//2023
f 2092//1996 2093//2024 363//2025
f 4575//1997 364//2027 2093//2024
f 2094//2026 2096//2006 365//2028
f 2095//2000 2123//1994 356//1998
f 2096//2006 3256//3840 365//2028
f 4745//2034 367//2036 2097//2030
f 4751//2631 368//2042 2098//2043
f 4755//2649 369//2047 2100//2040
f 4759//5260 370//2053 2102//2052
f 4568//1900 372//2061 2105//2007
f 4577//2058 358//2008 2105//2007
f 4765//2689 366//2032 2106//2033
f 4570//2069 374//2071 2108//2066
f 4571//2039 375//2073 2110//2070
f 4572//2074 376//2076 2112//2072
f 2114//2075 2116//2051 377//2078
f 2116//2051 3274//2079 377//2078
f 5182//2082 349//1967 2117//2083
f 4574//5261 373//2068 2118//2067
f 2119//2065 2124//2059 372//2061
f 2120//2012 3247//3830 359//2013
f 2121//2077 3282//3868 378//2080
f 4576//5262 379//2085 2122//2084
f 2122//2084 2126//2060 371//2057
f 4576//5262 371//2057 2124//2059
f 4593//2173 380//2088 2127//2087
f 4592//2152 381//2094 2128//2093
f 2129//2100 2139//2086 382//2098
f 2130//2105 2140//2092 383//2103
f 2131//2110 2141//2102 384//2108
f 2132//2115 2142//2107 385//2113
f 4595//2199 386//2118 2133//2117
f 4598//5263 387//2124 2134//2123
f 2135//2130 2143//2116 388//2128
f 2136//2135 2144//2122 389//2133
f 2137//2142 2145//2132 390//2138
f 2137//2142 2218//2215 420//2214
f 2138//2144 2146//2137 391//2145
f 4580//2089 382//2098 2139//2086
f 4582//2095 383//2103 2140//2092
f 4596//2179 384//2108 2141//2102
f 4604//2184 385//2113 2142//2107
f 4262//2119 388//2128 2143//2116
f 4587//2125 389//2133 2144//2122
f 4600//2209 391//2145 2146//2137
f 4579//2191 393//2149 2147//2121
f 2148//2131 2174//2148 395//2153
f 4607//2162 401//2170 2149//2091
f 4605//2166 403//2175 2150//2097
f 2151//2101 2172//2169 405//2178
f 2152//2106 2175//2174 407//2183
f 4596//2179 408//2185 2153//2187
f 2153//2187 2215//5264 384//2108
f 4604//2184 409//2189 2154//2111
f 4601//2195 413//2201 2155//2127
f 4599//5154 415//2205 2156//765
f 2157//2136 2169//2200 417//2208
f 2158//770 2167//2204 419//2212
f 4600//2209 420//2214 2159//2216
f 2159//2216 2214//2143 391//2145
f 4594//2213 421//2218 2160//775
f 4599//5154 34//761 2168//5265
f 2168//5265 2225//2196 411//2194
f 4612//2139 397//2158 2177//2140
f 2177//2140 2220//2141 390//2138
f 2178//2126 2179//5266 411//2194
f 4598//5263 414//2203 2179//5266
f 4599//5154 411//2194 2180//5267
f 2181//2090 2192//5268 398//2161
f 2182//2096 2189//5269 399//2165
f 2183//2120 2185//5270 410//2190
f 4601//2195 410//2190 2186//5271
f 4603//5272 28//736 2187//2163
f 2188//737 2190//5273 393//2149
f 4603//5272 399//2165 2190//5273
f 4605//2166 398//2161 2193//5274
f 4607//2162 392//2146 2195//5275
f 2197//708 2198//5276 392//2146
f 4608//5152 400//2168 2198//5276
f 4619//2114 29//740 2204//2157
f 2204//2157 2177//2140 397//2158
f 4617//5277 422//2220 2205//2219
f 4597//2109 423//2222 2206//2221
f 4615//2226 424//2224 2207//2223
f 4619//2114 425//2225 2208//741
f 4620//5278 426//2228 2209//2227
f 4616//5279 427//2230 2210//2229
f 4614//2234 428//2232 2211//2231
f 4618//5156 429//2233 2212//779
f 4616//5279 428//2232 2214//2143
f 4617//5277 423//2222 2215//5264
f 4620//5278 427//2230 2218//2215
f 4621//715 422//2220 2219//2186
f 4622//5157 426//2228 2220//2141
f 2221//2237 1461//699 430//2235
f 4624//2236 431//2238 2221//2237
f 2222//2239 2221//2237 431//2238
f 2223//2242 1473//733 432//2240
f 2224//2244 2223//2242 433//2243
f 2227//2193 1475//738 410//2190
f 2289//5280 2336//5281 464//2246
f 2290//5282 2348//5283 465//2250
f 4671//2361 466//2254 2291//2253
f 4659//5284 467//2257 2292//1974
f 2293//2259 2342//5285 467//2257
f 2294//2256 2346//5286 466//2254
f 2295//5287 2352//5288 468//2261
f 2296//5289 2360//5290 469//2264
f 2297//5291 2372//5292 470//2267
f 2298//2270 2364//2272 471//2271
f 2299//2274 2356//2276 472//2275
f 2300//1981 2324//2279 473//2278
f 2301//2280 2358//2402 473//2278
f 2302//2277 2366//2419 472//2275
f 2303//2273 2370//2429 471//2271
f 2304//5293 2376//5294 474//2283
f 2305//5295 2384//5296 475//2287
f 2306//5297 2396//5298 476//2290
f 2307//2293 2388//2295 477//2294
f 2308//2297 2380//2299 478//2298
f 2309//1987 2332//2302 479//2301
f 2310//2303 2382//2454 479//2301
f 2311//2300 2390//2471 478//2298
f 2312//2296 2394//2481 477//2294
f 2313//2309 2316//2248 480//2304
f 4658//2247 481//2310 2315//2307
f 2316//2248 2050//5245 464//2246
f 4659//5284 481//2310 2317//2258
f 4659//5284 351//1973 2318//1972
f 4661//2316 483//2320 2319//2317
f 2321//2323 2324//2279 484//2326
f 2322//2263 2051//5246 468//2261
f 2323//2324 2326//1977 485//2328
f 2325//2319 2320//5247 482//2313
f 4663//2327 352//1978 2326//1977
f 4665//2334 487//2337 2327//2331
f 2329//2340 2332//2302 488//2343
f 2330//2285 2052//5248 474//2283
f 4667//2344 489//2345 2331//2341
f 2333//2336 2328//5249 486//2333
f 4667//2344 353//1984 2334//1983
f 4669//2350 491//2354 2335//2351
f 4672//2365 464//2246 2336//5281
f 4670//2251 492//2358 2337//2357
f 2338//2252 2289//5280 465//2250
f 2339//2362 2342//5285 493//2363
f 2341//2353 2336//5281 490//2347
f 4671//2361 467//2257 2342//5285
f 4673//5255 495//2373 2343//2370
f 2344//2369 2068//1949 352//1978
f 2345//2377 2348//5283 496//2378
f 4673//5255 466//2254 2346//5286
f 4675//2381 497//2383 2347//2382
f 4674//2376 465//2250 2348//5283
f 4676//5256 494//2366 2349//2372
f 2350//2385 2290//5282 343//1947
f 4677//2389 499//2392 2351//2386
f 4680//5299 468//2261 2352//5288
f 2353//2395 2356//2276 500//2398
f 2354//2266 2295//5287 469//2264
f 4679//2399 501//2400 2355//2396
f 2357//2391 2352//5288 498//2388
f 4679//2399 473//2278 2358//2402
f 4681//2406 503//2409 2359//2403
f 4684//5300 469//2264 2360//5290
f 2361//2412 2364//2272 504//2415
f 2362//2269 2296//5289 470//2267
f 4683//2416 505//2417 2363//2413
f 2365//2408 2360//5290 502//2405
f 4683//2416 472//2275 2366//2419
f 4685//2423 507//2426 2367//2420
f 2368//5301 2070//1920 353//1984
f 2369//2430 2372//5292 508//2433
f 2370//2429 2067//1986 471//2271
f 4687//2434 509//2435 2371//2431
f 4686//5302 470//2267 2372//5292
f 2373//2425 2368//5301 506//2422
f 2374//2437 2297//5291 338//1918
f 4689//2441 511//2444 2375//2438
f 4692//5303 474//2283 2376//5294
f 2377//2447 2380//2299 512//2450
f 2378//2289 2304//5293 475//2287
f 4691//2451 513//2452 2379//2448
f 2381//2443 2376//5294 510//2440
f 4691//2451 479//2301 2382//2454
f 4693//2458 515//2461 2383//2455
f 4696//5304 475//2287 2384//5296
f 2385//2464 2388//2295 516//2467
f 2386//2292 2305//5295 476//2290
f 4695//2468 517//2469 2387//2465
f 2389//2460 2384//5296 514//2457
f 2390//2471 2307//2293 478//2298
f 4697//2475 519//2478 2391//2472
f 4700//5259 354//1990 2392//5257
f 2393//2482 2396//5298 520//2485
f 2394//2481 2069//1992 477//2294
f 4699//2486 521//2487 2395//2483
f 4698//5305 476//2290 2396//5298
f 2397//2477 2392//5257 518//2474
f 2398//2489 2306//5297 336//1907
f 4701//5306 522//2490 2399//2473
f 2400//2480 2401//2484 522//2490
f 4703//5307 522//2490 2401//2484
f 4705//5308 523//2491 2403//2456
f 2404//2463 2405//2466 523//2491
f 4707//5309 523//2491 2405//2466
f 4709//5310 524//2492 2407//2439
f 2408//2446 2409//2449 524//2492
f 4711//5311 524//2492 2409//2449
f 4713//5312 525//2493 2411//2421
f 2412//2428 2413//2432 525//2493
f 4715//5313 525//2493 2413//2432
f 4717//5314 526//2494 2415//2404
f 2416//2411 2417//2414 526//2494
f 4719//5315 526//2494 2417//2414
f 4721//5316 527//2495 2419//2387
f 2420//2394 2421//2397 527//2495
f 4723//5317 527//2495 2421//2397
f 4725//2367 528//2496 2423//2368
f 2424//2375 2425//2380 528//2496
f 4727//2379 528//2496 2425//2380
f 4729//2348 529//2497 2427//2349
f 2428//2356 2429//2360 529//2497
f 4731//2359 529//2497 2429//2360
f 4733//5318 530//2498 2431//2332
f 2432//2339 2433//2342 530//2498
f 4735//5319 530//2498 2433//2342
f 4737//2314 531//2499 2435//2315
f 2436//2322 2437//2325 531//2499
f 4739//2330 531//2499 2437//2325
f 2439//2306 2440//2312 532//2501
f 2440//2312 3975//2502 532//2501
f 4764//5320 533//2505 2441//2504
f 2442//2512 3977//4921 534//2510
f 2442//2512 2470//2600 535//2514
f 2443//2517 2456//2503 535//2514
f 2444//2521 2455//2509 536//2519
f 4750//2520 537//2524 2444//2521
f 4754//5321 537//2524 2445//2044
f 2446//2531 2464//2572 539//2532
f 2446//2531 2458//2518 538//2529
f 2447//2048 2498//2535 539//2532
f 4761//5322 541//2541 2448//2545
f 2448//2545 3655//5323 370//2053
f 2449//2552 2453//2548 543//2549
f 2450//2540 2454//2528 540//2537
f 2450//2540 3614//5076 541//2541
f 4746//4926 542//2546 2451//2547
f 2452//2507 3978//4924 533//2505
f 2453//2548 2479//2627 543//2549
f 4747//2508 535//2514 2456//2503
f 2457//2526 2444//2521 537//2524
f 2459//2543 2450//2540 541//2541
f 4750//2520 539//2532 2460//2522
f 4766//2693 544//2554 2461//2553
f 2462//2556 4139//5324 545//2557
f 4749//2530 546//2563 2463//2565
f 4749//2530 547//2570 2464//2572
f 4773//2720 548//2574 2465//2573
f 2466//2577 2532//5325 549//2578
f 2467//2581 2546//5326 550//2582
f 2468//2589 2457//2526 551//2586
f 4748//2511 552//2591 2469//2594
f 2470//2600 2469//2594 553//2595
f 4776//5327 551//2586 2471//2587
f 4780//5328 552//2591 2472//2592
f 4783//5329 553//2595 2473//2598
f 4788//2782 554//2602 2474//2601
f 2475//2605 2562//5330 555//2606
f 2476//2064 2566//5331 556//2609
f 4746//4926 557//2613 2477//2616
f 4746//4926 558//2618 2478//2621
f 2479//2627 2478//2621 559//2622
f 4787//5332 557//2613 2480//2614
f 4791//5333 558//2618 2481//2619
f 4793//5334 559//2622 2482//2625
f 4751//2631 561//2635 2483//2632
f 4754//5321 368//2042 2484//5335
f 2485//2638 2488//2585 562//2639
f 2486//2576 2098//2043 548//2574
f 4753//2525 563//2643 2487//2642
f 2489//2634 2484//5335 560//2628
f 4755//2649 565//2653 2491//2650
f 2492//5336 2447//2048 369//2047
f 2493//2656 2496//2523 566//2657
f 4755//2649 368//2042 2494//2045
f 4757//2660 567//2662 2495//2661
f 2497//2652 2492//5336 564//2646
f 4759//5260 568//2664 2499//5337
f 2499//5337 2448//2545 370//2053
f 4760//2542 569//2669 2500//2673
f 2501//2666 2499//5337 568//2664
f 2503//2677 2506//2612 571//2681
f 2504//2604 2106//2033 554//2602
f 4763//2506 572//2682 2505//2679
f 2507//2686 2510//5338 573//2688
f 4765//2689 570//2674 2509//2678
f 2510//5338 2441//2504 366//2032
f 4766//2693 575//2697 2511//2694
f 4769//2566 544//2554 2512//5339
f 2513//2700 2516//2569 576//2701
f 2514//2559 2461//2553 545//2557
f 4768//2704 577//2706 2515//2705
f 4767//2558 547//2570 2516//2569
f 2517//2696 2512//5339 574//2690
f 2519//2711 2521//2534 579//2714
f 4772//4947 369//2047 2520//2049
f 4771//2533 579//2714 2521//2534
f 4772//4947 578//2708 2522//2713
f 4773//2720 581//2724 2523//2721
f 4776//5327 548//2574 2524//5340
f 2525//2727 2528//2590 582//2728
f 2526//2580 2465//2573 549//2578
f 4775//2588 583//2732 2527//2731
f 2529//2723 2524//5340 580//2717
f 4777//2738 585//2741 2531//2735
f 4780//5328 549//2578 2532//5325
f 2533//2744 2536//2597 586//2747
f 2534//2584 2466//2577 550//2582
f 4779//2596 587//2748 2535//2745
f 2537//2740 2532//5325 584//2737
f 2539//2753 2542//2516 589//2756
f 4784//2766 367//2036 2540//2038
f 4782//2515 590//2760 2541//2759
f 2543//2763 2546//5326 591//2765
f 4784//2766 588//2750 2545//2755
f 4783//5329 550//2582 2546//5326
f 2547//2770 2550//2617 593//2774
f 2548//2608 2474//2601 555//2606
f 4786//2775 594//2776 2549//2772
f 2551//2779 2554//5341 595//2781
f 4788//2782 592//2767 2553//2771
f 4787//5332 554//2602 2554//5341
f 2555//2786 2558//2624 597//2790
f 2556//2611 2475//2605 556//2609
f 4790//2623 598//2791 2557//2788
f 2559//2794 2562//5330 599//2796
f 4792//2797 596//2783 2561//2787
f 4791//5333 555//2606 2562//5330
f 2563//2801 2566//5331 601//2805
f 4794//2806 602//2807 2565//2803
f 4793//5334 556//2609 2566//5331
f 2567//2810 2570//2551 603//2812
f 2568//2063 2476//2064 372//2061
f 4796//2550 600//2798 2569//2802
f 2571//2800 2572//2804 604//2813
f 4798//5342 604//2813 2572//2804
f 2573//2809 2574//2811 604//2813
f 2575//2785 2576//2789 605//2815
f 4802//5343 605//2815 2576//2789
f 2577//2793 2578//2795 605//2815
f 2579//2769 2580//2773 606//2817
f 4806//5344 606//2817 2580//2773
f 2581//2778 2582//2780 606//2817
f 2583//2752 2584//2758 607//2819
f 4810//2757 607//2819 2584//2758
f 2585//2762 2586//2764 607//2819
f 4813//5345 608//2820 2587//2736
f 2588//2743 2589//2746 608//2820
f 4815//5346 608//2820 2589//2746
f 4817//2718 609//2821 2591//2719
f 2592//2726 2593//2730 609//2821
f 4819//2729 609//2821 2593//2730
f 2595//2710 2596//2716 610//2823
f 2596//2716 3982//4939 610//2823
f 4825//2691 611//2824 2597//2692
f 2598//2699 2599//2703 611//2824
f 4827//2702 611//2824 2599//2703
f 2601//2676 2602//2680 612//2825
f 4830//5347 612//2825 2602//2680
f 2603//2684 2604//2687 612//2825
f 2605//2668 3979//4929 613//2827
f 2607//2648 2608//2655 614//2829
f 2608//2655 2609//2659 614//2829
f 2609//2659 2610//2663 614//2829
f 4841//2629 615//2830 2611//2630
f 2612//2637 2613//2641 615//2830
f 4843//2640 615//2830 2613//2641
f 2615//1069 2618//5348 618//2837
f 4357//1100 620//2844 2616//1133
f 4349//2838 621//2847 2617//2846
f 4852//5349 618//2837 2618//5348
f 2619//2845 2631//5350 620//2844
f 2620//2832 2624//5351 616//2831
f 4848//2852 621//2847 2621//2840
f 4849//5352 619//2842 2622//2841
f 2623//2833 2635//5353 617//2834
f 4851//2843 622//2850 2624//5351
f 4853//5354 616//2831 2624//5351
f 2625//5355 2630//2854 625//2858
f 4850//5356 621//2847 2625//5355
f 4854//2857 628//2872 2626//2849
f 4859//5357 622//2850 2626//2849
f 2627//2839 2636//2869 623//2851
f 4849//5352 624//2856 2628//2855
f 2629//2860 2643//2875 631//2879
f 2629//2860 2633//5358 625//2858
f 2631//5350 2622//2841 620//2844
f 2631//5350 2633//5358 626//2861
f 2632//2865 2631//5350 626//2861
f 2632//2865 2640//2876 624//2856
f 4850//5356 625//2858 2633//5358
f 2635//5353 2618//5348 617//2834
f 4853//5354 627//2868 2635//5353
f 4852//5349 627//2868 2636//2869
f 4858//5359 623//2851 2636//2869
f 2637//2866 2624//5351 622//2850
f 4863//2878 634//2892 2638//2871
f 4865//5360 628//2872 2638//2871
f 2639//2853 2648//2889 629//2873
f 4856//2864 630//2877 2640//2876
f 2641//2881 2646//2882 631//2879
f 2641//2881 2657//2893 637//2901
f 2644//2863 2646//2882 632//2884
f 2645//2885 2644//2863 632//2884
f 2645//2885 2652//2900 630//2877
f 4857//2862 631//2879 2646//2882
f 4859//5357 633//2888 2647//2867
f 4858//5359 633//2888 2648//2889
f 4864//5361 629//2873 2648//2889
f 2649//2886 2626//2849 628//2872
f 4845//2895 634//2892 2650//2891
f 2651//2874 2660//2906 635//2894
f 2652//2900 2655//2903 636//2896
f 4847//2898 637//2901 2653//2899
f 4861//5362 638//2904 2654//2883
f 4860//5363 638//2904 2655//2903
f 2656//2902 2641//2881 637//2901
f 4865//5360 639//2907 2659//2887
f 4864//5361 639//2907 2660//2906
f 2661//2905 2638//2871 634//2892
f 2662//2911 2664//2933 640//2908
f 2663//2910 2666//2937 641//2912
f 2663//2910 2682//5364 640//2908
f 2664//2933 3009//3420 646//2934
f 2665//2914 2668//2941 642//2916
f 2665//2914 2692//5365 641//2912
f 4872//2909 647//2938 2666//2937
f 2667//2918 2670//2945 643//2920
f 2667//2918 2690//5366 642//2916
f 4871//2913 648//2942 2668//2941
f 4869//2921 644//2926 2669//2922
f 2669//2922 2688//5367 643//2920
f 4870//2917 649//2944 2670//2945
f 4868//5368 835//3514 2671//2925
f 4877//3525 644//2926 2671//2925
f 4869//2921 650//2949 2672//2924
f 2673//2929 2684//3506 645//2928
f 2674//2952 3070//3518 651//2951
f 2675//2932 2786//5369 647//2938
f 2676//2936 2788//5370 648//2942
f 4941//2943 649//2944 2677//2940
f 2678//2947 2792//3510 650//2949
f 4943//2950 838//3523 2679//2948
f 2681//695 2682//5364 652//2954
f 4881//2915 652//2954 2682//5364
f 2683//5151 1445//656 18//698
f 2683//5151 2697//4038 653//2958
f 4875//5371 831//3505 2684//3506
f 2685//2960 3063//5372 654//2961
f 4884//5373 655//2962 2685//2960
f 4877//3525 832//3507 2686//2927
f 2687//2964 2688//5367 655//2962
f 2687//2964 2700//3975 656//2965
f 2688//5367 2685//2960 655//2962
f 2689//2967 2690//5366 656//2965
f 5247//2966 657//2970 2689//2967
f 4879//2923 656//2965 2690//5366
f 4881//2915 657//2970 2691//2969
f 2691//2969 2694//5374 652//2954
f 4880//2919 657//2970 2692//5365
f 4882//2955 658//2971 2693//2972
f 2694//5374 2701//2981 658//2971
f 2695//5153 1459//697 26//730
f 2695//5153 2707//4044 659//2973
f 5232//4040 659//2973 2696//2975
f 5251//2974 660//2978 2696//2975
f 2697//4038 3377//4041 987//4035
f 5252//4037 653//2958 2697//4038
f 5234//5375 957//3955 2698//2959
f 4884//5373 961//3965 2699//3964
f 4885//2963 965//3974 2700//3975
f 2701//2981 3364//4022 661//2982
f 2701//2981 2704//5376 658//2971
f 5247//2966 979//4016 2702//2968
f 4887//726 662//2987 2703//2986
f 2704//5376 2713//3006 662//2987
f 2705//5377 1471//729 32//751
f 4893//5158 663//2990 2705//5377
f 2706//2989 2720//2991 664//2993
f 5249//2994 663//2990 2706//2989
f 2707//4044 3379//4046 989//4042
f 2708//2992 2722//5378 665//2995
f 5225//5379 664//2993 2708//2992
f 2709//2976 3383//3982 967//3979
f 2710//2997 2724//5380 666//2998
f 2710//2997 3312//3995 665//2995
f 2711//3000 2726//5381 667//3001
f 2711//3000 3314//4009 666//2998
f 2712//3003 2728//5382 668//3004
f 2712//3003 3316//4013 667//3001
f 2713//3006 3368//4033 668//3004
f 4899//3005 662//2987 2713//3006
f 5248//5383 983//4025 2714//2980
f 4892//749 669//3008 2715//786
f 2716//2985 2727//3024 669//3008
f 2717//5384 1485//753 41//787
f 2717//5384 2732//3009 670//3011
f 2718//2988 2717//5384 670//3011
f 2719//3750 3221//5385 903//3748
f 2719//3750 2734//5386 671//3013
f 4894//3012 904//3754 2720//2991
f 2721//3015 2722//5378 671//3013
f 2721//3015 2736//3016 672//3018
f 4895//3755 671//3013 2722//5378
f 2723//3017 2724//5380 672//3018
f 2723//3017 2738//5387 673//3019
f 4896//2996 672//3018 2724//5380
f 2725//3021 2726//5381 673//3019
f 2725//3021 2740//5388 674//3022
f 4897//2999 673//3019 2726//5381
f 4899//3005 674//3022 2727//3024
f 2727//3024 2730//3007 669//3008
f 4898//3002 674//3022 2728//5382
f 4900//5389 675//3027 2729//3026
f 2730//3007 2739//3043 675//3027
f 4901//5160 49//821 2731//5161
f 2731//5161 2744//3786 676//3028
f 4901//5160 676//3028 2732//3009
f 2733//3032 2734//5386 677//3033
f 2733//3032 2749//3742 678//3036
f 4903//3749 677//3033 2734//5386
f 2735//3740 3206//3035 899//3738
f 5142//3739 679//3040 2735//3740
f 4904//3014 678//3036 2736//3016
f 2737//3039 2738//5387 679//3040
f 2737//3039 2753//3042 680//3044
f 2738//5387 2735//3740 679//3040
f 2739//3043 2740//5388 680//3044
f 4915//5390 675//3027 2739//3043
f 4906//3020 680//3044 2740//5388
f 4908//817 681//3047 2741//3046
f 2742//3025 2752//3065 681//3047
f 4910//5391 908//3780 2743//3779
f 2743//3779 2759//5392 682//3048
f 4909//4048 910//3787 2744//3786
f 2745//3050 3214//5393 682//3048
f 4919//3049 683//3053 2745//3050
f 4912//5394 683//3053 2746//3052
f 2746//3052 4018//3057 684//3056
f 2747//3031 2745//3050 683//3053
f 5170//3062 900//3741 2748//3063
f 2748//3063 2763//5395 685//3059
f 4912//5394 901//3743 2749//3742
f 2749//3742 3985//4954 678//3036
f 2750//3061 3209//3747 685//3059
f 4920//3060 686//3066 2750//3061
f 2751//3038 3211//3680 902//3744
f 4915//5390 686//3066 2752//3065
f 4921//5396 681//3047 2752//3065
f 2753//3042 2750//3061 686//3066
f 4916//848 687//3069 2754//3068
f 2755//3045 2764//3084 687//3069
f 2756//5397 2048//885 64//882
f 2756//5397 2770//5398 688//3070
f 2757//3072 3216//5399 688//3070
f 2757//3072 2772//5400 689//3073
f 4919//3049 689//3073 2758//3075
f 2758//3075 2774//5401 690//3076
f 2759//5392 2757//3072 689//3073
f 5537//5122 690//3076 2760//3078
f 2761//3051 2758//3075 690//3076
f 4920//3060 691//3081 2762//3080
f 4928//5402 692//3085 2762//3080
f 2763//5395 4016//5114 691//3081
f 4921//5396 692//3085 2764//3084
f 4929//5403 687//3069 2764//3084
f 2765//3064 2762//3080 692//3085
f 4922//880 693//3088 2766//3087
f 2767//3067 2779//3105 693//3088
f 2768//5404 1545//884 72//916
f 2768//5404 3887//4774 694//3089
f 2769//3091 2770//5398 694//3089
f 2769//3091 3888//4776 695//3092
f 4923//5166 694//3089 2770//5398
f 2771//3094 2772//5400 695//3092
f 2771//3094 3889//4778 696//3095
f 4924//3071 695//3092 2772//5400
f 4934//3096 697//3098 2773//3097
f 2773//3097 2774//5401 696//3095
f 4925//3074 696//3095 2774//5401
f 4935//3099 698//3103 2775//3100
f 2775//3100 2776//5112 697//3098
f 2776//5112 2773//3097 697//3098
f 4928//5402 698//3103 2777//3102
f 4936//4782 699//3106 2777//3102
f 2778//3079 2775//3100 698//3103
f 4929//5403 699//3106 2779//3105
f 4937//4784 693//3088 2779//3105
f 2780//3083 2777//3102 699//3106
f 2781//4795 3894//4749 1230//4772
f 5526//5405 1240//4793 2781//4795
f 2782//3427 3014//3425 808//3428
f 4946//5406 700//3109 2782//3427
f 2783//3108 2784//5407 700//3109
f 4947//5408 701//3112 2783//3108
f 4938//3423 700//3109 2784//5407
f 2785//3111 2786//5369 701//3112
f 4948//5409 702//3115 2785//3111
f 4939//2935 701//3112 2786//5369
f 2787//3114 2788//5370 702//3115
f 4949//5410 703//3118 2787//3114
f 4940//2939 702//3115 2788//5370
f 2789//3117 2790//2946 703//3118
f 4950//5411 704//3121 2789//3117
f 4941//2943 703//3118 2790//2946
f 4951//5412 705//3124 2791//3120
f 5092//5413 704//3121 2791//3120
f 4942//5414 833//3509 2792//3510
f 4952//5415 706//3125 2793//3123
f 2793//3123 3075//3540 705//3124
f 2794//3126 3065//5416 706//3125
f 4944//3521 834//3511 2795//2953
f 4946//5406 809//3431 2796//3430
f 4954//5417 707//3129 2796//3430
f 4947//5408 707//3129 2797//3128
f 4955//5418 708//3132 2797//3128
f 2798//3107 2796//3430 707//3129
f 4948//5409 708//3132 2799//3131
f 4956//5419 709//3135 2799//3131
f 2800//3110 2797//3128 708//3132
f 4949//5410 709//3135 2801//3134
f 4957//5420 710//3138 2801//3134
f 2802//3113 2799//3131 709//3135
f 4950//5411 710//3138 2803//3137
f 4958//5421 711//3141 2803//3137
f 2804//3116 2801//3134 710//3138
f 4951//5412 711//3141 2805//3140
f 4959//5422 712//3144 2805//3140
f 2806//3119 2803//3137 711//3141
f 4952//5415 712//3144 2807//3143
f 4960//5423 713//3147 2807//3143
f 2808//3122 2805//3140 712//3144
f 4953//981 713//3147 2809//3146
f 2810//5424 2807//3143 713//3147
f 4954//5417 810//3433 2811//3432
f 4962//5186 714//3150 2811//3432
f 4955//5418 714//3150 2812//3149
f 4963//5425 715//3153 2812//3149
f 2813//3127 2811//3432 714//3150
f 4956//5419 715//3153 2814//3152
f 4964//5426 716//3156 2814//3152
f 2815//3130 2812//3149 715//3153
f 4957//5420 716//3156 2816//3155
f 4965//5427 717//3159 2816//3155
f 2817//3133 2814//3152 716//3156
f 4958//5421 717//3159 2818//3158
f 4966//5428 718//3162 2818//3158
f 2819//3136 2816//3155 717//3159
f 4959//5422 718//3162 2820//3161
f 2820//3161 2837//3163 719//3165
f 2821//3139 2818//3158 718//3162
f 4960//5423 719//3165 2822//3164
f 2822//3164 2839//5429 720//3166
f 2823//3142 2820//3161 719//3165
f 4961//1014 720//3166 2824//3167
f 4960//5423 720//3166 2825//3145
f 2826//5430 1820//1050 103//1047
f 4970//5170 721//3170 2826//5430
f 4963//5425 721//3170 2827//3169
f 4971//5431 722//3173 2827//3169
f 2828//3148 2826//5430 721//3170
f 4964//5426 722//3173 2829//3172
f 4972//5432 723//3176 2829//3172
f 2830//3151 2827//3169 722//3173
f 4965//5427 723//3176 2831//3175
f 4973//5433 724//3179 2831//3175
f 2832//3154 2829//3172 723//3176
f 4966//5428 724//3179 2833//3178
f 4974//5434 725//3182 2833//3178
f 2834//3157 2831//3175 724//3179
f 2835//3160 2833//3178 725//3182
f 2836//4566 3782//4572 1167//4564
f 4976//4565 726//3186 2836//4566
f 4967//3183 1168//4569 2837//3163
f 2838//3185 2839//5429 726//3186
f 4968//4570 726//3186 2839//5429
f 4970//5170 111//1082 2840//5171
f 2840//5171 2854//5435 727//3187
f 2841//3189 2842//3168 727//3187
f 4979//3188 728//3192 2841//3189
f 4970//5170 727//3187 2842//3168
f 4972//5432 728//3192 2843//3191
f 4980//5436 729//3195 2843//3191
f 2844//3171 2841//3189 728//3192
f 4973//5433 729//3195 2845//3194
f 4981//5437 730//3198 2845//3194
f 2846//3174 2843//3191 729//3195
f 4974//5434 730//3198 2847//3197
f 4982//5438 731//3199 2847//3197
f 2848//3177 2845//3194 730//3198
f 2849//3180 2847//3197 731//3199
f 4976//4565 1170//4578 2850//4577
f 4984//4580 732//3204 2850//4577
f 4977//1078 732//3204 2851//1109
f 2852//3184 2850//4577 732//3204
f 2853//3207 2854//5435 733//3205
f 4987//3206 734//3212 2853//3207
f 4978//4658 733//3205 2854//5435
f 4980//5436 734//3212 2855//3211
f 4988//5439 735//3215 2855//3211
f 2856//3190 2853//3207 734//3212
f 4981//5437 735//3215 2857//3214
f 4989//5440 736//3218 2857//3214
f 2858//3193 2855//3211 735//3215
f 4982//5438 736//3218 2859//3217
f 2859//3217 2875//5441 737//3219
f 2860//3196 2857//3214 736//3218
f 2861//3221 2862//5442 737//3219
f 4991//3220 738//3222 2861//3221
f 4982//5438 737//3219 2862//5442
f 2863//3224 3775//4581 738//3222
f 4992//3223 739//3227 2863//3224
f 4985//4715 739//3227 2864//3226
f 2865//3203 2863//3224 739//3227
f 4987//3206 740//3230 2866//3229
f 4995//5443 741//3234 2866//3229
f 2867//3209 3823//4668 740//3230
f 4988//5439 741//3234 2868//3233
f 4996//5444 742//3237 2868//3233
f 2869//3210 2866//3229 741//3234
f 4989//5440 742//3237 2870//3236
f 4997//5445 743//3238 2870//3236
f 2871//3213 2868//3233 742//3237
f 2872//3240 2873//3216 743//3238
f 2872//3240 2890//5446 744//3241
f 2873//3216 2870//3236 743//3238
f 2874//3243 2875//5441 744//3241
f 2874//3243 2892//5447 745//3244
f 4990//5448 744//3241 2875//5441
f 2876//3246 2877//5449 745//3244
f 2876//3246 2894//5450 746//3247
f 4991//3220 745//3244 2877//5449
f 2878//3249 2879//3225 746//3247
f 4992//3223 746//3247 2879//3225
f 2880//5451 3822//1170 133//1167
f 5002//5173 747//3252 2880//5451
f 4995//5443 747//3252 2881//3251
f 5003//5452 748//3255 2881//3251
f 2882//3228 2880//5451 747//3252
f 4996//5444 748//3255 2883//3254
f 5004//5453 749//3258 2883//3254
f 2884//3232 2881//3251 748//3255
f 4997//5445 749//3258 2885//3257
f 5005//5454 750//3259 2885//3257
f 2886//3235 2883//3254 749//3258
f 2887//3261 2888//5455 750//3259
f 2887//3261 2905//5456 751//3262
f 2888//5455 2885//3257 750//3259
f 2889//3264 2890//5446 751//3262
f 2889//3264 2907//5457 752//3265
f 4998//3239 751//3262 2890//5446
f 2891//3267 2892//5447 752//3265
f 2891//3267 2909//5458 753//3268
f 4999//3242 752//3265 2892//5447
f 2893//1204 2894//5450 753//3268
f 5000//3245 753//3268 2894//5450
f 2895//5459 1688//1169 142//1205
f 2895//5459 2912//5460 754//3269
f 2896//3271 2897//3250 754//3269
f 2896//3271 2914//5461 755//3272
f 5002//5173 754//3269 2897//3250
f 2898//3274 2899//3253 755//3272
f 2898//3274 2916//5462 756//3275
f 5003//5452 755//3272 2899//3253
f 5005//5454 756//3275 2900//3277
f 5013//3276 757//3280 2900//3277
f 5004//5453 756//3275 2901//3256
f 5006//3260 757//3280 2902//3279
f 5014//5463 758//3283 2902//3279
f 2903//5464 2900//3277 757//3280
f 5007//3263 758//3283 2904//3282
f 5015//5465 759//3286 2904//3282
f 2905//5456 2902//3279 758//3283
f 5008//3266 759//3286 2906//3285
f 5016//5466 760//3289 2906//3285
f 2907//5457 2904//3282 759//3286
f 5009//1201 760//3289 2908//3288
f 2909//5458 2906//3285 760//3289
f 2910//5467 1705//1207 151//1240
f 2910//5467 2927//3346 761//3290
f 2911//3292 2912//5460 761//3290
f 2911//3292 2929//3343 762//3293
f 5010//5174 761//3290 2912//5460
f 2913//3295 2914//5461 762//3293
f 2913//3295 2931//3340 763//3296
f 5011//3270 762//3293 2914//5461
f 2915//3298 2916//5462 763//3296
f 2915//3298 2933//3299 764//3301
f 5012//3273 763//3296 2916//5462
f 5014//5463 764//3301 2917//3300
f 5022//3338 765//3304 2917//3300
f 2918//3278 2915//3298 764//3301
f 5015//5465 765//3304 2919//3303
f 5023//3336 766//3307 2919//3303
f 2920//3281 2917//3300 765//3304
f 5016//5466 766//3307 2921//3306
f 5024//3334 767//3310 2921//3306
f 2922//3284 2919//3303 766//3307
f 5017//1238 767//3310 2923//3309
f 2924//3287 2921//3306 767//3310
f 2925//5468 1746//1278 160//1275
f 2925//5468 2957//5469 768//3311
f 2926//3313 2946//5470 768//3311
f 2926//3313 2959//5471 769//3314
f 5018//5175 781//3347 2927//3346
f 2928//3316 2945//5472 769//3314
f 2928//3316 2961//5473 770//3317
f 5019//3291 780//3344 2929//3343
f 2930//3319 2944//5474 770//3317
f 2930//3319 2963//3320 771//3322
f 5020//3294 779//3341 2931//3340
f 5030//5475 771//3322 2932//3321
f 5038//5476 772//3325 2932//3321
f 5021//3297 778//3337 2933//3299
f 5031//5477 772//3325 2934//3324
f 5039//5478 773//3328 2934//3324
f 2935//3302 2951//5479 777//3335
f 5032//5480 773//3328 2936//3327
f 5040//5481 774//3331 2936//3327
f 2937//3305 2952//5482 776//3333
f 5033//1321 774//3331 2938//3330
f 2939//3308 2953//5483 775//3332
f 2940//5484 2936//3327 774//3331
f 2940//5484 2954//1318 775//3332
f 2941//5485 2934//3324 773//3328
f 2941//5485 2953//5483 776//3333
f 2942//5486 2932//3321 772//3325
f 2942//5486 2952//5482 777//3335
f 5029//5487 771//3322 2943//5488
f 2943//5488 2951//5479 778//3337
f 5028//5489 770//3317 2944//5474
f 5029//5487 779//3341 2944//5474
f 5027//5490 769//3314 2945//5472
f 5028//5489 780//3344 2945//5472
f 5026//5176 768//3311 2946//5470
f 5027//5490 781//3347 2946//5470
f 2947//1346 2946//5470 781//3347
f 2948//3345 2945//5472 780//3344
f 2949//3342 2944//5474 779//3341
f 2950//3339 2943//5488 778//3337
f 5030//5475 777//3335 2951//5479
f 5031//5477 776//3333 2952//5482
f 5032//5480 775//3332 2953//5483
f 2955//5491 1756//1277 178//1347
f 2955//5491 2988//5492 782//3348
f 2956//3350 2957//5469 782//3348
f 2956//3350 2990//5493 783//3351
f 5034//5177 782//3348 2957//5469
f 2958//3353 2959//5471 783//3351
f 2958//3353 2992//5494 784//3354
f 5035//3312 783//3351 2959//5471
f 2960//3356 2961//5473 784//3354
f 2960//3356 2993//3400 785//3359
f 5036//3315 784//3354 2961//5473
f 5038//5476 785//3359 2962//3358
f 5044//5495 786//3363 2962//3358
f 5037//3318 785//3359 2963//3320
f 5039//5478 786//3363 2964//3362
f 5045//5496 787//3366 2964//3362
f 2965//3323 2962//3358 786//3363
f 5040//5481 787//3366 2966//3365
f 5046//5497 788//3369 2966//3365
f 2967//3326 2964//3362 787//3366
f 5041//1316 788//3369 2968//3368
f 2969//3329 2966//3365 788//3369
f 2970//3370 1981//1763 296//1761
f 5044//5495 789//3372 2971//3371
f 2972//3357 2970//3370 789//3372
f 5045//5496 790//3373 2973//3376
f 5049//5498 791//3379 2973//3376
f 2974//3361 2971//3371 790//3373
f 5046//5497 791//3379 2975//3378
f 5139//5499 792//3380 2975//3378
f 2976//3364 2973//3376 791//3379
f 5047//1382 792//3380 2977//3381
f 2978//3367 2975//3378 792//3380
f 2979//1788 1991//1789 303//1786
f 5049//5498 793//3383 2980//3382
f 2981//3375 2979//1788 793//3383
f 5139//5499 795//3387 2982//1412
f 2983//3377 2980//3382 794//3384
f 2984//1408 2982//1412 194//1409
f 2986//5500 1791//1349 196//1416
f 2986//5500 2997//5501 796//3389
f 2987//3391 2988//5492 796//3389
f 2987//3391 2999//5502 797//3392
f 5051//5182 796//3389 2988//5492
f 2989//3394 2990//5493 797//3392
f 2989//3394 2994//3404 798//3395
f 5052//3349 797//3392 2990//5493
f 2991//3397 2992//5494 798//3395
f 5053//3352 798//3395 2992//5494
f 5054//3355 799//3399 2993//3400
f 5058//3393 800//3403 2994//3404
f 2995//5503 1801//1418 202//1437
f 2995//5503 3004//5504 801//3405
f 2996//3407 2997//5501 801//3405
f 2996//3407 3001//3409 802//3408
f 5056//5183 801//3405 2997//5501
f 2998//3401 2999//5502 802//3408
f 5057//3390 802//3408 2999//5502
f 5060//3406 803//3410 3001//3409
f 3002//5505 1809//1439 206//1453
f 3002//5505 3008//5506 804//3412
f 3003//3414 3004//5504 804//3412
f 3003//3414 3005//3418 803//3410
f 5059//5184 804//3412 3004//5504
f 5062//3413 805//3417 3005//3418
f 3006//1466 1814//1455 209//1464
f 3007//3415 3008//5506 806//3419
f 5061//5185 806//3419 3008//5506
f 4938//3423 646//2934 3009//3420
f 5064//5507 808//3428 3010//3489
f 3010//3489 3054//5508 826//3490
f 5064//5507 828//3498 3011//3497
f 5066//3502 809//3431 3011//3497
f 5068//1597 807//3422 3012//3421
f 5067//3481 808//3428 3014//3425
f 3015//3429 3051//3503 810//3433
f 3016//3426 3011//3497 809//3431
f 3017//3424 3055//5199 824//3480
f 3018//3479 3054//5508 824//3480
f 3018//3479 3052//5198 823//3476
f 5085//3486 826//3490 3019//3487
f 3019//3487 3058//3475 825//3484
f 3020//3437 3035//3462 815//3450
f 3021//3445 3030//3449 816//3452
f 5070//3492 814//3446 3022//3499
f 5071//5196 829//3500 3022//3499
f 5069//5509 812//3439 3023//3438
f 3024//3443 3048//3495 813//3441
f 3024//3443 3031//3459 814//3446
f 3025//1512 3022//3499 814//3446
f 5072//3485 811//3436 3026//3435
f 5073//3477 222//1514 3027//5227
f 5129//5510 811//3436 3027//5227
f 3028//3448 3042//3473 819//3464
f 3029//3456 3043//3463 820//3466
f 5075//3442 817//3457 3031//3459
f 3032//3454 3038//3470 817//3457
f 3033//3434 3034//5228 818//3460
f 5078//5511 818//3460 3034//5228
f 5129//5510 291//1745 3034//5228
f 3036//1548 2064//1549 231//1546
f 5077//3453 821//3468 3038//3470
f 3039//3467 3045//1969 821//3468
f 3040//3461 3041//5512 822//3471
f 5078//5511 290//1743 3041//5512
f 5082//5229 822//3471 3041//5512
f 3044//3472 1967//1556 233//1554
f 3046//3474 3027//5227 811//3436
f 3047//3482 3026//3435 812//3439
f 5069//5509 813//3441 3048//3495
f 5085//3486 827//3491 3049//3494
f 5089//5513 828//3498 3049//3494
f 5088//5197 830//3501 3050//3504
f 5089//5513 829//3500 3050//3504
f 5065//1587 810//3433 3051//3503
f 5087//5514 244//1593 3052//5198
f 3053//3488 3049//3494 828//3498
f 5086//3478 826//3490 3054//5508
f 5087//5514 824//3480 3055//5199
f 3060//1583 3050//3504 829//3500
f 3062//2957 2683//5151 653//2958
f 3062//2957 3066//3534 831//3505
f 3063//5372 3353//5515 654//2961
f 3064//5516 2789//3117 704//3121
f 3064//5516 3067//3546 833//3509
f 5093//3539 706//3125 3065//5416
f 3066//3534 3077//3530 841//3533
f 3067//3546 3085//3543 844//3547
f 5102//5517 835//3514 3068//3552
f 5105//5518 845//3549 3068//3552
f 3069//2931 2674//2952 645//2928
f 4944//3521 651//2951 3070//3518
f 5103//3548 848//3563 3071//3567
f 5105//5518 838//3523 3071//3567
f 3072//3527 3063//5372 832//3507
f 3073//3531 3350//2956 949//3931
f 3074//3536 3065//5416 834//3511
f 3075//3540 2791//3120 705//3124
f 5101//3575 836//3516 3076//3515
f 5107//3532 841//3533 3077//3530
f 3078//3526 3104//3589 840//3528
f 3079//3545 3071//3567 838//3523
f 5099//5519 843//3542 3080//3541
f 3081//3522 3068//3552 835//3514
f 5108//5520 842//3538 3082//3537
f 5104//5521 837//3520 3083//3519
f 3084//3513 3092//5522 839//3524
f 5100//5523 844//3547 3085//3543
f 3086//3535 3106//3591 850//3574
f 5100//5523 852//3581 3087//3585
f 5109//3564 855//3592 3088//3554
f 3089//5524 3099//3573 846//3555
f 3089//5524 3083//3519 836//3516
f 3090//5525 3102//3558 847//3559
f 3090//5525 3082//3537 837//3520
f 5116//3582 858//3605 3091//3566
f 5102//5517 849//3569 3092//5522
f 5106//5526 839//3524 3092//5522
f 3093//3572 3123//3632 860//3615
f 3094//5527 3080//3541 842//3538
f 3094//5527 3107//3562 851//3577
f 5111//3587 862//3622 3095//3584
f 3096//3544 3097//3580 853//3586
f 5099//5519 851//3577 3097//3580
f 3097//3580 3117//3627 853//3586
f 5104//5521 846//3555 3102//3558
f 5106//5526 854//3588 3104//3589
f 3105//3571 3092//5522 849//3569
f 3105//3571 3121//3590 854//3588
f 5108//5520 847//3559 3107//3562
f 5120//3606 865//3633 3108//3596
f 3109//3557 3126//3614 856//3597
f 3110//3561 3127//3600 857//3601
f 5121//3623 868//3642 3111//3608
f 5112//3550 859//3610 3112//3568
f 3113//3613 3145//3659 870//3647
f 3114//3579 3124//3604 861//3617
f 3115//3625 3142//3656 872//3653
f 5110//5528 863//3628 3117//3627
f 5110//5528 861//3617 3118//3621
f 3118//3621 3140//3629 863//3628
f 5113//3570 864//3630 3121//3590
f 3122//3612 3112//3568 859//3610
f 3122//3612 3143//3631 864//3630
f 5115//3578 857//3601 3124//3604
f 5118//3560 856//3597 3127//3600
f 3128//3637 3139//5529 866//3638
f 3129//3599 3146//3646 866//3638
f 3130//3603 3139//5529 867//3639
f 5096//3643 867//3639 3131//3641
f 5128//3593 869//3645 3132//3609
f 5095//3648 869//3645 3133//3644
f 5119//3618 871//3651 3134//3619
f 5098//3654 871//3651 3135//3650
f 5119//3618 867//3639 3136//3649
f 5122//3602 866//3638 3139//5529
f 5123//3620 873//3657 3140//3629
f 3141//3655 3134//3619 871//3651
f 5125//3611 874//3660 3143//3631
f 3144//3658 3132//3609 869//3645
f 5043//5230 785//3359 3151//3360
f 5048//5232 790//3373 3156//1785
f 3159//3041 3163//4958 875//3661
f 5143//3746 876//3665 3160//3664
f 3161//3054 3164//3675 877//3667
f 3162//3734 3168//3683 875//3661
f 5162//5530 898//3735 3162//3734
f 5162//5530 875//3661 3163//4958
f 5164//5005 877//3667 3164//3675
f 3165//3663 3174//3674 878//3671
f 5151//4998 879//3677 3166//3670
f 3167//3679 3994//5011 876//3665
f 5153//5531 880//3681 3168//3683
f 5146//4988 881//3686 3169//3685
f 5154//5532 882//3689 3169//3685
f 5155//5533 883//3692 3170//3688
f 5169//5534 882//3689 3170//3688
f 5152//3730 883//3692 3171//3691
f 5153//5531 897//3729 3172//3732
f 3173//3694 3195//5535 884//3695
f 3174//3674 3201//5009 896//3726
f 3175//3699 3194//3721 885//3697
f 3175//3699 3193//5536 886//3702
f 3176//3725 3203//5001 895//3723
f 5166//3724 879//3677 3176//3725
f 5161//3703 881//3686 3177//3704
f 3177//3704 3199//5021 886//3702
f 5154//5532 887//3707 3178//3706
f 5161//3703 887//3707 3179//3684
f 5155//5533 888//3709 3180//3708
f 5154//5532 888//3709 3181//3687
f 5156//4971 889//3711 3182//3710
f 5155//5533 889//3711 3183//3690
f 5157//4970 890//3713 3184//3712
f 5156//4971 890//3713 3185//4972
f 5158//4981 891//3715 3186//3714
f 5157//4970 891//3715 3187//3693
f 5159//4980 892//3717 3188//3716
f 5158//4981 892//3717 3189//4982
f 5160//3698 893//3719 3190//3718
f 5159//4980 893//3719 3191//3701
f 5161//3703 894//3720 3192//3705
f 5160//3698 894//3720 3193//5536
f 5167//5537 885//3697 3194//3721
f 5165//5538 884//3695 3195//5535
f 3196//5539 3170//3688 883//3692
f 3197//4989 3177//3704 881//3686
f 3198//3737 3169//3685 882//3689
f 3198//3737 3205//3733 898//3735
f 5150//5017 886//3702 3199//5021
f 5165//5538 896//3726 3201//5009
f 5167//5537 895//3723 3203//5001
f 5169//5534 897//3729 3205//3733
f 5171//3037 899//3738 3206//3035
f 5144//3672 684//3056 3207//3058
f 3208//3055 2746//3052 684//3056
f 5173//3668 901//3743 3208//3055
f 3209//3747 3160//3664 685//3059
f 4910//5391 682//3048 3214//5393
f 4911//3034 906//5540 3214//5393
f 4917//5243 688//3070 3216//5399
f 4918//5541 909//5542 3216//5399
f 3217//1933 3470//5543 1021//4049
f 3218//3789 3476//5544 1025//4068
f 3219//3774 3484//5545 1031//4096
f 3220//3758 3221//5385 904//3754
f 3221//5385 3222//5546 903//3748
f 5175//5547 905//3757 3222//5546
f 3222//3760 3228//3802 903//3751
f 3224//3795 3239//5548 911//3793
f 5176//5549 912//3797 3225//3796
f 3226//3759 3237//3823 912//3797
f 5183//3804 913//3800 3227//3799
f 5176//5549 913//3800 3228//3802
f 3228//3802 3244//3828 903//3751
f 5182//2082 914//3803 3229//1968
f 5185//5550 915//3807 3230//3810
f 5299//3809 1023//4060 3230//3810
f 3231//3816 3251//3811 916//3813
f 3231//3816 3524//4086 1028//4084
f 5290//5551 910//3790 3232//3792
f 3232//3792 3498//5552 915//3807
f 3233//3821 3253//3817 917//3819
f 3233//3821 3548//4114 1034//4112
f 5294//5553 907//3775 3234//3777
f 3234//3777 3522//5554 916//3813
f 3235//3818 3236//3764 917//3819
f 3235//3818 3254//3839 918//3824
f 5326//3763 917//3819 3236//3764
f 5179//3762 918//3824 3237//3823
f 3238//3826 3239//5548 919//3825
f 5180//3798 919//3825 3239//5548
f 3240//5555 3214//5393 906//5540
f 3240//3767 3262//4307 908//3781
f 3241//3783 3264//4315 909//3784
f 3242//5556 3216//5399 909//5542
f 3243//3866 3282//3868 930//3867
f 5184//5557 920//3829 3244//3828
f 5194//3873 903//3751 3244//3828
f 3245//3801 3281//3865 920//3829
f 3247//3830 2085//1975 359//2013
f 5186//5558 921//3832 3248//3831
f 5185//5550 921//3832 3249//3805
f 5187//5559 922//3834 3250//3833
f 3251//3811 3248//3831 922//3834
f 5188//5560 923//3835 3252//3836
f 3253//3817 3250//3833 923//3835
f 5188//5560 924//3838 3254//3839
f 5201//5561 918//3824 3254//3839
f 5189//2005 925//3841 3256//3840
f 5201//5561 925//3841 3257//5562
f 3258//3843 3271//5563 927//3847
f 5371//5564 926//3844 3258//3843
f 3259//3856 3273//3852 928//3854
f 3259//3856 3641//5565 1099//4329
f 5190//5049 1091//4301 3260//3769
f 3261//3853 3275//5566 929//3859
f 5381//3862 928//3854 3261//3853
f 5191//3766 1093//4308 3262//4307
f 3263//2054 4082//5567 1359//5063
f 5192//3782 1095//4316 3264//4315
f 3265//3827 3280//5568 931//3872
f 3266//3846 3269//3842 926//3844
f 3266//3846 3659//5569 1105//4355
f 3267//4323 3607//4324 1097//4322
f 5196//5570 932//3878 3268//3877
f 5200//5571 932//3878 3269//3842
f 3270//3879 3271//5563 933//3880
f 5196//5570 933//3880 3271//5563
f 5198//5572 934//3882 3272//3881
f 5197//3848 934//3882 3273//3852
f 5199//3860 935//3883 3274//2079
f 5198//5572 935//3883 3275//5566
f 3276//3876 3277//3870 936//3884
f 5202//5573 936//3884 3277//3870
f 5202//5573 930//3867 3278//3869
f 3279//3822 3257//5562 919//3825
f 3280//5568 3277//3870 931//3872
f 5203//5574 930//3867 3280//5568
f 5203//5574 920//3829 3281//3865
f 3283//3959 3295//3894 937//3885
f 5219//5575 959//3960 3283//3959
f 3284//3936 3296//3898 938//3888
f 5218//5576 951//3937 3284//3936
f 5207//5577 963//3970 3285//3969
f 5210//5578 939//3893 3285//3969
f 5209//5579 953//3941 3286//3940
f 5211//5580 940//3897 3286//3940
f 5210//5578 966//3976 3287//3978
f 5211//5580 954//3942 3288//3944
f 5245//2983 942//3904 3288//3944
f 3289//3988 3299//3917 943//3908
f 5221//5581 969//3989 3289//3988
f 3290//3993 3300//3921 944//3911
f 5224//5582 971//3994 3290//3993
f 3291//3999 3321//3987 973//4000
f 5216//5583 945//3916 3291//3999
f 3292//4004 3329//3992 975//4005
f 5217//5584 946//3920 3292//4004
f 5216//5583 977//4011 3293//3922
f 5217//5584 978//4012 3294//3926
f 3295//3894 3285//3969 939//3893
f 3296//3898 3286//3940 940//3897
f 3297//3891 3287//3978 941//3899
f 3298//3895 3288//3944 942//3904
f 3299//3917 3291//3999 945//3916
f 3300//3921 3292//4004 946//3920
f 3301//3914 3293//3922 947//3924
f 3302//3918 3294//3926 948//3928
f 3303//3910 3339//3981 943//3908
f 5238//3925 952//3938 3304//3915
f 3305//3887 3337//3946 937//3885
f 3306//3890 3338//3951 938//3888
f 3310//3907 3369//3977 966//3976
f 3311//3913 3334//5585 944//3911
f 5225//5379 665//2995 3312//3995
f 5215//5586 666//2998 3314//4009
f 5220//4007 667//3001 3316//4013
f 3316//4013 3372//4014 978//4012
f 5225//5379 968//3985 3324//3986
f 3333//3943 3360//2984 954//3942
f 5224//5582 944//3911 3334//5585
f 5227//5587 968//3985 3334//5585
f 3335//5588 3334//5585 968//3985
f 5225//5379 972//3997 3336//5589
f 5219//5575 937//3885 3337//3946
f 5233//5590 955//3947 3337//3946
f 5218//5576 938//3888 3338//3951
f 5231//5591 956//3952 3338//3951
f 5221//5581 943//3908 3339//3981
f 5227//5587 967//3979 3340//3983
f 5227//5587 970//3991 3342//5592
f 5229//5593 956//3952 3343//2979
f 5229//5593 660//2978 3344//2977
f 3346//5594 3344//2977 950//3933
f 5231//5591 955//3947 3347//3949
f 3347//3949 3382//3953 956//3952
f 5231//5591 960//3962 3349//5595
f 3350//2956 3352//5596 949//3931
f 5233//5590 958//3957 3351//5597
f 5233//5590 949//3931 3352//5596
f 3352//5596 3384//3948 955//3947
f 5234//5375 654//2961 3353//5515
f 3354//5598 3353//5515 949//3931
f 5248//5383 661//2982 3360//2984
f 5243//4017 980//4019 3361//4015
f 5223//3900 981//4021 3362//4018
f 5241//5599 982//4023 3363//4020
f 5246//4026 984//4028 3365//4024
f 5242//4029 985//4031 3366//4027
f 5240//4032 986//4034 3367//4030
f 5244//5600 668//3004 3368//4033
f 5241//5599 981//4021 3369//3977
f 5244//5600 986//4034 3372//4014
f 5245//2983 982//4023 3373//3906
f 3376//3923 3333//3943 947//3924
f 3377//4041 3378//5601 988//4039
f 3378//5601 2695//5153 659//2973
f 3379//4046 3380//5602 990//4045
f 3380//5602 2705//5377 663//2990
f 5249//2994 990//4045 3380//5602
f 3445//4053 3492//5603 1022//4054
f 3446//4058 3504//5604 910//3790
f 5297//4061 1024//4064 3447//4059
f 5285//4065 351//1973 3448//4063
f 3449//4051 3472//5605 1024//4064
f 5298//5606 1021//4049 3449//4051
f 3450//4056 3494//5607 1023//4060
f 5300//5608 1022//4054 3450//4056
f 3451//4072 3508//5609 1026//4073
f 3452//4077 3516//5610 1027//4078
f 3453//4082 3528//5611 907//3775
f 5309//5612 1029//4088 3454//4083
f 5305//5613 1030//4091 3455//4087
f 5289//5614 915//3807 3456//3806
f 3457//4070 3478//4092 1030//4091
f 5306//5615 1025//4068 3457//4070
f 3458//4075 3510//4089 1029//4088
f 5310//5616 1026//4073 3458//4075
f 3459//4080 3518//4085 1028//4084
f 5312//5617 1027//4078 3459//4080
f 3460//4100 3532//5618 1032//4101
f 3461//4105 3540//5619 1033//4106
f 3462//4110 3552//5620 905//3761
f 3463//4111 3544//4118 1035//4116
f 5317//5621 1036//4119 3464//4115
f 5293//5622 916//3813 3465//3812
f 3466//4098 3486//4120 1036//4119
f 5318//5623 1031//4096 3466//4098
f 3467//4103 3534//4117 1035//4116
f 5322//5624 1032//4101 3467//4103
f 3468//4108 3542//4113 1034//4112
f 5324//5625 1033//4106 3468//4108
f 3469//4124 3470//5543 1037//4122
f 5368//4123 1038//4127 3469//4124
f 3470//5543 3997//5038 1037//4122
f 5285//4065 1038//4127 3471//4129
f 5284//4050 1038//4127 3472//5605
f 5287//5626 1039//4130 3473//4132
f 3473//4132 3590//4288 1040//4133
f 3474//3788 3479//4141 1039//4130
f 3475//4135 3476//5544 1040//4133
f 5364//4134 1041//4138 3475//4135
f 5287//5626 1040//4133 3476//5544
f 5289//5614 1041//4138 3477//4137
f 5365//4289 1042//4139 3477//4137
f 3478//4092 3475//4135 1041//4138
f 3479//4141 3480//3808 1042//4139
f 5366//4140 1039//4130 3479//4141
f 3480//3808 3477//4137 1042//4139
f 5291//5627 1043//4144 3481//4143
f 3481//4143 3586//4284 1044//4145
f 3482//3773 3487//4153 1043//4144
f 3483//4147 3484//5545 1044//4145
f 5360//4146 1045//4150 3483//4147
f 5291//5627 1044//4145 3484//5545
f 5293//5622 1045//4150 3485//4149
f 3485//4149 3588//5628 1046//4151
f 3486//4120 3483//4147 1045//4150
f 3487//4153 3488//3814 1046//4151
f 5362//4152 1043//4144 3487//4153
f 5293//5622 1046//4151 3488//3814
f 5295//5629 1047//4154 3489//4156
f 3489//4156 3582//4281 1048//4157
f 3490//4052 3495//4165 1047//4154
f 3491//4159 3492//5603 1048//4157
f 5356//4158 1049//4160 3491//4159
f 5295//5629 1048//4157 3492//5603
f 5297//4061 1049//4160 3493//4162
f 5357//4161 1050//4163 3493//4162
f 5296//4055 1049//4160 3494//5607
f 5298//5606 1050//4163 3495//4165
f 5358//4164 1047//4154 3495//4165
f 3496//4066 3493//4162 1050//4163
f 3497//4168 3498//5552 1051//4166
f 5351//4167 1052//4169 3497//4168
f 5302//3791 1051//4166 3498//5552
f 5300//5608 1052//4169 3499//4171
f 5352//4170 1053//4172 3499//4171
f 5299//3809 1052//4169 3500//4062
f 5301//5630 1053//4172 3501//4174
f 3501//4174 3580//5631 1054//4175
f 3502//4057 3499//4171 1053//4172
f 3503//4177 3504//5604 1054//4175
f 5354//4176 1051//4166 3503//4177
f 5301//5630 1054//4175 3504//5604
f 5303//5632 1055//4180 3505//4179
f 3505//4179 3574//4272 1056//4181
f 3506//4071 3511//4189 1055//4180
f 3507//4183 3508//5609 1056//4181
f 5348//4182 1057//4186 3507//4183
f 5303//5632 1056//4181 3508//5609
f 5305//5613 1057//4186 3509//4185
f 3509//4185 3576//5633 1058//4187
f 3510//4089 3507//4183 1057//4186
f 3511//4189 3512//4093 1058//4187
f 5350//4188 1055//4180 3511//4189
f 5305//5613 1058//4187 3512//4093
f 5307//5634 1059//4192 3513//4191
f 3513//4191 3570//4268 1060//4193
f 3514//4076 3519//4201 1059//4192
f 3515//4195 3516//5610 1060//4193
f 5344//4194 1061//4198 3515//4195
f 5307//5634 1060//4193 3516//5610
f 5309//5612 1061//4198 3517//4197
f 3517//4197 3572//5635 1062//4199
f 3518//4085 3515//4195 1061//4198
f 3519//4201 3520//4090 1062//4199
f 5346//4200 1059//4192 3519//4201
f 5309//5612 1062//4199 3520//4090
f 5311//3815 1063//4204 3521//4203
f 3521//4203 3566//4264 1064//4205
f 3522//5554 3527//4213 1063//4204
f 3523//4207 3524//4086 1064//4205
f 5340//4206 1065//4210 3523//4207
f 5311//3815 1064//4205 3524//4086
f 5313//5636 1065//4210 3525//4209
f 3525//4209 3568//5637 1066//4211
f 3526//4081 3523//4207 1065//4210
f 3527//4213 3528//5611 1066//4211
f 5342//4212 1063//4204 3527//4213
f 5313//5636 1066//4211 3528//5611
f 5315//5638 1067//4216 3529//4215
f 3529//4215 3562//4260 1068//4217
f 3530//4099 3535//4225 1067//4216
f 3531//4219 3532//5618 1068//4217
f 5336//4218 1069//4222 3531//4219
f 5315//5638 1068//4217 3532//5618
f 5317//5621 1069//4222 3533//4221
f 3533//4221 3564//5639 1070//4223
f 3534//4117 3531//4219 1069//4222
f 3535//4225 3536//4121 1070//4223
f 5338//4224 1067//4216 3535//4225
f 5317//5621 1070//4223 3536//4121
f 5319//5640 1071//4228 3537//4227
f 3537//4227 3558//4256 1072//4229
f 3538//4104 3543//4237 1071//4228
f 3539//4231 3540//5619 1072//4229
f 5332//4230 1073//4234 3539//4231
f 5319//5640 1072//4229 3540//5619
f 5321//5641 1073//4234 3541//4233
f 3541//4233 3560//5642 1074//4235
f 3542//4113 3539//4231 1073//4234
f 3543//4237 3544//4118 1074//4235
f 5334//4236 1071//4228 3543//4237
f 5321//5641 1074//4235 3544//4118
f 5323//5643 1075//4240 3545//4239
f 3545//4239 3554//4252 1076//4241
f 3546//3820 3551//4249 1075//4240
f 3547//4243 3548//4114 1076//4241
f 5328//4242 1077//4246 3547//4243
f 5323//5643 1076//4241 3548//4114
f 5325//5644 1077//4246 3549//4245
f 3549//4245 3556//5645 1078//4247
f 3550//4109 3547//4243 1077//4246
f 3551//4249 3552//5620 1078//4247
f 5330//4248 1075//4240 3551//4249
f 5325//5644 1078//4247 3552//5620
f 3553//4238 3556//5645 1079//4250
f 3557//4226 3560//5642 1080//4254
f 3561//4214 3564//5639 1081//4258
f 3565//4202 3568//5637 1082//4262
f 3569//4190 3572//5635 1083//4266
f 3573//4178 3576//5633 1084//4270
f 3577//4275 3580//5631 1085//4274
f 3581//4279 3584//5646 1086//4278
f 3585//4142 3588//5628 1087//4282
f 3589//4287 3592//5647 1088//4286
f 3593//4290 3596//4293 1089//4291
f 3597//4298 3606//4369 1090//4296
f 3598//4294 3665//5648 926//3844
f 5373//4297 1092//4302 3599//4304
f 5374//5649 1091//4301 3599//4304
f 5371//5564 927//3847 3600//3851
f 5407//3850 1092//4302 3600//3851
f 3601//4311 3612//4343 1094//4309
f 5376//4310 1093//4308 3601//4311
f 5380//4312 928//3854 3602//3858
f 5382//5650 1094//4309 3602//3858
f 5375//5651 1095//4316 3603//4318
f 5376//4310 1096//4319 3603//4318
f 3604//3864 3647//5652 929//3859
f 5396//5653 1096//4319 3604//3864
f 3605//3875 3725//5654 1098//4325
f 5372//5655 1108//4370 3606//4369
f 5389//5656 1090//4296 3606//4369
f 5372//5655 1097//4322 3607//4324
f 3609//5050 3599//4304 1091//4301
f 3610//4300 3601//4311 1093//4308
f 3612//4343 3623//4347 1102//4344
f 5379//5657 1094//4309 3612//4343
f 3613//4306 3603//4318 1095//4316
f 5375//5651 1362//5074 3614//5076
f 5386//5658 541//2541 3614//5076
f 3615//4314 3653//4320 1096//4319
f 3616//5062 3669//5659 1368//5095
f 5398//5660 929//3859 3617//3861
f 5375//5651 1365//5084 3618//5086
f 3618//5086 3673//5661 1362//5074
f 3620//4328 3681//5662 1100//4334
f 3621//4333 3689//5663 1101//4338
f 5410//5664 927//3847 3622//3849
f 5374//5649 1103//4348 3623//4347
f 5401//5665 1102//4344 3623//4347
f 3624//4352 3625//4303 1104//4350
f 3624//4352 3693//5666 1103//4348
f 3625//4303 3699//5667 1104//4350
f 5378//4330 1102//4344 3626//4331
f 5402//4345 1099//4329 3626//4331
f 5400//4335 1103//4348 3627//4336
f 5406//4349 1100//4334 3627//4336
f 5404//4339 1104//4350 3628//4340
f 5409//4353 1101//4338 3628//4340
f 3629//4354 3703//5668 1106//4360
f 3630//4359 3711//5669 1107//4364
f 3631//3871 3723//5670 931//3872
f 5372//5655 1109//4374 3632//4373
f 3632//4373 3707//5671 1108//4370
f 3633//4378 3634//4327 1110//4376
f 3633//4378 3715//5672 1109//4374
f 3634//4327 3607//4324 1098//4325
f 3634//4327 3719//5673 1110//4376
f 5388//4356 1108//4370 3635//4357
f 5413//4371 1105//4355 3635//4357
f 5411//4361 1109//4374 3636//4362
f 5417//4375 1106//4360 3636//4362
f 5415//4365 1110//4376 3637//4366
f 5419//4379 1107//4364 3637//4366
f 5377//3855 1111//4380 3638//4382
f 5467//4381 1112//4383 3638//4382
f 3639//5674 3644//4391 1111//4380
f 3640//4385 3641//5565 1112//4383
f 5468//4384 1113//4386 3640//4385
f 5377//3855 1112//4383 3641//5565
f 5379//5657 1113//4386 3642//4388
f 5469//4387 1114//4389 3642//4388
f 3643//4342 3640//4385 1113//4386
f 3644//4391 3645//5675 1114//4389
f 5470//4390 1111//4380 3644//4391
f 5379//5657 1114//4389 3645//5675
f 5381//3862 1115//4392 3646//4394
f 5463//4393 1116//4395 3646//4394
f 3647//5652 3652//4403 1115//4392
f 3648//4397 3649//3857 1116//4395
f 5464//4396 1117//4398 3648//4397
f 5381//3862 1116//4395 3649//3857
f 5383//5676 1117//4398 3650//4400
f 5465//4399 1118//4401 3650//4400
f 3651//4313 3648//4397 1117//4398
f 3652//4403 3653//4320 1118//4401
f 5466//4402 1115//4392 3652//4403
f 5383//5676 1118//4401 3653//4320
f 5385//2055 1119//4404 3654//4406
f 3655//5323 3656//4409 1119//4404
f 3656//4409 3657//5677 1120//4407
f 5462//4408 1119//4404 3656//4409
f 5386//5658 1120//4407 3657//5677
f 3658//4414 3659//5569 1121//4412
f 5455//4413 1122//4417 3658//4414
f 5391//3845 1121//4412 3659//5569
f 5389//5656 1122//4417 3660//4416
f 3660//4416 3760//4550 1123//4418
f 3661//4368 3658//4414 1122//4417
f 3662//4420 3663//5678 1123//4418
f 5457//4419 1124//4423 3662//4420
f 5389//5656 1123//4418 3663//5678
f 5391//3845 1124//4423 3664//4422
f 3664//4422 3758//4547 1121//4412
f 3665//5648 3662//4420 1124//4423
f 5392//5064 1125//4424 3666//4426
f 5451//4425 1126//4427 3666//4426
f 3667//5066 3672//4435 1125//4424
f 3668//4429 3669//5659 1126//4427
f 5452//4428 1127//4430 3668//4429
f 5392//5064 1126//4427 3669//5659
f 5394//5679 1127//4430 3670//4432
f 5453//4431 1128//4433 3670//4432
f 3671//5085 3668//4429 1127//4430
f 3672//4435 3673//5661 1128//4433
f 5454//4434 1125//4424 3672//4435
f 5394//5679 1128//4433 3673//5661
f 3674//4438 3675//3863 1129//4436
f 5447//4437 1130//4443 3674//4438
f 5398//5660 1129//4436 3675//3863
f 5397//4321 1130//4443 3676//4442
f 3677//5680 3674//4438 1130//4443
f 5399//4332 1131//4444 3678//4446
f 5443//4445 1132//4447 3678//4446
f 3679//5681 3684//4455 1131//4444
f 3680//4449 3681//5662 1132//4447
f 5444//4448 1133//4450 3680//4449
f 5399//4332 1132//4447 3681//5662
f 5401//5665 1133//4450 3682//4452
f 5445//4451 1134//4453 3682//4452
f 3683//4346 3680//4449 1133//4450
f 3684//4455 3685//5682 1134//4453
f 5446//4454 1131//4444 3684//4455
f 5401//5665 1134//4453 3685//5682
f 5403//5683 1135//4458 3686//4457
f 3686//4457 3743//4534 1136//4459
f 3687//4337 3692//4467 1135//4458
f 3688//4461 3689//5663 1136//4459
f 5440//4460 1137//4464 3688//4461
f 5403//5683 1136//4459 3689//5663
f 5405//4351 1137//4464 3690//4463
f 3690//4463 3745//5684 1138//4465
f 3691//5685 3688//4461 1137//4464
f 3692//4467 3693//5666 1138//4465
f 5442//4466 1135//4458 3692//4467
f 5405//4351 1138//4465 3693//5666
f 3694//4470 3695//5686 1139//4468
f 5435//4469 1140//4471 3694//4470
f 5410//5664 1139//4468 3695//5686
f 5408//4305 1140//4471 3696//4473
f 3696//4473 3740//4531 1141//4474
f 3697//5687 3694//4470 1140//4471
f 3698//4476 3699//5667 1141//4474
f 5437//4475 1142//4479 3698//4476
f 5408//4305 1141//4474 3699//5667
f 5410//5664 1142//4479 3700//4478
f 5438//5688 1139//4468 3700//4478
f 3701//4341 3698//4476 1142//4479
f 3702//4482 3703//5668 1143//4480
f 5431//4481 1144//4485 3702//4482
f 5414//4358 1143//4480 3703//5668
f 5412//5689 1144//4485 3704//4484
f 3704//4484 3736//4527 1145//4486
f 3705//4372 3702//4482 1144//4485
f 3706//4488 3707//5671 1145//4486
f 5433//4487 1146//4491 3706//4488
f 5412//5689 1145//4486 3707//5671
f 5414//4358 1146//4491 3708//4490
f 3708//4490 3734//4524 1143//4480
f 3709//5690 3706//4488 1146//4491
f 3710//4494 3711//5669 1147//4492
f 5427//4493 1148//4497 3710//4494
f 5418//5691 1147//4492 3711//5669
f 5416//4377 1148//4497 3712//4496
f 3712//4496 3732//4523 1149//4498
f 3713//5692 3710//4494 1148//4497
f 3714//4500 3715//5672 1149//4498
f 5429//4499 1150//4503 3714//4500
f 5416//4377 1149//4498 3715//5672
f 5418//5691 1150//4503 3716//4502
f 3716//4502 3730//4520 1147//4492
f 3717//4363 3714//4500 1150//4503
f 3718//4506 3719//5673 1151//4504
f 5423//4505 1152//4509 3718//4506
f 5422//4326 1151//4504 3719//5673
f 5420//5693 1152//4509 3720//4508
f 3720//4508 3728//4519 1153//4510
f 3721//4367 3718//4506 1152//4509
f 3722//4512 3723//5670 1153//4510
f 5425//4511 1154//4515 3722//4512
f 5420//5693 1153//4510 3723//5670
f 5422//4326 1154//4515 3724//4514
f 3724//4514 3726//4516 1151//4504
f 3725//5654 3722//4512 1154//4515
f 5426//5694 1155//4517 3726//4516
f 5430//5695 1156//4521 3730//4520
f 5434//5696 1157//4525 3734//4524
f 5438//5688 1158//4530 3738//4529
f 3742//4456 3745//5684 1159//4532
f 3746//4537 3749//5697 1160//4536
f 3750//4440 3753//4542 1161//4540
f 3754//4544 3757//5698 1162//4543
f 5458//5699 1163//4548 3758//4547
f 3762//4552 3765//4411 1164//4553
f 3766//4556 3769//4559 1165//4557
f 3770//4561 3773//5700 1166//4560
f 3775//4581 2861//3221 738//3222
f 3777//4575 3794//4571 1168//4569
f 5476//5701 1172//4584 3778//4583
f 5477//4589 1170//4578 3779//4568
f 3780//4574 3786//5702 1169//4573
f 3781//4576 3790//4582 1171//4579
f 5479//4608 1167//4564 3782//4572
f 3783//4567 3796//4610 1173//4588
f 5476//5701 1176//4600 3784//4602
f 3785//4586 3808//4633 1179//4613
f 5474//4585 1174//4593 3786//5702
f 5478//5703 1169//4573 3786//5702
f 5475//5704 1170//4578 3787//5705
f 3787//5705 3793//4587 1175//4596
f 5483//4606 1182//4624 3788//4604
f 3790//4582 3791//4599 1177//4605
f 5475//5704 1175//4596 3791//4599
f 5482//5706 1177//4605 3791//4599
f 5478//5703 1178//4607 3794//4571
f 3795//4595 3786//5702 1174//4593
f 3795//4595 3806//4609 1178//4607
f 3797//4611 3820//4650 1185//4636
f 5481//4601 1180//4617 3798//4592
f 3799//4598 3801//4612 1181//4620
f 3800//4627 3815//4646 1188//4643
f 3803//4628 3804//4623 1183//4629
f 5482//5706 1181//4620 3804//4623
f 3804//4623 3813//4630 1183//4629
f 5484//4594 1184//4631 3806//4609
f 3807//4619 3798//4592 1180//4617
f 3807//4619 3818//4632 1184//4631
f 5471//4637 1186//4639 3809//4634
f 5488//4625 1186//4639 3810//4616
f 3811//4622 3817//4635 1187//4640
f 3812//4642 3814//4645 1187//4640
f 5486//5707 1189//4647 3813//4630
f 3814//4645 3811//4622 1187//4640
f 5490//4618 1190//4651 3818//4632
f 3819//4649 3810//4616 1186//4639
f 3821//3208 3826//5708 1193//4659
f 4994//3231 1195//4666 3822//1170
f 4986//4660 1196//4669 3823//4668
f 5497//5709 1194//4664 3824//4663
f 3825//4667 3839//5710 1195//4666
f 5495//5711 1193//4659 3826//5708
f 3827//4654 3830//5712 1191//4652
f 3828//4655 3836//5713 1192//4656
f 5499//4674 1196//4669 3829//4662
f 5496//5714 1191//4652 3830//5712
f 5500//4665 1197//4672 3830//5712
f 5498//5715 1196//4669 3831//5716
f 3831//5716 3842//4676 1200//4680
f 5502//5717 1197//4672 3832//4671
f 5504//4679 1203//4694 3832//4671
f 3833//4661 3837//4686 1198//4673
f 3834//4677 3840//4691 1199//4678
f 3835//4682 3851//4695 1206//4703
f 5506//4688 1200//4680 3835//4682
f 3836//5713 3826//5708 1192//4656
f 5496//5714 1201//4685 3836//5713
f 5495//5711 1201//4685 3837//4686
f 5501//5718 1198//4673 3837//4686
f 3838//4683 3830//5712 1197//4672
f 3839//5710 3824//4663 1195//4666
f 5498//5715 1202//4687 3839//5710
f 5497//5709 1202//4687 3840//4691
f 5505//4690 1199//4678 3840//4691
f 3841//5719 3831//5716 1200//4680
f 5492//4697 1203//4694 3844//4693
f 3845//4675 3849//4705 1204//4696
f 3846//4700 3854//4708 1205//4698
f 5494//4701 1206//4703 3847//4702
f 5502//5717 1207//4706 3848//4684
f 5501//5718 1207//4706 3849//4705
f 3850//4704 3832//4671 1203//4694
f 5506//4688 1208//4709 3853//4689
f 5505//4690 1208//4709 3854//4708
f 3855//4707 3835//4682 1206//4703
f 3856//1136 3863//5720 1211//4717
f 4375//1166 1213//4724 3857//1203
f 3858//4726 3864//4720 1214//4727
f 3859//4713 3875//5721 1210//4714
f 3860//4725 3872//5722 1213//4724
f 5511//5723 1212//4722 3861//4721
f 3862//4712 3865//5724 1209//4710
f 5513//5725 1211//4717 3863//5720
f 5510//4733 1214//4727 3864//4720
f 5514//5726 1209//4710 3865//5724
f 5515//4723 1215//4730 3865//5724
f 3866//5727 3871//4731 1218//4740
f 5512//5728 1214//4727 3866//5727
f 5507//4734 1215//4730 3867//4729
f 3868//4719 3876//4744 1216//4732
f 5511//5723 1217//4735 3869//4739
f 3870//4738 3874//4741 1218//4740
f 3872//5722 3861//4721 1213//4724
f 5512//5728 1219//4742 3872//5722
f 5511//5723 1219//4742 3873//4737
f 5512//5728 1218//4740 3874//4741
f 3875//5721 3863//5720 1210//4714
f 5514//5726 1220//4745 3875//5721
f 5513//5725 1220//4745 3876//4744
f 3877//4743 3865//5724 1215//4730
f 5518//4794 1239//4792 3879//4751
f 3879//4751 3905//4747 1222//4750
f 5517//4817 1224//4755 3880//4757
f 5525//5729 1248//4819 3880//4757
f 5520//5730 1249//4821 3881//4760
f 5525//5729 1225//4758 3881//4760
f 5520//5730 1226//4761 3882//4763
f 5523//5731 1250//4823 3882//4763
f 5523//5731 1227//4764 3883//4766
f 5524//5732 1251//4825 3883//4766
f 5522//5733 1252//4826 3884//4769
f 5524//5732 1228//4767 3884//4769
f 5522//5733 1229//4770 3885//4771
f 5530//5734 1237//4787 3885//4771
f 3886//3086 3902//5735 1230//4772
f 3887//4774 3903//5736 1231//4773
f 3888//4776 3897//5737 1232//4775
f 3889//4778 3908//5738 1233//4777
f 3890//4780 3907//5739 1234//4779
f 3891//3101 3904//5740 1235//4781
f 3892//3104 3895//5741 1236//4783
f 3893//4753 3927//5742 1223//4752
f 5519//4799 1236//4783 3895//5741
f 5521//4811 1232//4775 3897//5737
f 5526//5405 1230//4772 3902//5735
f 5527//4814 1231//4773 3903//5736
f 5528//4802 1235//4781 3904//5740
f 3905//4747 3911//5743 1221//4746
f 5531//4805 1234//4779 3907//5739
f 5532//4808 1233//4777 3908//5738
f 5530//5734 1238//4789 3909//4785
f 5529//4790 1239//4792 3910//4788
f 5530//5734 1221//4746 3911//5743
f 5526//5405 1241//4798 3913//4796
f 5519//4799 1242//4801 3914//4797
f 3915//5744 3902//5735 1236//4783
f 5528//4802 1243//4804 3916//4800
f 3917//5745 3895//5741 1235//4781
f 5531//4805 1244//4807 3918//4803
f 3919//5746 3904//5740 1234//4779
f 5532//4808 1245//4810 3920//4806
f 3921//5747 3907//5739 1233//4777
f 5521//4811 1246//4813 3922//4809
f 3923//5748 3908//5738 1232//4775
f 5527//4814 1247//4816 3924//4812
f 3925//5749 3897//5737 1231//4773
f 5517//4817 1248//4819 3926//4815
f 3927//5742 3903//5736 1223//4752
f 5525//5729 1249//4821 3928//4818
f 5520//5730 1250//4823 3929//4820
f 5523//5731 1251//4825 3930//4822
f 5524//5732 1252//4826 3931//4824
f 5522//5733 1237//4787 3932//4786
f 4521//4866 1276//4829 3959//4828
f 3960//1801 4110//4861 1281//4842
f 4530//1857 1283//4847 3961//4848
f 4526//1882 1284//4850 3962//1835
f 4532//1863 1286//4855 3963//4856
f 4522//1875 1287//4858 3964//1840
f 3965//4863 4067//4867 1289//4864
f 3966//1870 4171//4853 1291//4869
f 4538//5234 1293//4876 3967//4875
f 3968//1877 4118//4845 1294//4878
f 4542//5236 1296//4884 3969//4883
f 3970//4868 4152//4889 1297//4887
f 3971//1849 4088//5750 1298//4890
f 3972//1873 4113//4834 1299//4891
f 4275//5159 1302//4901 3973//5751
f 4744//4913 1303//4903 3974//2500
f 4743//2311 1306//4912 3975//2502
f 4659//5284 1307//4916 3976//4917
f 4747//2508 1309//4920 3977//4921
f 3978//4924 4136//5752 1310//4923
f 4833//2667 1312//4927 3979//4929
f 3979//4929 3981//2828 613//2827
f 4759//5260 1313//4932 3980//4933
f 4834//4928 1314//4934 3981//2828
f 4822//4943 1316//4937 3982//4939
f 3982//4939 3984//2822 610//2823
f 4771//2533 1317//4942 3983//2715
f 4823//4938 1318//4944 3984//2822
f 5145//4957 1322//4955 3985//4954
f 3986//3678 4197//5019 1323//4956
f 5171//3037 1325//4963 3987//4964
f 3988//4948 4153//4996 1326//4966
f 3989//3696 4163//5008 1327//4968
f 3990//3700 4186//5000 1330//4978
f 3991//3736 4150//4961 1333//4987
f 3992//4994 4077//4992 1335//4993
f 3993//3669 4109//5753 1337//5003
f 3994//5011 4154//5754 1340//5012
f 3995//5755 4172//5026 1345//5024
f 3996//5027 4187//5756 1346//5028
f 5283//5040 1349//5037 3997//5038
f 3998//1932 4151//5047 1350//5039
f 3999//1976 4044//5757 1353//5044
f 5372//5655 1356//5055 4000//5054
f 5386//5658 1361//5072 4001//5073
f 5398//5660 1367//5093 4002//5094
f 4003//5098 4162//5758 1369//5099
f 4300//898 1371//5100 4005//935
f 4016//5114 4149//5759 1382//5115
f 5537//5122 1384//5117 4018//3057
f 4037//5053 4225//5056 1356//5055
f 5628//5760 1322//4955 4038//5761
f 4039//4899 4209//4922 1311//4925
f 5567//5762 1301//4897 4040//4895
f 5562//5763 1355//5051 4041//5052
f 4042//5033 4223//5035 1348//5032
f 5620//5764 1277//4830 4043//4827
f 5564//5765 1353//5044 4044//5757
f 5582//5766 1292//4872 4046//4871
f 4047//5082 4095//5083 1364//5081
f 4050//4857 4121//4851 1286//4855
f 4051//5767 4042//5033 1349//5037
f 4052//2555 4191//5768 1313//4932
f 4053//4967 4071//4973 1328//4969
f 4054//4915 4207//4910 1303//4903
f 4055//4946 4139//5324 1319//4945
f 4056//5075 4125//5070 1361//5072
f 4057//5043 4044//5757 1352//5042
f 4058//4898 4206//5769 1302//4901
f 4059//5068 4227//5071 1362//5074
f 5569//5010 1341//5013 4060//4976
f 4061//5770 4208//4914 1306//4912
f 5629//5771 1325//4963 4062//4965
f 4063//5061 4082//5567 1358//5060
f 4065//4860 4202//5772 1288//4859
f 5571//5773 1289//4864 4067//4867
f 4068//5036 4224//5046 1351//5041
f 4069//4919 4061//5770 1307//4916
f 4070//4874 4201//4854 1287//4858
f 5630//5774 1329//4974 4071//4973
f 5621//5775 1279//4837 4072//4836
f 4073//4833 4198//5776 1278//4832
f 5568//5777 1357//5057 4074//5059
f 5622//5778 1282//4844 4075//4843
f 5574//5002 1338//5004 4076//4986
f 5575//5779 1335//4993 4077//4992
f 5575//5779 1334//4991 4078//4990
f 4080//4977 4111//4983 1331//4979
f 5576//5780 1359//5063 4082//5567
f 4084//5096 4092//5091 1367//5093
f 5616//5781 1344//5022 4085//5015
f 5624//5782 1298//4890 4088//5750
f 4090//4908 4207//4910 1305//4907
f 5589//5783 1295//4880 4091//4879
f 4092//5091 4229//5784 1366//5090
f 5581//5785 1365//5084 4095//5083
f 4096//4873 4203//5786 1293//4876
f 4102//4838 4202//5772 1290//4865
f 4104//4999 4219//5787 1336//4997
f 4106//4881 4204//5788 1296//4884
f 5629//5771 1324//4960 4107//4959
f 5602//5789 1318//4944 4108//4941
f 5590//5790 1337//5003 4109//5753
f 4110//4861 4199//5791 1281//4842
f 5631//5792 1332//4984 4111//4983
f 4113//4834 4205//4888 1299//4891
f 4115//2571 4119//5793 1317//4942
f 4116//4882 4200//4846 1284//4850
f 5628//5760 1321//4950 4117//4949
f 5594//4885 1294//4878 4118//4845
f 4119//5793 4212//4940 1316//4937
f 4120//4953 4221//5020 1342//5014
f 5623//5794 1285//4852 4121//4851
f 4122//4905 4090//4908 1304//4904
f 4123//5007 4220//5795 1339//5006
f 5595//5796 1347//5030 4124//5029
f 5633//5797 1360//5069 4125//5070
f 4126//4886 4198//5776 1276//4829
f 4127//5023 4225//5056 1354//5048
f 5621//5775 1280//4840 4128//4841
f 4130//2568 4210//5798 544//2554
f 5598//5799 1310//4923 4136//5752
f 4138//4849 4075//4843 1283//4847
f 5627//5800 545//2557 4139//5324
f 5598//5799 1309//4920 4142//5801
f 4144//2561 4212//4940 547//2570
f 5607//5802 1333//4987 4150//4961
f 4151//5047 4223//5035 1350//5039
f 5624//5782 1297//4887 4152//4889
f 5607//5802 1326//4966 4153//4996
f 5608//5803 1340//5012 4154//5754
f 4163//5008 4216//4975 1327//4968
f 4170//4931 4211//2567 1314//4934
f 5573//4877 1291//4869 4171//4853
f 5615//5804 1345//5024 4172//5026
f 4186//5000 4217//4985 1330//4978
f 5615//5804 1346//5028 4187//5756
f 4188//5079 4228//5088 1363//5077
f 4189//4936 4193//2562 1315//4935
f 5616//5781 1343//5016 4190//5018
f 4191//5768 4210//5798 1312//4927
f 4192//4911 4208//4914 1308//4918
f 5626//5805 546//2563 4193//2562
f 4194//5089 4229//5784 1368//5095
f 4195//4893 4206//5769 1300//4894
f 5619//5806 1323//4956 4197//5019
f 5620//5764 1276//4829 4198//5776
f 5621//5775 1281//4842 4199//5791
f 5622//5778 1284//4850 4200//4846
f 5623//5794 1287//4858 4201//4854
f 5571//5773 1290//4865 4202//5772
f 4203//5786 4046//4871 1291//4869
f 4204//5788 4091//4879 1294//4878
f 5624//5782 1299//4891 4205//4888
f 5567//5762 1300//4894 4206//5769
f 4207//4910 4122//4905 1303//4903
f 5572//5807 1308//4918 4208//4914
f 4209//4922 4136//5752 1311//4925
f 5566//5808 544//2554 4210//5798
f 5626//5805 1314//4934 4211//2567
f 5593//5809 547//2570 4212//4940
f 4213//2560 4055//4946 1318//4944
f 4214//4952 4038//5761 1323//4956
f 5629//5771 1326//4966 4215//4962
f 5630//5774 1327//4968 4216//4975
f 5631//5792 1330//4978 4217//4985
f 4218//4995 4078//4990 1333//4987
f 4219//5787 4109//5753 1338//5004
f 4220//5795 4154//5754 1341//5013
f 5616//5781 1342//5014 4221//5020
f 4222//5025 4187//5756 1347//5030
f 4223//5035 4051//5767 1350//5039
f 4224//5046 4057//5043 1351//5041
f 5562//5763 1354//5048 4225//5056
f 4226//5067 4063//5061 1357//5057
f 5633//5797 1362//5074 4227//5071
f 4228//5088 4047//5082 1363//5077
f 5634//5810 1368//5095 4229//5784
f 2198//1 4643//20 2262//2
f 2262//2 4642//22 2195//4
f 393//5 2190//17 4655//6
f 395//8 2284//500 4653//9
f 2202//10 4653//9 2282//11
f 2238//13 4630//25 2193//14
f 2288//16 4655//6 2190//17
f 400//19 2264//490 4643//20
f 401//21 2195//4 4642//22
f 403//24 2193//14 4630//25
f 2252//27 4637//35 2186//28
f 2179//30 4647//38 2270//31
f 2270//31 4646//40 2180//33
f 413//34 2186//28 4637//35
f 414//37 2272//498 4647//38
f 415//39 2180//33 4646//40
f 434//42 2229//46 4613//43
f 2230//45 4627//474 2229//46
f 2231//47 4613//43 2229//46
f 435//48 2232//519 4628//49
f 436//50 2233//52 4613//43
f 436//50 2234//502 4629//51
f 437//53 2235//54 4613//43
f 2236//26 4630//25 2235//54
f 2237//55 4613//43 2235//54
f 438//56 2238//13 4631//57
f 439//58 2239//44 4613//43
f 439//58 2240//492 4632//59
f 440//60 2241//64 4611//61
f 440//60 2242//478 4633//63
f 441//65 2243//67 4611//61
f 2244//66 4634//480 2243//67
f 2245//68 4611//61 2243//67
f 442//69 2246//516 4635//70
f 443//71 2247//73 4611//61
f 443//71 2248//487 4636//72
f 444//74 2249//75 4611//61
f 2250//36 4637//35 2249//75
f 2251//62 4611//61 2249//75
f 445//76 2252//27 4638//77
f 446//78 2253//82 4610//79
f 2254//81 4639//468 2253//82
f 2255//83 4610//79 2253//82
f 447//84 2256//513 4640//85
f 448//86 2257//88 4610//79
f 448//86 2258//495 4641//87
f 449//89 2259//90 4610//79
f 2260//23 4642//22 2259//90
f 2261//91 4610//79 2259//90
f 450//92 2262//2 4643//20
f 451//93 2263//80 4610//79
f 451//93 2264//490 4644//94
f 452//95 2265//99 4609//96
f 452//95 2266//484 4645//98
f 453//100 2267//101 4609//96
f 2268//41 4646//40 2267//101
f 2269//102 4609//96 2267//101
f 454//103 2270//31 4647//38
f 455//104 2271//106 4609//96
f 455//104 2272//498 4648//105
f 456//107 2273//109 4609//96
f 2274//108 4649//504 2273//109
f 2275//97 4609//96 2273//109
f 457//110 2276//510 4650//111
f 458//112 2277//116 4602//113
f 458//112 2278//466 4651//115
f 459//117 2279//119 4602//113
f 2280//118 4652//471 2279//119
f 2281//120 4602//113 2279//119
f 460//121 2282//11 4653//9
f 461//122 2283//124 4602//113
f 461//122 2284//500 4654//123
f 462//125 2285//126 4602//113
f 2286//7 4655//6 2285//126
f 2287//114 4602//113 2285//126
f 463//127 2288//16 4656//128
f 3418//129 5269//535 3354//130
f 950//132 3442//529 5281//133
f 3434//135 5277//549 3317//136
f 3440//138 5280//550 3330//139
f 953//141 3436//521 5278//142
f 3438//144 5279//539 3358//145
f 3394//147 5257//534 3348//148
f 3444//150 5282//533 3345//151
f 3420//153 5270//545 3326//154
f 958//156 3416//527 5268//157
f 3396//159 5258//541 3327//160
f 960//162 3392//530 5256//163
f 961//165 3410//525 5265//166
f 3414//168 5267//546 3328//169
f 963//171 3386//526 5253//172
f 3390//174 5255//542 3331//175
f 3412//177 5266//537 3356//178
f 3388//180 5254//540 3359//181
f 3408//183 5264//532 3341//184
f 3426//186 5273//531 3335//187
f 3398//189 5259//543 3321//190
f 970//192 3406//524 5263//193
f 3428//195 5274//548 3329//196
f 972//198 3424//523 5272//199
f 973//201 3400//522 5260//202
f 3404//204 5262//544 3325//205
f 975//207 3430//528 5275//208
f 3422//210 5271//547 3323//211
f 3402//213 5261//538 3357//214
f 3432//216 5276//536 3355//217
f 991//219 3395//231 5239//220
f 3385//221 5239//220 3387//222
f 993//224 3387//222 5239//220
f 994//226 3389//225 5239//220
f 3391//227 5239//220 3393//228
f 996//230 3393//228 5239//220
f 997//232 3407//243 5237//233
f 998//235 3397//234 5237//233
f 3399//236 5237//233 3401//237
f 1000//239 3401//237 5237//233
f 1001//241 3403//240 5237//233
f 3405//242 5237//233 3407//243
f 1003//245 3419//257 5236//246
f 3409//247 5236//246 3411//248
f 1005//250 3411//248 5236//246
f 1006//252 3413//251 5236//246
f 3415//253 5236//246 3417//254
f 1008//256 3417//254 5236//246
f 1009//258 3431//269 5235//259
f 1010//261 3421//260 5235//259
f 3423//262 5235//259 3425//263
f 1012//265 3425//263 5235//259
f 1013//267 3427//266 5235//259
f 3429//268 5235//259 3431//269
f 1015//271 3443//282 5228//272
f 1016//274 3433//273 5228//272
f 3435//275 5228//272 3437//276
f 1018//278 3437//276 5228//272
f 1019//280 3439//279 5228//272
f 3441//281 5228//272 3443//282
f 3938//284 4927//362 3933//285
f 1253//286 4013//395 5541//287
f 1254//288 3940//292 5543//289
f 4230//291 4927//362 3940//292
f 3936//293 5588//364 4231//294
f 1255//295 3946//298 5549//296
f 4231//294 5635//5811 3946//298
f 3937//299 5588//364 3936//293
f 1256//300 4034//457 5539//301
f 1257//302 4033//453 5540//303
f 4105//304 5588//364 3937//299
f 3939//305 4927//362 3938//284
f 1258//306 4030//441 5542//307
f 3940//292 4927//362 3939//305
f 1259//308 4029//438 5543//289
f 3942//309 4926//462 3941//310
f 1260//311 4032//449 5545//312
f 3943//313 4926//462 3942//309
f 1261//314 4031//445 5546//315
f 3945//316 5635//5811 3944//317
f 1262//318 4028//437 5548//319
f 3946//298 5635//5811 3945//316
f 1263//320 4027//433 5549//296
f 1264//321 3952//325 5555//322
f 3958//324 5533//359 3952//325
f 3950//326 5533//359 4235//327
f 1265//328 4008//380 5553//329
f 4235//327 5637//5812 3957//330
f 1266//331 4010//386 5559//332
f 4236//334 5596//360 3949//335
f 1267//336 4025//340 5551//337
f 1267//336 4129//551 5550//339
f 3949//335 5596//360 3948//338
f 1268//341 4026//430 5552//342
f 3951//343 5533//359 3950//326
f 1269//344 4021//419 5554//345
f 3952//325 5533//359 3951//343
f 1270//346 4022//421 5555//322
f 3954//347 5638//552 3953//348
f 1271//349 4023//423 5557//350
f 4035//351 5638//552 3954//347
f 3956//353 5637//5812 3955//333
f 1273//354 4019//413 5560//355
f 3957//330 5637//5812 3956//353
f 1274//356 4020//415 5561//357
f 1275//358 4235//327 5533//359
f 1275//358 4237//463 5596//360
f 1320//361 3933//285 4927//362
f 4140//363 4926//462 3933//285
f 1320//361 4231//294 5588//364
f 4036//365 5558//425 4045//366
f 1370//367 4045//366 5565//368
f 4143//370 5550//339 4036//365
f 3947//323 5555//322 4112//371
f 1372//372 4087//555 5556//373
f 1372//372 4112//371 5591//374
f 4184//376 5570//558 4007//377
f 4064//379 5553//329 4008//380
f 4049//382 5600//560 4009//383
f 4141//385 5559//332 4010//386
f 4179//388 5544//459 4011//389
f 4177//391 5614//562 4012//392
f 4196//394 5541//287 4013//395
f 4168//397 5611//563 4014//398
f 3934//290 5543//289 4169//400
f 1381//401 4083//565 5547//402
f 1381//401 4169//400 5609//403
f 3935//297 5549//296 4114//405
f 1383//406 4094//567 5538//407
f 1383//406 4114//405 5603//408
f 4141//385 5600//560 4048//410
f 4157//412 5560//355 4019//413
f 4137//414 5561//357 4020//415
f 1386//416 4234//602 5599//417
f 1387//418 4089//570 5554//345
f 1388//420 4112//371 5555//322
f 1389//422 4093//571 5557//350
f 1390//424 4045//366 5558//425
f 4086//427 5551//337 4025//340
f 4103//429 5552//342 4026//430
f 1393//432 4114//405 5549//296
f 1393//432 4155//572 5604//434
f 1394//436 4155//572 5548//319
f 4169//400 5543//289 4029//438
f 4066//440 5542//307 4030//441
f 4196//394 5611//563 4166//443
f 4081//444 5546//315 4031//445
f 4178//447 5613//615 4173//448
f 4178//447 5545//312 4032//449
f 4179//388 5614//562 4175//451
f 1399//452 4079//577 5540//303
f 1399//452 4185//573 5584//454
f 1400//456 4185//573 5539//301
f 1401//458 4011//389 5544//459
f 1401//458 4105//304 5540//303
f 1402//461 3941//310 4926//462
f 4156//460 5544//459 3941//310
f 4237//463 5638//552 4035//351
f 2161//465 4651//115 2278//466
f 4639//468 2254//81 404//469
f 4652//471 2280//118 396//472
f 4627//474 2230//45 406//475
f 2165//477 4633//63 2242//478
f 4634//480 2244//66 416//481
f 2167//483 4645//98 2266//484
f 2169//486 4636//72 2248//487
f 2170//489 4644//94 2264//490
f 2171//491 4632//59 2240//492
f 2172//494 4641//87 2258//495
f 2173//497 4648//105 2272//498
f 2174//499 4654//123 2284//500
f 2175//501 4629//51 2234//502
f 4649//504 2274//108 418//481
f 2185//506 4638//77 2252//27
f 2189//507 4656//128 2288//16
f 2192//508 4631//57 2238//13
f 2199//509 4650//111 2276//510
f 2200//512 4640//85 2256//513
f 2201//515 4635//70 2246//516
f 2203//518 4628//49 2232//519
f 4627//474 2232//519 435//48
f 2230//45 4632//59 2171//491
f 2231//47 4628//49 2234//502
f 2232//519 4627//474 2164//476
f 4629//51 2236//26 437//53
f 4628//49 2203//518 407//503
f 4630//25 2238//13 438//56
f 2236//26 4629//51 2175//501
f 2237//55 4631//57 2240//492
f 4632//59 2230//45 434//42
f 4631//57 2192//508 402//493
f 4633//63 2244//66 441//65
f 4638//77 2185//506 412//479
f 4634//480 2246//516 442//69
f 2244//66 4633//63 2165//477
f 2245//68 4635//70 2248//487
f 2246//516 4634//480 2166//482
f 4636//72 2250//36 444//74
f 4635//70 2201//515 417//488
f 4637//35 2252//27 445//76
f 2250//36 4636//72 2169//486
f 2251//62 4638//77 2242//478
f 4639//468 2256//513 447//84
f 2254//81 4644//94 2170//489
f 2255//83 4640//85 2258//495
f 2256//513 4639//468 2162//470
f 4641//87 2260//23 449//89
f 4640//85 2200//512 405//496
f 4642//22 2262//2 450//92
f 2260//23 4641//87 2172//494
f 2261//91 4643//20 2264//490
f 4644//94 2254//81 446//78
f 4645//98 2268//41 453//100
f 4650//111 2199//509 419//485
f 4646//40 2270//31 454//103
f 2268//41 4645//98 2167//483
f 2269//102 4647//38 2272//498
f 4648//105 2274//108 456//107
f 4649//504 2276//510 457//110
f 2274//108 4648//105 2173//497
f 2275//97 4650//111 2266//484
f 2276//510 4649//504 2176//505
f 4651//115 2280//118 459//117
f 4656//128 2189//507 394//467
f 4652//471 2282//11 460//121
f 2280//118 4651//115 2161//465
f 2281//120 4653//9 2284//500
f 2282//11 4652//471 2163//473
f 4654//123 2286//7 462//125
f 4655//6 2288//16 463//127
f 2286//7 4654//123 2174//499
f 2287//114 4656//128 2278//466
f 3317//136 5277//549 3436//521
f 3318//167 5265//166 3412//177
f 3319//143 5278//142 3438//144
f 3320//173 5253//172 3388//180
f 3321//190 5259//543 3400//522
f 3322//203 5260//202 3402//213
f 3323//211 5271//547 3424//523
f 3325//205 5262//544 3406//524
f 3326//154 5270//545 3410//525
f 3327//160 5258//541 3386//526
f 3328//169 5267//546 3416//527
f 3329//196 5274//548 3430//528
f 3330//139 5280//550 3442//529
f 3331//175 5255//542 3392//530
f 3332//209 5275//208 3432//216
f 5273//531 3428//195 971//197
f 3336//200 5272//199 3426//186
f 5264//532 3398//189 969//191
f 3342//194 5263//193 3408//183
f 5282//533 3434//135 951//137
f 3346//134 5281//133 3444//150
f 5257//534 3396//159 959//161
f 3349//164 5256//163 3394//147
f 3351//158 5268//157 3418//129
f 5269//535 3420//153 957//155
f 5276//536 3422//210 976//212
f 5266//537 3414//168 962//170
f 5261//538 3404//204 974//206
f 5279//539 3440//138 952//140
f 5254//540 3390//174 964//176
f 3385//221 5253//172 3386//526
f 5258//541 3395//231 991//219
f 5254//540 3388//180 992//223
f 5253//172 3385//221 992//223
f 5255//542 3390//174 993//224
f 3390//174 5254//540 3387//222
f 3391//227 5256//163 3392//530
f 5255//542 3389//225 994//226
f 5257//534 3394//147 995//229
f 5256//163 3391//227 995//229
f 5258//541 3396//159 996//230
f 3396//159 5257//534 3393//228
f 5259//543 3398//189 997//232
f 3398//189 5264//532 3407//243
f 3399//236 5260//202 3400//522
f 5259//543 3397//234 998//235
f 5261//538 3402//213 999//238
f 5260//202 3399//236 999//238
f 5262//544 3404//204 1000//239
f 3404//204 5261//538 3401//237
f 3405//242 5263//193 3406//524
f 5262//544 3403//240 1001//241
f 5264//532 3408//183 1002//244
f 5263//193 3405//242 1002//244
f 3409//247 5265//166 3410//525
f 5270//545 3419//257 1003//245
f 5266//537 3412//177 1004//249
f 5265//166 3409//247 1004//249
f 5267//546 3414//168 1005//250
f 3414//168 5266//537 3411//248
f 3415//253 5268//157 3416//527
f 5267//546 3413//251 1006//252
f 5269//535 3418//129 1007//255
f 5268//157 3415//253 1007//255
f 5270//545 3420//153 1008//256
f 3420//153 5269//535 3417//254
f 5271//547 3422//210 1009//258
f 3422//210 5276//536 3431//269
f 3423//262 5272//199 3424//523
f 5271//547 3421//260 1010//261
f 5273//531 3426//186 1011//264
f 5272//199 3423//262 1011//264
f 5274//548 3428//195 1012//265
f 3428//195 5273//531 3425//263
f 3429//268 5275//208 3430//528
f 5274//548 3427//266 1013//267
f 5276//536 3432//216 1014//270
f 5275//208 3429//268 1014//270
f 5277//549 3434//135 1015//271
f 3434//135 5282//533 3443//282
f 3435//275 5278//142 3436//521
f 5277//549 3433//273 1016//274
f 5279//539 3438//144 1017//277
f 5278//142 3435//275 1017//277
f 5280//550 3440//138 1018//278
f 3440//138 5279//539 3437//276
f 3441//281 5281//133 3442//529
f 5280//550 3439//279 1019//280
f 5282//533 3444//150 1020//283
f 5281//133 3441//281 1020//283
f 4926//462 3943//313 1253//286
f 3934//290 5547//402 3944//317
f 3935//297 5538//407 3936//293
f 5538//407 4034//457 1256//300
f 5539//301 4033//453 1257//302
f 5541//287 4030//441 1258//306
f 5542//307 4029//438 1259//308
f 5544//459 4032//449 1260//311
f 5545//312 4031//445 1261//314
f 3943//313 5546//315 4013//395
f 5547//402 4028//437 1262//318
f 3944//317 5635//5811 4230//291
f 5548//319 4027//433 1263//320
f 3947//323 5556//373 3953//348
f 5551//337 4026//430 1268//341
f 3948//338 5596//360 4129//551
f 3949//335 5552//342 4010//386
f 5553//329 4021//419 1269//344
f 5554//345 4022//421 1270//346
f 5556//373 4023//423 1271//349
f 5638//552 3958//324 1264//321
f 5557//350 4024//426 1272//352
f 5559//332 4019//413 1273//354
f 3955//333 5637//5812 4236//334
f 5560//355 4020//415 1274//356
f 3957//330 5561//357 4008//380
f 3958//324 5638//552 4237//463
f 4004//369 5565//368 4132//553
f 4004//369 5601//596 4143//370
f 4006//375 5578//580 4087//555
f 4006//375 5591//374 4181//556
f 5570//558 4064//379 1374//381
f 5599//417 4233//626 1373//378
f 5561//357 4137//414 1374//381
f 4009//383 5587//605 4159//559
f 5600//560 4141//385 1376//387
f 5552//342 4103//429 1376//387
f 5540//303 4079//577 1377//390
f 5583//561 4098//585 1378//393
f 5614//562 4179//388 1377//390
f 5546//315 4081//444 1379//396
f 5611//563 4196//394 1379//396
f 5612//564 4174//617 1380//399
f 4015//404 5605//578 4083//565
f 5609//403 4165//612 1382//566
f 4017//409 5585//583 4094//567
f 4017//409 5603//408 4146//568
f 5559//332 4141//385 1385//411
f 5560//355 4157//412 1386//416
f 4021//419 5553//329 4064//379
f 4022//421 5554//345 4089//570
f 4023//423 5556//373 4087//555
f 4024//426 5557//350 4093//571
f 5558//425 4035//351 1272//352
f 5550//339 4143//370 1391//428
f 5551//337 4086//427 1392//431
f 4027//433 5548//319 4155//572
f 4028//437 5547//402 4083//565
f 5542//307 4066//440 1395//439
f 5541//287 4196//394 1396//442
f 5545//312 4178//447 1397//446
f 4032//449 5544//459 4179//388
f 4033//453 5539//301 4185//573
f 4034//457 5538//407 4094//567
f 5558//425 4036//365 1403//464
f 5550//339 4129//551 1403//464
f 5600//560 4049//382 1404//574
f 5636//575 4157//412 1385//411
f 5570//558 4182//624 1387//418
f 4066//440 5610//610 4164//576
f 4079//577 5583//561 4012//392
f 4081//444 5612//564 4014//398
f 5605//578 4147//599 1394//436
f 4086//427 5577//606 4158//579
f 5578//580 4133//593 1389//422
f 5579//581 4180//620 1388//420
f 5580//582 4131//590 1390//424
f 5585//583 4099//586 1400//456
f 5583//561 4079//577 1399//452
f 5584//454 4100//588 1405//584
f 4098//585 5583//561 4097//455
f 4099//586 5584//454 4185//573
f 5585//583 4101//589 1406//587
f 4100//588 5584//454 4099//586
f 5585//583 4017//409 1384//569
f 4103//429 5587//605 4009//383
f 4129//551 5596//360 4237//463
f 4131//590 5565//368 4045//366
f 4131//590 5580//582 4134//591
f 5565//368 4131//590 1407//592
f 4133//593 5578//580 4135//594
f 4133//593 5580//582 4093//571
f 5580//582 4133//593 1408//595
f 5578//580 4006//375 1371//557
f 4137//414 5599//417 4007//377
f 4140//363 5588//364 4156//460
f 5601//596 4160//607 1391//428
f 4145//435 5603//408 4114//405
f 4145//435 5604//434 4148//597
f 5603//408 4145//435 1409//598
f 4147//599 5604//434 4155//572
f 4147//599 5605//578 4149//600
f 5604//434 4147//599 1410//601
f 5605//578 4015//404 1382//566
f 4156//460 5588//364 4105//304
f 4157//412 5636//575 4234//602
f 4158//579 5577//606 4161//603
f 5587//605 4103//429 1392//431
f 5587//605 4158//579 1411//604
f 5577//606 4086//427 1391//428
f 4160//607 5601//596 4162//608
f 5577//606 4160//607 1412//609
f 5601//596 4004//369 1369//554
f 5609//403 4169//400 1395//439
f 5610//610 4167//614 1413//611
f 4165//612 5609//403 4164//576
f 5610//610 4066//440 1396//442
f 5611//563 4168//397 1414//613
f 4167//614 5610//610 4166//443
f 5612//564 4081//444 1397//446
f 5613//615 4176//619 1415//616
f 4174//617 5612//564 4173//448
f 5613//615 4178//447 1398//450
f 5614//562 4177//391 1416//618
f 4176//619 5613//615 4175//451
f 4180//620 5579//581 4183//621
f 4180//620 5591//374 4112//371
f 5591//374 4180//620 1417//622
f 5570//558 4184//376 1418//623
f 4182//624 5579//581 4089//570
f 4183//621 5579//581 4182//624
f 4230//291 5635//5811 4231//294
f 4232//625 5636//575 4048//410
f 4233//626 5599//417 4234//602
f 5636//575 4232//625 1419//627
f 4236//334 5637//5812 4235//327
f 1//628 1443//632 4246//629
f 1//628 2662//2911 4874//631
f 2//633 1420//630 4246//629
f 1442//634 4253//637 1422//635
f 3//636 1422//635 4253//637
f 1454//638 4252//641 1424//639
f 4//640 1424//639 4252//641
f 1452//642 4251//645 1426//643
f 5//644 1426//643 4251//645
f 1450//646 4250//1602 1428//647
f 1428//647 4250//1602 1448//648
f 6//649 1448//648 4249//650
f 1446//652 4247//5201 1432//653
f 7//654 1886//1617 4248//655
f 1432//653 4247//5201 1445//656
f 8//657 2673//2929 4866//658
f 1423//660 4244//667 1435//661
f 1817//663 4245//1471 1423//660
f 1425//664 4243//671 1436//665
f 10//666 1435//661 4244//667
f 1427//668 4242//675 1437//669
f 11//670 1436//665 4243//671
f 12//672 1429//676 4241//673
f 12//672 1437//669 4242//675
f 1431//677 4240//1613 1439//678
f 13//679 1438//674 4241//673
f 14//680 1433//684 4238//681
f 1887//683 4239//5203 1433//684
f 15//685 1434//659 4866//658
f 15//685 1440//682 4238//681
f 2680//686 4945//3512 1580//687
f 16//688 1441//691 4254//689
f 1442//634 4246//629 1441//691
f 1456//690 4258//5813 1453//692
f 1457//693 4254//689 1441//691
f 2681//695 4882//2955 1457//693
f 1444//696 4255//5814 1459//697
f 1445//656 4247//5201 1444//696
f 1461//699 4255//5814 1444//696
f 1879//701 4464//5815 2194//702
f 19//700 2194//702 4626//703
f 1447//704 4256//713 1462//705
f 1880//707 4250//1602 1447//704
f 2197//708 4465//1631 1880//707
f 21//709 1449//712 4257//710
f 1450//646 4251//645 1449//712
f 21//709 1463//711 4256//713
f 22//714 1451//717 4621//715
f 1452//642 4252//641 1451//717
f 1464//716 4257//710 1449//712
f 1453//692 4258//5813 1466//718
f 23//719 1454//638 4253//637
f 23//719 1466//718 4621//715
f 24//720 1455//723 4259//721
f 24//720 1456//690 4254//689
f 1468//722 4263//5816 1465//724
f 25//725 1469//727 4259//721
f 25//725 2693//2972 4887//726
f 1458//728 4260//5817 1471//729
f 1459//697 4255//5814 1458//728
f 27//731 1460//735 4625//732
f 1473//733 4260//5817 1458//728
f 27//731 2222//2239 4606//734
f 28//736 1475//738 4625//732
f 2188//737 4579//2191 1475//738
f 1465//724 4263//5816 1480//739
f 2208//741 4258//5813 1465//724
f 1467//742 4264//748 1482//743
f 30//744 1468//722 4259//721
f 30//744 1482//743 4271//745
f 31//747 1483//750 4264//748
f 31//747 2703//2986 4892//749
f 32//751 1470//754 4265//752
f 1471//729 4260//5817 1470//754
f 1472//755 4266//1905 1486//756
f 33//757 1486//756 4265//752
f 33//757 2224//2244 4623//758
f 1474//759 4267//1904 1488//760
f 1488//760 4266//1905 1472//755
f 35//762 1476//766 4268//763
f 1490//764 4267//1904 1474//759
f 2156//765 4589//5155 1476//766
f 36//767 1477//771 4269//768
f 1492//769 4268//763 1476//766
f 2158//770 4594//2213 1477//771
f 37//772 1478//776 4270//773
f 1494//774 4269//768 1477//771
f 2160//775 4618//5156 1478//776
f 38//777 1479//746 4271//745
f 1496//778 4270//773 1478//776
f 2212//779 4263//5816 1479//746
f 1481//780 4272//812 1498//781
f 39//782 1482//743 4264//748
f 1498//781 4279//807 1495//783
f 1499//784 4272//812 1481//780
f 2715//786 4900//5389 1499//784
f 41//787 1484//790 4273//788
f 1485//753 4265//752 1484//790
f 1502//791 4273//788 1484//790
f 2045//793 4274//2282 1502//791
f 43//794 1489//797 4276//795
f 1490//764 4268//763 1489//797
f 1505//796 4275//5159 1487//798
f 1491//799 4277//5818 1507//800
f 1492//769 4269//768 1491//799
f 1507//800 4276//795 1489//797
f 45//802 1493//805 4278//803
f 1494//774 4270//773 1493//805
f 1509//804 4277//5818 1491//799
f 46//806 1495//783 4279//807
f 46//806 1496//778 4271//745
f 1511//808 4278//803 1493//805
f 1497//809 4280//816 1513//810
f 47//811 1498//781 4272//812
f 47//811 1513//810 4287//813
f 48//815 1514//818 4280//816
f 48//815 2729//3026 4908//817
f 1500//819 4281//1946 1515//820
f 49//821 1501//789 4273//788
f 1517//822 4281//1946 1500//819
f 50//823 2047//1916 4548//824
f 1504//825 4284//859 1520//826
f 1505//796 4276//795 1504//825
f 51//827 1520//826 4283//828
f 1522//830 4284//859 1504//825
f 1995//832 4519//4831 1522//830
f 52//831 2037//1889 4545//833
f 1508//834 4286//1893 1524//835
f 1509//804 4278//803 1508//834
f 53//836 1996//1802 4516//837
f 1510//814 4287//813 1526//839
f 1511//808 4279//807 1510//814
f 1526//839 4286//1893 1508//834
f 1512//841 4288//847 1528//842
f 55//843 1513//810 4280//816
f 55//843 1528//842 4295//844
f 56//846 1529//849 4288//847
f 56//846 2741//3046 4916//848
f 57//850 1518//855 4291//851
f 1533//852 4290//1939 1516//853
f 2046//854 4283//828 1518//855
f 1519//856 4292//5106 1534//857
f 58//858 1520//826 4284//859
f 58//858 1534//857 4291//851
f 1536//860 4292//5106 1519//856
f 2038//862 4293//5119 1536//860
f 2039//863 4547//1810 1998//864
f 60//865 1523//870 4294//866
f 1538//867 4293//5119 1521//868
f 2040//869 4286//1893 1523//870
f 1525//845 4295//844 1540//871
f 61//872 1526//839 4287//813
f 61//872 1540//871 4294//866
f 1527//873 4296//879 1542//874
f 62//875 1528//842 4288//847
f 62//875 1542//874 4303//876
f 63//878 1543//881 4296//879
f 63//878 2754//3068 4922//880
f 64//882 1530//886 4297//883
f 2048//885 4289//1922 1530//886
f 65//887 1531//891 4298//888
f 1547//889 4297//883 1530//886
f 2049//890 4290//1939 1531//891
f 66//892 1532//895 4299//893
f 66//892 1533//852 4291//851
f 1549//894 4298//888 1531//891
f 1551//896 4299//893 1532//895
f 67//897 4003//5098 4300//898
f 1537//899 4302//906 1554//900
f 68//901 1538//867 4294//866
f 68//901 1554//900 4301//902
f 1539//877 4303//876 1556//904
f 69//905 1540//871 4295//844
f 69//905 1556//904 4302//906
f 1541//907 4304//913 1557//908
f 70//909 1542//874 4296//879
f 70//909 1557//908 4311//910
f 71//912 1558//915 4304//913
f 71//912 2766//3087 4930//914
f 72//916 1544//919 4305//917
f 1545//884 4297//883 1544//919
f 73//920 1546//923 4306//921
f 1547//889 4298//888 1546//923
f 1560//922 4305//917 1544//919
f 74//924 1548//927 4307//925
f 1549//894 4299//893 1548//927
f 1561//926 4306//921 1546//923
f 75//928 1550//931 4308//929
f 1551//896 4300//898 1550//931
f 1562//930 4307//925 1548//927
f 76//932 1552//936 4309//933
f 76//932 1563//934 4308//929
f 4005//935 4301//902 1552//936
f 1553//937 4310//942 1564//938
f 77//939 1554//900 4302//906
f 77//939 1564//938 4309//933
f 1555//911 4311//910 1565//940
f 78//941 1556//904 4303//876
f 78//941 1565//940 4310//942
f 1567//943 4321//953 1583//944
f 1568//946 4313//5148 1567//943
f 79//945 1583//944 4320//947
f 1569//949 4322//958 1585//950
f 1570//952 4314//5149 1569//949
f 80//951 1585//950 4321//953
f 1571//954 4323//963 1587//955
f 1572//957 4315//5150 1571//954
f 81//956 1587//955 4322//958
f 1573//959 4324//967 1589//960
f 1574//962 4316//5202 1573//959
f 82//961 1589//960 4323//963
f 1575//964 4325//972 1591//965
f 83//966 1591//965 4324//967
f 83//966 1881//1606 4466//968
f 1577//969 4326//977 1593//970
f 84//971 1593//970 4325//972
f 1892//973 4467//5169 1577//969
f 85//974 1578//979 4327//975
f 85//974 1595//976 4326//977
f 1882//978 4319//1608 1578//979
f 86//980 1596//982 4327//975
f 86//980 2794//3126 4953//981
f 1582//983 4329//991 1599//984
f 87//985 1583//944 4321//953
f 87//985 1599//984 4328//986
f 1584//988 4330//995 1601//989
f 88//990 1585//950 4322//958
f 88//990 1601//989 4329//991
f 1586//992 4331//999 1603//993
f 89//994 1587//955 4323//963
f 89//994 1603//993 4330//995
f 1588//996 4332//1003 1605//997
f 90//998 1589//960 4324//967
f 90//998 1605//997 4331//999
f 1590//1000 4333//1007 1607//1001
f 91//1002 1591//965 4325//972
f 91//1002 1607//1001 4332//1003
f 1592//1004 4334//1011 1609//1005
f 92//1006 1593//970 4326//977
f 92//1006 1609//1005 4333//1007
f 1594//1008 4335//1013 1611//1009
f 93//1010 1595//976 4327//975
f 93//1010 1611//1009 4334//1011
f 94//1012 1612//1015 4335//1013
f 94//1012 2809//3146 4961//1014
f 1598//1016 4337//1024 1615//1017
f 95//1018 1599//984 4329//991
f 95//1018 1615//1017 4336//1019
f 1600//1021 4338//1028 1617//1022
f 96//1023 1601//989 4330//995
f 96//1023 1617//1022 4337//1024
f 1602//1025 4339//1032 1619//1026
f 97//1027 1603//993 4331//999
f 97//1027 1619//1026 4338//1028
f 1604//1029 4340//1036 1621//1030
f 98//1031 1605//997 4332//1003
f 98//1031 1621//1030 4339//1032
f 1606//1033 4341//2836 1622//1034
f 99//1035 1607//1001 4333//1007
f 99//1035 1622//1034 4340//1036
f 1608//1037 4342//2835 1624//1038
f 100//1039 1609//1005 4334//1011
f 1624//1038 4341//2836 1606//1033
f 101//1040 1610//1043 4343//1041
f 101//1040 1611//1009 4335//1013
f 1626//1042 4342//2835 1608//1037
f 102//1044 1627//1046 4343//1041
f 102//1044 2824//3167 4969//1045
f 103//1047 1613//1051 4344//1048
f 1820//1050 4336//1019 1613//1051
f 1614//1052 4345//1058 1631//1053
f 104//1054 1615//1017 4337//1024
f 104//1054 1631//1053 4344//1048
f 1616//1055 4346//1062 1633//1056
f 105//1057 1617//1022 4338//1028
f 105//1057 1633//1056 4345//1058
f 1618//1059 4347//1066 1635//1060
f 106//1061 1619//1026 4339//1032
f 106//1061 1635//1060 4346//1062
f 1620//1063 4348//1068 1637//1064
f 107//1065 1621//1030 4340//1036
f 107//1065 1637//1064 4347//1066
f 108//1067 1638//1070 4348//1068
f 2615//1069 4349//2838 1638//1070
f 1625//1071 4351//1077 1641//1072
f 1626//1042 4343//1041 1625//1071
f 109//1073 1641//1072 4350//1074
f 110//1076 1642//1079 4351//1077
f 110//1076 2838//3185 4977//1078
f 1628//1080 4352//4657 1644//1081
f 111//1082 1629//1049 4344//1048
f 112//1083 1630//1086 4353//1084
f 1631//1053 4345//1058 1630//1086
f 1646//1085 4352//4657 1628//1080
f 1632//1087 4354//1093 1648//1088
f 113//1089 1633//1056 4346//1062
f 113//1089 1648//1088 4353//1084
f 1634//1090 4355//1097 1650//1091
f 114//1092 1635//1060 4347//1066
f 114//1092 1650//1091 4354//1093
f 1636//1094 4356//1099 1652//1095
f 115//1096 1637//1064 4348//1068
f 115//1096 1652//1095 4355//1097
f 116//1098 1654//1101 4356//1099
f 116//1098 2617//2846 4357//1100
f 1640//1102 4359//4716 1656//1103
f 117//1104 1641//1072 4351//1077
f 117//1104 1656//1103 4358//1105
f 1657//1107 4359//4716 1640//1102
f 2851//1109 4985//4715 1657//1107
f 119//1110 1645//1113 4361//1111
f 1646//1085 4353//1084 1645//1113
f 1660//1112 4360//4653 1643//1114
f 1647//1115 4362//1121 1662//1116
f 120//1117 1648//1088 4354//1093
f 120//1117 1662//1116 4361//1111
f 1649//1118 4363//1125 1664//1119
f 121//1120 1650//1091 4355//1097
f 121//1120 1664//1119 4362//1121
f 1651//1122 4364//5172 1666//1123
f 122//1124 1652//1095 4356//1099
f 122//1124 1666//1123 4363//1125
f 123//1126 1653//1129 4365//1127
f 1654//1101 4357//1100 1653//1129
f 1668//1128 4364//5172 1651//1122
f 124//1130 1655//1134 4366//1131
f 124//1130 1670//1132 4365//1127
f 2616//1133 4358//1105 1655//1134
f 125//1135 1671//1137 4366//1131
f 3856//1136 4367//4718 1671//1137
f 1659//1138 4369//1146 1674//1139
f 126//1140 1660//1112 4361//1111
f 126//1140 1674//1139 4368//1141
f 1661//1143 4370//1150 1676//1144
f 127//1145 1662//1116 4362//1121
f 127//1145 1676//1144 4369//1146
f 1663//1147 4371//1155 1678//1148
f 128//1149 1664//1119 4363//1125
f 128//1149 1678//1148 4370//1150
f 129//1151 1665//1154 4372//1152
f 1666//1123 4364//5172 1665//1154
f 129//1151 1680//1153 4371//1155
f 130//1156 1667//1159 4373//1157
f 1668//1128 4365//1127 1667//1159
f 1682//1158 4372//1152 1665//1154
f 131//1160 1669//1163 4374//1161
f 1670//1132 4366//1131 1669//1163
f 1684//1162 4373//1157 1667//1159
f 1686//1164 4374//1161 1669//1163
f 132//1165 3858//4726 4375//1166
f 133//1167 1672//1171 4376//1168
f 3822//1170 4368//1141 1672//1171
f 1673//1172 4377//1178 1690//1173
f 134//1174 1674//1139 4369//1146
f 134//1174 1690//1173 4376//1168
f 1675//1175 4378//1182 1692//1176
f 135//1177 1676//1144 4370//1150
f 135//1177 1692//1176 4377//1178
f 1677//1179 4379//1187 1694//1180
f 136//1181 1678//1148 4371//1155
f 136//1181 1694//1180 4378//1182
f 137//1183 1679//1186 4380//1184
f 1680//1153 4372//1152 1679//1186
f 137//1183 1696//1185 4379//1187
f 138//1188 1681//1191 4381//1189
f 1682//1158 4373//1157 1681//1191
f 1698//1190 4380//1184 1679//1186
f 139//1192 1683//1195 4382//1193
f 1684//1162 4374//1161 1683//1195
f 1700//1194 4381//1189 1681//1191
f 140//1196 1685//1199 4383//1197
f 1686//1164 4375//1166 1685//1199
f 1702//1198 4382//1193 1683//1195
f 141//1200 1703//1202 4383//1197
f 141//1200 2893//1204 5009//1201
f 3857//1203 5001//3248 2893//1204
f 142//1205 1687//1208 4384//1206
f 1688//1169 4376//1168 1687//1208
f 143//1209 1689//1212 4385//1210
f 1690//1173 4377//1178 1689//1212
f 1707//1211 4384//1206 1687//1208
f 144//1213 1691//1216 4386//1214
f 1692//1176 4378//1182 1691//1216
f 1709//1215 4385//1210 1689//1212
f 145//1217 1693//1220 4387//1218
f 145//1217 1694//1180 4379//1187
f 1711//1219 4386//1214 1691//1216
f 1695//1221 4388//1227 1713//1222
f 146//1223 1696//1185 4380//1184
f 146//1223 1713//1222 4387//1218
f 1697//1224 4389//1231 1715//1225
f 147//1226 1698//1190 4381//1189
f 147//1226 1715//1225 4388//1227
f 1699//1228 4390//1235 1717//1229
f 148//1230 1700//1194 4382//1193
f 148//1230 1717//1229 4389//1231
f 1701//1232 4391//1237 1719//1233
f 149//1234 1702//1198 4383//1197
f 149//1234 1719//1233 4390//1235
f 150//1236 1720//1239 4391//1237
f 150//1236 2908//3288 5017//1238
f 151//1240 1704//1243 4392//1241
f 1705//1207 4384//1206 1704//1243
f 152//1244 1706//1247 4393//1245
f 1707//1211 4385//1210 1706//1247
f 1724//1246 4392//1241 1704//1243
f 153//1248 1708//1251 4394//1249
f 1709//1215 4386//1214 1708//1251
f 1726//1250 4393//1245 1706//1247
f 154//1252 1710//1255 4395//1253
f 1711//1219 4387//1218 1710//1255
f 1728//1254 4394//1249 1708//1251
f 1712//1256 4396//1262 1730//1257
f 155//1258 1713//1222 4388//1227
f 1730//1257 4395//1253 1710//1255
f 1714//1259 4397//1266 1732//1260
f 156//1261 1715//1225 4389//1231
f 156//1261 1732//1260 4396//1262
f 1716//1263 4398//1270 1734//1264
f 157//1265 1717//1229 4390//1235
f 157//1265 1734//1264 4397//1266
f 1718//1267 4399//1272 1736//1268
f 158//1269 1719//1233 4391//1237
f 158//1269 1736//1268 4398//1270
f 159//1271 1737//1274 4399//1272
f 159//1271 2923//3309 5025//1273
f 160//1275 1721//1279 4408//1276
f 1746//1278 4400//1345 1721//1279
f 161//1280 1723//1284 4409//1281
f 1745//1283 4401//1342 1723//1284
f 1758//1282 4408//1276 1721//1279
f 162//1285 1725//1289 4410//1286
f 1744//1288 4402//1339 1725//1289
f 1760//1287 4409//1281 1723//1284
f 163//1290 1727//1294 4411//1291
f 1743//1293 4403//1336 1727//1294
f 1762//1292 4410//1286 1725//1289
f 1729//1295 4412//1303 1764//1296
f 164//1297 1742//1333 4404//1298
f 1764//1296 4411//1291 1727//1294
f 1731//1299 4413//1308 1766//1300
f 165//1301 1741//1331 4405//1302
f 165//1301 1766//1300 4412//1303
f 1733//1304 4414//1313 1768//1305
f 166//1306 1740//1328 4406//1307
f 166//1306 1768//1305 4413//1308
f 1735//1309 4415//1315 1770//1310
f 167//1311 1739//1325 4407//1312
f 167//1311 1770//1310 4414//1313
f 168//1314 1771//1317 4415//1315
f 168//1314 2938//3330 5041//1316
f 1737//1274 5025//1273 2954//1318
f 1754//1320 4399//1272 1737//1274
f 169//1319 2954//1318 5033//1321
f 170//1323 1736//1268 4399//1272
f 1753//1324 4398//1270 1736//1268
f 1754//1320 4407//1312 1739//1325
f 171//1326 1734//1264 4398//1270
f 1752//1327 4397//1266 1734//1264
f 1753//1324 4406//1307 1740//1328
f 172//1329 1732//1260 4397//1266
f 1751//1330 4396//1262 1732//1260
f 1752//1327 4405//1302 1741//1331
f 173//1332 1730//1257 4396//1262
f 173//1332 1750//1334 4395//1253
f 1751//1330 4404//1298 1742//1333
f 1728//1254 4395//1253 1750//1334
f 174//1335 1749//1337 4394//1249
f 174//1335 1750//1334 4403//1336
f 1726//1250 4394//1249 1749//1337
f 175//1338 1748//1340 4393//1245
f 175//1338 1749//1337 4402//1339
f 1724//1246 4393//1245 1748//1340
f 176//1341 1747//1343 4392//1241
f 176//1341 1748//1340 4401//1342
f 1722//1242 4392//1241 1747//1343
f 177//1344 1747//1343 4400//1345
f 2947//1346 5018//5175 1722//1242
f 178//1347 1755//1350 4425//1348
f 1756//1277 4408//1276 1755//1350
f 179//1351 1757//1354 4426//1352
f 1758//1282 4409//1281 1757//1354
f 1793//1353 4425//1348 1755//1350
f 180//1355 1759//1358 4427//1356
f 1760//1287 4410//1286 1759//1358
f 1795//1357 4426//1352 1757//1354
f 181//1359 1761//1362 4428//1360
f 1762//1292 4411//1291 1761//1362
f 1797//1361 4427//1356 1759//1358
f 1763//1363 4418//1371 1774//1364
f 182//1365 1764//1296 4412//1303
f 1798//1366 4428//1360 1761//1362
f 182//1365 1975//1758 4508//1367
f 1765//1368 4419//1375 1776//1369
f 183//1370 1766//1300 4413//1308
f 183//1370 1776//1369 4418//1371
f 1767//1372 4420//1379 1778//1373
f 184//1374 1768//1305 4414//1313
f 184//1374 1778//1373 4419//1375
f 1769//1376 4421//1381 1780//1377
f 185//1378 1770//1310 4415//1315
f 185//1378 1780//1377 4420//1379
f 186//1380 1781//1383 4421//1381
f 186//1380 2968//3368 5047//1382
f 1773//1384 4416//1390 1772//1385
f 187//1386 1774//1364 4418//1371
f 1775//1387 4423//1394 1784//1388
f 188//1389 1776//1369 4419//1375
f 188//1389 1987//1783 4416//1390
f 1777//1391 4513//1399 1786//1392
f 189//1393 1778//1373 4420//1379
f 189//1393 1786//1392 4423//1394
f 190//1395 1779//1398 4424//1396
f 190//1395 1780//1377 4421//1381
f 190//1395 1787//1397 4513//1399
f 191//1400 1788//1402 4424//1396
f 191//1400 2977//3381 5050//1401
f 1783//1403 4514//1407 1782//1404
f 192//1405 1784//1388 4423//1394
f 193//1406 1989//1794 4514//1407
f 1788//1402 5050//1401 2984//1408
f 1993//1410 4515//5180 1785//1411
f 2982//1412 5141//3388 1993//1410
f 1988//1413 4512//5181 1789//1414
f 196//1416 1790//1419 4430//1417
f 1791//1349 4425//1348 1790//1419
f 197//1420 1792//1423 4431//1421
f 1793//1353 4426//1352 1792//1423
f 1803//1422 4430//1417 1790//1419
f 198//1424 1794//1427 4432//1425
f 1795//1357 4427//1356 1794//1427
f 1805//1426 4431//1421 1792//1423
f 1797//1361 4428//1360 1796//1428
f 1799//1430 4432//1425 1794//1427
f 199//1429 1977//1769 4509//1431
f 1976//1432 4429//1765 1796//1428
f 1978//1434 4507//1446 1804//1435
f 202//1437 1800//1440 4433//1438
f 1801//1418 4430//1417 1800//1440
f 203//1441 1802//1444 4434//1442
f 1803//1422 4431//1421 1802//1444
f 1811//1443 4433//1438 1800//1440
f 204//1445 1804//1435 4507//1446
f 1805//1426 4432//1425 1804//1435
f 1807//1448 4434//1442 1802//1444
f 1812//1449 4436//1458 1810//1450
f 205//1451 1979//1780 4511//1452
f 206//1453 1808//1456 4435//1454
f 1809//1439 4433//1438 1808//1456
f 207//1457 1810//1450 4436//1458
f 1811//1443 4434//1442 1810//1450
f 1816//1459 4435//1454 1808//1456
f 1973//1460 4506//1755 1815//1461
f 1814//1455 4435//1454 1813//1463
f 1974//1465 5132//1756 3006//1466
f 1815//1461 4506//1755 1813//1463
f 1816//1459 4436//1458 1815//1461
f 1821//1468 4245//1471 1817//663
f 212//1470 1421//1473 4245//1471
f 212//1470 3012//3421 4873//1472
f 1566//948 4320//947 1825//1474
f 1823//1476 4312//5167 1566//948
f 213//1475 1825//1474 4438//1477
f 1581//987 4328//986 1824//1479
f 214//1480 1824//1479 4440//1481
f 214//1480 1825//1474 4320//947
f 1597//1020 4336//1019 1822//1483
f 215//1484 1824//1479 4328//986
f 1864//1485 4440//1481 1824//1479
f 216//1486 1822//1483 4336//1019
f 3013//1487 5065//1587 1829//1488
f 1837//1489 4450//5190 1844//1490
f 217//1491 1844//1490 4503//1492
f 217//1491 1859//1558 4446//1494
f 1834//1495 4448//5189 1831//1496
f 218//1497 1860//1567 4443//1498
f 219//1499 1835//1503 4449//1500
f 1861//1502 4444//1505 1835//1503
f 220//1504 1835//1503 4444//1505
f 220//1504 1836//1510 4437//1507
f 1842//1508 4449//1500 1835//1503
f 1972//1509 4437//1507 1836//1510
f 3025//1512 5063//3447 1972//1509
f 1838//1493 4503//1492 1965//1513
f 222//1514 1867//1592 4447//1515
f 1841//1516 4454//5192 1839//1517
f 224//1519 1843//1523 4451//1520
f 1849//1522 4451//1520 1843//1523
f 225//1524 1969//1751 4504//1525
f 1846//1526 4453//5191 1851//1527
f 226//1528 1851//1527 4452//1529
f 1854//1531 4455//5193 1847//1532
f 228//1534 1850//1538 4458//1535
f 1857//1537 4458//1535 1850//1538
f 229//1539 1968//1747 4505//1540
f 1853//1541 4457//1555 1856//1542
f 230//1543 1856//1542 4456//1544
f 231//1546 1855//1553 5081//1547
f 2064//1549 4457//1555 1847//1532
f 1858//1550 5084//1971 3037//1551
f 3037//1551 5081//1547 1855//1553
f 233//1554 1856//1542 4457//1555
f 1967//1556 4456//1544 1856//1542
f 1875//1557 4446//1494 1859//1558
f 235//1560 1826//1565 4441//1561
f 1871//1562 4460//5187 1827//1563
f 1872//1564 4442//1595 1826//1565
f 1876//1566 4443//1498 1860//1567
f 1818//1478 4438//1477 1870//1569
f 237//1570 1870//1569 4459//1571
f 1871//1562 4441//1561 1818//1478
f 238//1573 1874//1578 4444//1505
f 1819//1482 4440//1481 1878//1574
f 239//1575 1870//1569 4438//1477
f 239//1575 1878//1574 4463//1576
f 1833//1506 4444//1505 1874//1578
f 240//1579 1874//1578 4463//1576
f 240//1579 1877//5194 4445//1581
f 241//1582 1878//1574 4440//1481
f 3060//1583 5071//5196 1865//1584
f 243//1586 1829//1488 5065//1587
f 243//1586 1873//5195 4439//1589
f 3056//1588 5088//5197 1866//1590
f 1869//1591 4447//1515 1867//1592
f 245//1594 1830//1598 4442//1595
f 1872//1564 4461//5188 1868//1596
f 245//1594 3055//5199 5068//1597
f 246//1599 1446//652 4248//655
f 1883//1600 4464//5815 1879//701
f 247//1601 1448//648 4250//1602
f 247//1601 1889//1628 4249//650
f 248//1603 1576//5168 4317//1604
f 1884//1605 4466//968 1881//1606
f 249//1607 1579//1610 4319//1608
f 249//1607 1891//1636 4318//1609
f 1430//651 4249//650 1901//1611
f 250//1612 1898//1623 4240//1613
f 250//1612 1901//1611 4476//1614
f 1893//1616 4248//655 1886//1617
f 251//1618 1906//1648 4475//1619
f 1900//1620 4239//5203 1887//683
f 252//1621 1907//1652 4478//1622
f 1439//678 4240//1613 1898//1623
f 253//1624 1896//1641 4317//1604
f 253//1624 1898//1623 4479//1625
f 254//1627 1901//1611 4249//650
f 1909//1629 4476//1614 1901//1611
f 255//1630 1895//5205 4465//1631
f 256//1633 1883//1600 4248//655
f 1894//1634 4464//5815 1883//1600
f 1899//1635 4318//1609 1891//1636
f 257//1637 1911//1664 4482//1638
f 1897//1639 4467//5169 1892//973
f 1884//1605 4317//1604 1896//1641
f 1902//1643 4466//968 1884//1605
f 260//1644 1917//1660 4486//1645
f 1916//1647 4475//1619 1906//1648
f 261//1649 1926//1682 4491//1650
f 1919//1651 4478//1622 1907//1652
f 262//1653 1927//1686 4492//1654
f 263//1655 1920//5204 4483//1656
f 264//1658 1917//1660 4476//1614
f 1929//1659 4486//1645 1917//1660
f 1916//1647 4491//1650 1910//1661
f 1924//1663 4482//1638 1911//1664
f 266//1665 1931//1698 4489//1666
f 267//1667 1918//5213 4490//1668
f 268//1670 1915//5217 4485//1671
f 1934//1672 4484//5223 1914//1673
f 1923//1674 4488//5215 1938//1675
f 1938//1675 4487//5220 1922//1677
f 270//1678 1937//1694 4502//1679
f 1943//1681 4491//1650 1926//1682
f 271//1683 1946//1718 4501//1684
f 1944//1685 4492//1654 1927//1686
f 272//1687 1947//1723 4496//1688
f 273//1689 1933//5214 4494//1690
f 274//1692 1937//1694 4486//1645
f 1949//1693 4502//1679 1937//1694
f 1943//1681 4501//1684 1930//1695
f 1941//1697 4489//1666 1931//1698
f 276//1699 1951//1733 4493//1700
f 277//1701 1942//5218 4495//1702
f 1936//1704 4498//5224 1957//1705
f 1957//1705 4497//5225 1935//1707
f 1940//1708 4500//5222 1960//1709
f 1960//1709 4499//5226 1939//1711
f 280//1712 1964//1726 4468//1713
f 281//1715 1945//1714 4468//1713
f 1956//1717 4471//1720 1945//1714
f 1963//1716 4501//1684 1946//1718
f 282//1719 1948//1722 4471//1720
f 282//1719 1953//1731 4470//1721
f 1956//1717 4496//1688 1947//1723
f 283//1724 1954//5221 4471//1720
f 1950//1725 4468//1713 1964//1726
f 284//1727 1961//1741 4469//1728
f 284//1727 1964//1726 4502//1679
f 1963//1716 4468//1713 1950//1725
f 1952//1730 4470//1721 1953//1731
f 286//1732 1953//1731 4493//1700
f 286//1732 1958//1738 4472//1734
f 1955//1735 4470//1721 1952//1730
f 1959//1737 4472//1734 1958//1738
f 1962//1740 4469//1728 1961//1741
f 290//1743 1852//1545 4456//1544
f 290//1743 1966//1744 4452//1529
f 1845//1530 4452//1529 1966//1744
f 291//1745 1965//1513 4503//1492
f 292//1746 1971//1749 4505//1540
f 292//1746 3148//3469 5131//1748
f 293//1750 1970//1753 4504//1525
f 293//1750 3149//3458 5130//1752
f 294//1754 1974//1465 4506//1755
f 294//1754 3150//3416 5132//1756
f 295//1757 1982//1760 4508//1367
f 295//1757 3151//3360 5134//1759
f 296//1761 1772//1385 4416//1390
f 1981//1763 4417//5178 1772//1385
f 297//1764 1983//1767 4429//1765
f 297//1764 3152//3398 5055//1766
f 1984//1768 4509//1431 1977//1769
f 3153//1771 5135//3396 1984//1768
f 299//1772 1980//1774 4507//1446
f 299//1772 3154//3402 5133//1773
f 1980//1774 5133//1773 3000//1775
f 300//1776 3000//1775 5136//1777
f 301//1779 1986//1782 4511//1452
f 301//1779 3155//3411 5137//1781
f 1994//1762 4416//1390 1987//1783
f 3156//1785 5042//3374 1994//1762
f 303//1786 1990//1793 5140//1787
f 1991//1789 4422//5179 1782//1404
f 1992//1790 4512//5181 1988//1413
f 3157//1792 5138//3386 1992//1790
f 1990//1793 4514//1407 1989//1794
f 3158//1796 5140//1787 1990//1793
f 306//1797 1996//1802 4546//1798
f 2007//1799 4527//1880 1999//1800
f 3960//1801 4516//837 1996//1802
f 1997//1803 4544//5165 2003//1804
f 307//1805 2003//1804 4523//1806
f 307//1805 2006//1820 4517//1808
f 308//1809 1998//864 4547//1810
f 2002//1812 4518//1815 1998//864
f 2005//1811 4525//4870 2001//1813
f 309//1814 2041//5239 4518//1815
f 2044//1816 4519//4831 2004//1817
f 2043//1819 4517//1808 2006//1820
f 2008//1822 4528//1831 2018//1823
f 312//1824 2018//1823 4535//1825
f 312//1824 3965//4863 4520//1827
f 2009//1828 4529//1834 2020//1829
f 313//1830 2020//1829 4528//1831
f 313//1830 2034//1886 4543//1832
f 314//1833 2022//1836 4529//1834
f 3962//1835 4530//1857 2022//1836
f 2025//1837 4531//1860 2011//1838
f 3964//1840 4532//1863 2025//1837
f 316//1841 2014//1846 4534//1842
f 2028//1843 4533//1866 2013//1844
f 2031//1845 4524//4892 2014//1846
f 317//1847 2016//1826 4535//1825
f 2030//1848 4534//1842 2014//1846
f 3971//1849 4537//5819 2016//1826
f 2017//1850 4285//5820 2029//1851
f 318//1852 2018//1823 4528//1831
f 2019//1853 4285//5820 2017//1850
f 319//1854 2020//1829 4529//1834
f 2021//1855 4285//5820 2019//1853
f 320//1856 2022//1836 4530//1857
f 2023//1858 4285//5820 2021//1855
f 321//1859 3961//4848 4531//1860
f 2024//1861 4285//5820 2023//1858
f 322//1862 2025//1837 4532//1863
f 2026//1864 4285//5820 2024//1861
f 323//1865 3963//4856 4533//1866
f 2027//1867 4285//5820 2026//1864
f 324//1868 2028//1843 4534//1842
f 2029//1851 4285//5820 2027//1867
f 325//1869 2030//1848 4535//1825
f 3966//1870 4525//4870 2015//1871
f 3972//1873 4524//4892 2031//1845
f 327//1874 3967//4875 4522//1875
f 3968//1877 4523//1806 2012//1878
f 328//1879 2036//1884 4527//1880
f 328//1879 3969//4883 4526//1882
f 1999//1800 4527//1880 2036//1884
f 2036//1884 4543//1832 2034//1886
f 330//1887 1506//838 4516//837
f 330//1887 2042//1888 4545//833
f 1521//868 4293//5119 2038//862
f 1522//830 4519//4831 2044//1816
f 332//1891 2044//1816 4547//1810
f 333//1892 1524//835 4286//1893
f 2054//1894 4267//1904 1487//798
f 2061//1896 4550//1961 2055//1897
f 2082//1899 4558//2009 2061//1896
f 334//1898 2107//1902 4568//1900
f 334//1898 3973//4900 4569//1901
f 335//1903 1488//760 4267//1904
f 335//1903 2053//5240 4266//1905
f 2055//1897 4550//1961 2059//1906
f 2306//1908 4274//2282 2045//793
f 337//1910 2077//4896 4283//828
f 337//1911 2078//1937 4565//1912
f 2099//1913 4564//2513 2077//1914
f 2297//1915 4548//824 2047//1916
f 338//1918 2328//5249 4668//1919
f 339//1921 2080//5244 4289//1922
f 2104//1923 4567//1941 2080//1924
f 3242//1925 5193//2538 2104//1923
f 1515//820 4281//1946 2050//1926
f 340//1928 2314//4909 4660//1929
f 3217//1931 4909//4048 1515//820
f 3998//1932 5283//5040 3217//1933
f 341//1934 2079//1943 4566//1935
f 2101//1936 4565//1912 2078//1937
f 342//1938 2079//5163 4290//1939
f 342//1940 2080//1924 4567//1941
f 2103//1942 4566//1935 2079//1943
f 1517//822 4548//824 2051//1944
f 343//1945 2290//2249 4281//1946
f 343//1947 2320//5247 4664//1948
f 2063//1950 5177//3794 3223//1951
f 344//1952 3223//1951 5181//1953
f 345//1955 2057//1959 4551//1956
f 2058//1958 4551//1956 2057//1959
f 346//1960 2059//1906 4550//1961
f 2060//1962 4551//1956 2058//1958
f 2061//1896 4558//2009 2083//1964
f 2062//1965 4551//1956 2060//1962
f 2063//1950 4551//1956 2062//1965
f 3229//1968 5177//3794 2063//1950
f 1971//1749 5131//1748 3045//1969
f 350//1970 3045//1969 5084//1971
f 2066//1930 4660//1929 2318//1972
f 2292//1974 4559//1979 2085//1975
f 3999//1976 5286//5045 2066//1930
f 2068//1949 4664//1948 2326//1977
f 352//1978 2087//1982 4559//1979
f 2300//1981 4560//2016 2087//1982
f 2070//1920 4668//1919 2334//1983
f 2089//1985 4560//2016 2067//1986
f 2309//1987 4561//2019 2089//1985
f 2071//1988 4562//2022 2091//1989
f 2072//1991 4553//5253 2071//1988
f 2091//1989 4561//2019 2069//1992
f 2073//1993 4554//2003 2123//1994
f 2092//1996 4562//2022 2071//1988
f 355//1995 2123//1994 4575//1997
f 356//1998 2074//2002 4563//1999
f 2075//2001 4555//5252 2074//2002
f 356//1998 2123//1994 4554//2003
f 357//2004 2096//2006 4563//1999
f 357//2004 3238//3826 5189//2005
f 2082//1899 4568//1900 2105//2007
f 358//2008 2083//1964 4558//2009
f 2125//2010 4557//5254 2083//1964
f 2084//2011 4552//2021 2120//2012
f 2085//1975 4559//1979 2084//2011
f 2086//2014 4552//2021 2084//2011
f 360//2015 2087//1982 4560//2016
f 2088//2017 4552//2021 2086//2014
f 361//2018 2089//1985 4561//2019
f 362//2020 2090//2023 4552//2021
f 362//2020 2091//1989 4562//2022
f 2093//2024 4552//2021 2090//2023
f 2094//2026 4552//2021 2093//2024
f 364//2027 2095//2000 4563//1999
f 365//2028 2120//2012 4552//2021
f 365//2028 3256//3840 5178//2029
f 2097//2030 4570//2069 2109//2031
f 2109//2031 4574//5261 2106//2033
f 366//2032 2441//2504 4745//2034
f 2111//2035 4570//2069 2097//2030
f 367//2036 2443//2517 4781//2037
f 367//2036 2467//2581 4571//2039
f 2100//2040 4572//2074 2113//2041
f 2113//2041 4571//2039 2098//2043
f 2445//2044 4756//2527 2494//2045
f 2115//2046 4572//2074 2100//2040
f 2447//2048 4770//2536 2520//2049
f 369//2047 2462//2556 4573//2050
f 2116//2051 4573//2050 2102//2052
f 3263//2054 5199//3860 2116//2051
f 370//2053 3655//5323 5385//2055
f 2081//2056 4557//5254 2125//2010
f 371//2057 2125//2010 4577//2058
f 2126//2060 4556//2081 2081//2056
f 2124//2059 4577//2058 2105//2007
f 372//2061 2449//2552 4795//2062
f 2476//2064 4574//5261 2119//2065
f 2108//2066 4578//5821 2118//2067
f 373//2068 2109//2031 4570//2069
f 2110//2070 4578//5821 2108//2066
f 2111//2035 4571//2039 2110//2070
f 2112//2072 4578//5821 2110//2070
f 375//2073 2113//2041 4572//2074
f 2114//2075 4578//5821 2112//2072
f 376//2076 2115//2046 4573//2050
f 2121//2077 4578//5821 2114//2075
f 3274//2079 5204//5822 2121//2077
f 378//2080 2117//2083 4556//2081
f 2126//2060 4578//5821 2121//2077
f 378//2080 3282//3868 5182//2082
f 2118//2067 4578//5821 2122//2084
f 2119//2065 4574//5261 2118//2067
f 2139//2086 4581//2182 2127//2087
f 380//2088 2149//2091 4580//2089
f 2181//2090 4607//2162 2149//2091
f 2140//2092 4583//2156 2128//2093
f 381//2094 2150//2097 4582//2095
f 2182//2096 4605//2166 2150//2097
f 382//2098 2141//2102 4584//2099
f 2151//2101 4596//2179 2141//2102
f 383//2103 2142//2107 4585//2104
f 2152//2106 4604//2184 2142//2107
f 384//2108 2215//5264 4597//2109
f 2154//2111 4615//2226 2217//2112
f 385//2113 2217//2112 4619//2114
f 2143//2116 4586//5823 2133//2117
f 386//2118 2147//2121 4262//2119
f 2183//2120 4579//2191 2147//2121
f 2144//2122 4588//5824 2134//2123
f 387//2124 2155//2127 4587//2125
f 2178//2126 4601//2195 2155//2127
f 388//2128 2145//2132 4590//2129
f 2148//2131 4612//2139 2145//2132
f 389//2133 2146//2137 4591//2134
f 2157//2136 4600//2209 2146//2137
f 390//2138 2145//2132 4612//2139
f 2220//2141 4620//5278 2137//2142
f 2214//2143 4614//2234 2138//2144
f 392//2146 1890//1632 4465//1631
f 2194//702 4464//5815 1890//1632
f 2196//2147 4626//703 2194//702
f 2174//2148 4262//2119 2147//2121
f 2128//2093 4583//2156 2161//2150
f 394//2151 2189//5269 4592//2152
f 395//2153 2202//5825 4612//2139
f 2130//2105 4585//2104 2163//2154
f 396//2155 2161//2150 4583//2156
f 2132//2115 4619//2114 2204//2157
f 397//2158 2163//2154 4585//2104
f 2191//2159 4624//2236 2228//2160
f 398//2161 2196//2147 4607//2162
f 2228//2160 4626//703 2196//2147
f 2187//2163 4606//734 2226//2164
f 399//2165 2191//2159 4605//2166
f 2226//2164 4624//2236 2191//2159
f 1462//705 4256//713 2170//2167
f 2172//2169 4580//2089 2149//2091
f 2127//2087 4581//2182 2171//2171
f 402//2172 2192//5268 4593//2173
f 2175//2174 4582//2095 2150//2097
f 1463//711 4257//710 2162//2176
f 404//2177 2170//2167 4256//713
f 405//2178 2200//5826 4596//2179
f 2129//2100 4584//2099 2164//2180
f 406//2181 2171//2171 4581//2182
f 407//2183 2203//5827 4604//2184
f 408//2185 2162//2176 4257//710
f 2219//2186 4617//5277 2153//2187
f 2131//2110 4597//2109 2213//2188
f 409//2189 2164//2180 4584//2099
f 2213//2188 4615//2226 2154//2111
f 410//2190 1475//738 4579//2191
f 2184//2192 4261//2241 2227//2193
f 411//2194 2184//2192 4601//2195
f 2225//2196 4261//2241 2184//2192
f 2133//2117 4586//5823 2165//2197
f 412//2198 2185//5270 4595//2199
f 2169//2200 4587//2125 2155//2127
f 2134//2123 4588//5824 2173//2202
f 2167//2204 4589//5155 2156//765
f 2135//2130 4590//2129 2166//2206
f 2165//2197 4586//5823 2135//2130
f 417//2208 2201//5828 4600//2209
f 2136//2135 4591//2134 2176//2210
f 2173//2202 4588//5824 2136//2135
f 419//2212 2199//5829 4594//2213
f 420//2214 2166//2206 4590//2129
f 2218//2215 4616//5279 2159//2216
f 2138//2144 4614//2234 2216//2217
f 421//2218 2176//2210 4591//2134
f 2216//2217 4618//5156 2160//775
f 1466//718 4258//5813 2205//2219
f 2205//2219 4258//5813 2206//2221
f 2206//2221 4258//5813 2207//2223
f 424//2224 2213//2188 4597//2109
f 2207//2223 4258//5813 2208//741
f 425//2225 2217//2112 4615//2226
f 1480//739 4263//5816 2209//2227
f 2209//2227 4263//5816 2210//2229
f 2210//2229 4263//5816 2211//2231
f 2211//2231 4263//5816 2212//779
f 429//2233 2216//2217 4614//2234
f 430//2235 2228//2160 4624//2236
f 431//2238 2226//2164 4606//734
f 432//2240 2227//2193 4261//2241
f 433//2243 2223//2242 4261//2241
f 433//2243 2225//2196 4623//758
f 464//2245 2050//1926 4281//1946
f 464//2246 2293//2259 4658//2247
f 465//2245 2289//2245 4281//1946
f 465//2250 2294//2256 4670//2251
f 2065//1980 4559//1979 2291//2253
f 2340//2255 4670//2251 2294//2256
f 2291//2253 4559//1979 2292//1974
f 2317//2258 4658//2247 2293//2259
f 468//2260 2051//1944 4548//824
f 468//2261 2301//2280 4662//2262
f 469//2260 2295//2260 4548//824
f 469//2264 2302//2277 4678//2265
f 470//2260 2296//2260 4548//824
f 470//2267 2303//2273 4682//2268
f 2067//1986 4560//2016 2298//2270
f 2364//2272 4682//2268 2303//2273
f 2298//2270 4560//2016 2299//2274
f 2356//2276 4678//2265 2302//2277
f 2299//2274 4560//2016 2300//1981
f 2324//2279 4662//2262 2301//2280
f 474//2281 2052//5242 4274//2282
f 474//2283 2310//2303 4666//2284
f 475//2286 2304//2281 4274//2282
f 475//2287 2311//2300 4690//2288
f 476//2286 2305//2281 4274//2282
f 476//2290 2312//2296 4694//2291
f 2069//1992 4561//2019 2307//2293
f 2388//2295 4694//2291 2312//2296
f 2307//2293 4561//2019 2308//2297
f 2380//2299 4690//2288 2311//2300
f 2308//2297 4561//2019 2309//1987
f 2332//2302 4666//2284 2310//2303
f 480//2304 2315//2307 4742//2305
f 2316//2248 4658//2247 2315//2307
f 480//2304 2439//2306 4741//2308
f 481//2310 2440//2312 4742//2305
f 481//2310 3976//4917 4743//2311
f 482//2313 2319//2317 4737//2314
f 482//2313 2320//5247 4661//2316
f 482//2313 2435//2315 4740//2318
f 483//2320 2321//2323 4738//2321
f 2322//2263 4662//2262 2321//2323
f 2436//2322 4737//2314 2319//2317
f 2323//2324 4739//2330 2437//2325
f 484//2326 2324//2279 4663//2327
f 484//2326 2437//2325 4738//2321
f 485//2328 2325//2319 4740//2318
f 2326//1977 4664//1948 2325//2319
f 485//2328 2438//2329 4739//2330
f 2327//2331 4733//5318 2431//2332
f 486//2333 2328//5249 4665//2334
f 486//2333 2431//2332 4736//2335
f 487//2337 2329//2340 4734//2338
f 2330//2285 4666//2284 2329//2340
f 2432//2339 4733//5318 2327//2331
f 2331//2341 4735//5319 2433//2342
f 488//2343 2332//2302 4667//2344
f 488//2343 2433//2342 4734//2338
f 489//2345 2333//2336 4736//2335
f 2334//1983 4668//1919 2333//2336
f 2434//2346 4735//5319 2331//2341
f 490//2347 2335//2351 4729//2348
f 490//2347 2336//5281 4669//2350
f 490//2347 2427//2349 4732//2352
f 491//2354 2337//2357 4730//2355
f 2338//2252 4670//2251 2337//2357
f 2428//2356 4729//2348 2335//2351
f 492//2358 2339//2362 4731//2359
f 492//2358 2340//2255 4671//2361
f 492//2358 2429//2360 4730//2355
f 493//2363 2341//2353 4732//2352
f 493//2363 2342//5285 4672//2365
f 493//2363 2430//2364 4731//2359
f 494//2366 2343//2370 4725//2367
f 2344//2369 4673//5255 2343//2370
f 494//2366 2423//2368 4728//2371
f 495//2373 2345//2377 4726//2374
f 495//2373 2346//5286 4674//2376
f 495//2373 2424//2375 4725//2367
f 496//2378 2347//2382 4727//2379
f 496//2378 2348//5283 4675//2381
f 496//2378 2425//2380 4726//2374
f 497//2383 2349//2372 4728//2371
f 2350//2385 4676//5256 2349//2372
f 2426//2384 4727//2379 2347//2382
f 2351//2386 4721//5316 2419//2387
f 498//2388 2352//5288 4677//2389
f 498//2388 2419//2387 4724//2390
f 499//2392 2353//2395 4722//2393
f 2354//2266 4678//2265 2353//2395
f 2420//2394 4721//5316 2351//2386
f 2355//2396 4723//5317 2421//2397
f 500//2398 2356//2276 4679//2399
f 500//2398 2421//2397 4722//2393
f 501//2400 2357//2391 4724//2390
f 2358//2402 4680//5299 2357//2391
f 2422//2401 4723//5317 2355//2396
f 2359//2403 4717//5314 2415//2404
f 502//2405 2360//5290 4681//2406
f 502//2405 2415//2404 4720//2407
f 503//2409 2361//2412 4718//2410
f 2362//2269 4682//2268 2361//2412
f 2416//2411 4717//5314 2359//2403
f 2363//2413 4719//5315 2417//2414
f 504//2415 2364//2272 4683//2416
f 504//2415 2417//2414 4718//2410
f 505//2417 2365//2408 4720//2407
f 2366//2419 4684//5300 2365//2408
f 2418//2418 4719//5315 2363//2413
f 2367//2420 4713//5312 2411//2421
f 506//2422 2368//5301 4685//2423
f 506//2422 2411//2421 4716//2424
f 507//2426 2369//2430 4714//2427
f 2370//2429 4686//5302 2369//2430
f 2412//2428 4713//5312 2367//2420
f 2371//2431 4715//5313 2413//2432
f 508//2433 2372//5292 4687//2434
f 508//2433 2413//2432 4714//2427
f 509//2435 2373//2425 4716//2424
f 2374//2437 4688//5258 2373//2425
f 2414//2436 4715//5313 2371//2431
f 2375//2438 4709//5310 2407//2439
f 510//2440 2376//5294 4689//2441
f 510//2440 2407//2439 4712//2442
f 511//2444 2377//2447 4710//2445
f 2378//2289 4690//2288 2377//2447
f 2408//2446 4709//5310 2375//2438
f 2379//2448 4711//5311 2409//2449
f 512//2450 2380//2299 4691//2451
f 512//2450 2409//2449 4710//2445
f 513//2452 2381//2443 4712//2442
f 2382//2454 4692//5303 2381//2443
f 2410//2453 4711//5311 2379//2448
f 2383//2455 4705//5308 2403//2456
f 514//2457 2384//5296 4693//2458
f 514//2457 2403//2456 4708//2459
f 515//2461 2385//2464 4706//2462
f 2386//2292 4694//2291 2385//2464
f 2404//2463 4705//5308 2383//2455
f 2387//2465 4707//5309 2405//2466
f 516//2467 2388//2295 4695//2468
f 516//2467 2405//2466 4706//2462
f 517//2469 2389//2460 4708//2459
f 2390//2471 4696//5304 2389//2460
f 2406//2470 4707//5309 2387//2465
f 2391//2472 4701//5306 2399//2473
f 518//2474 2392//5257 4697//2475
f 518//2474 2399//2473 4704//2476
f 519//2478 2393//2482 4702//2479
f 2394//2481 4698//5305 2393//2482
f 2400//2480 4701//5306 2391//2472
f 2395//2483 4703//5307 2401//2484
f 520//2485 2396//5298 4699//2486
f 520//2485 2401//2484 4702//2479
f 521//2487 2397//2477 4704//2476
f 2398//2489 4700//5259 2397//2477
f 2402//2488 4703//5307 2395//2483
f 2402//2488 4704//2476 2399//2473
f 2406//2470 4708//2459 2403//2456
f 2410//2453 4712//2442 2407//2439
f 2414//2436 4716//2424 2411//2421
f 2418//2418 4720//2407 2415//2404
f 2422//2401 4724//2390 2419//2387
f 2426//2384 4728//2371 2423//2368
f 2430//2364 4732//2352 2427//2349
f 2434//2346 4736//2335 2431//2332
f 2438//2329 4740//2318 2435//2315
f 3974//2500 4741//2308 2439//2306
f 3975//2502 4744//4913 3974//2500
f 2456//2503 4745//2034 2441//2504
f 533//2505 2508//2685 4763//2506
f 533//2505 3978//4924 4747//2508
f 2099//1913 4565//1912 2455//2509
f 534//2510 2455//2509 4748//2511
f 534//2510 3977//4921 4564//2513
f 535//2514 2470//2600 4782//2515
f 535//2514 2542//2516 4781//2037
f 2101//1936 4566//1935 2458//2518
f 536//2519 2455//2509 4565//1912
f 536//2519 2458//2518 4750//2520
f 2460//2522 4757//2660 2496//2523
f 537//2524 2490//2645 4753//2525
f 537//2524 2496//2523 4756//2527
f 2103//1942 4567//1941 2454//2528
f 538//2529 2454//2528 4749//2530
f 538//2529 2458//2518 4566//1935
f 539//2532 2464//2572 4771//2533
f 2498//2535 4757//2660 2460//2522
f 539//2532 2521//2534 4770//2536
f 540//2537 2104//1923 5193//2538
f 540//2537 2454//2528 4567//1941
f 3608//2539 5375//5651 2450//2540
f 541//2541 2502//2671 4760//2542
f 541//2541 3657//5677 5387//2544
f 542//2546 2107//1902 4569//1901
f 2453//2548 4568//1900 2107//1902
f 543//2549 2479//2627 4796//2550
f 2570//2551 4795//2062 2449//2552
f 2102//2052 4573//2050 2461//2553
f 4052//2555 4759//5260 2102//2052
f 2461//2553 4573//2050 2462//2556
f 545//2557 4144//2561 4767//2558
f 4213//2560 5602//5789 4144//2561
f 2459//2543 4760//2542 4193//2562
f 2518//2564 4768//2704 2463//2565
f 546//2563 4130//2568 4769//2566
f 4211//2567 5597//4930 4130//2568
f 2463//2565 4768//2704 2516//2569
f 4115//2571 4771//2533 2464//2572
f 2098//2043 4571//2039 2465//2573
f 548//2574 2471//2587 4752//2575
f 2465//2573 4571//2039 2466//2577
f 549//2578 2472//2592 4774//2579
f 2466//2577 4571//2039 2467//2581
f 550//2582 2473//2598 4778//2583
f 2457//2526 4753//2525 2488//2585
f 551//2586 2488//2585 4752//2575
f 551//2586 2530//2734 4775//2588
f 2468//2589 4775//2588 2528//2590
f 552//2591 2528//2590 4774//2579
f 2538//2593 4779//2596 2469//2594
f 553//2595 2469//2594 4779//2596
f 553//2595 2536//2597 4778//2583
f 2544//2599 4782//2515 2470//2600
f 2106//2033 4574//5261 2474//2601
f 554//2602 2480//2614 4762//2603
f 2474//2601 4574//5261 2475//2605
f 555//2606 2481//2619 4785//2607
f 2475//2605 4574//5261 2476//2064
f 556//2609 2482//2625 4789//2610
f 2452//2507 4763//2506 2506//2612
f 557//2613 2506//2612 4762//2603
f 2552//2615 4786//2775 2477//2616
f 2477//2616 4786//2775 2550//2617
f 558//2618 2550//2617 4785//2607
f 2560//2620 4790//2623 2478//2621
f 559//2622 2478//2621 4790//2623
f 559//2622 2558//2624 4789//2610
f 2564//2626 4796//2550 2479//2627
f 560//2628 2483//2632 4841//2629
f 560//2628 2484//5335 4751//2631
f 560//2628 2611//2630 4844//2633
f 561//2635 2485//2638 4842//2636
f 2486//2576 4752//2575 2485//2638
f 561//2635 2612//2637 4841//2629
f 562//2639 2487//2642 4843//2640
f 562//2639 2488//2585 4753//2525
f 562//2639 2613//2641 4842//2636
f 563//2643 2489//2634 4844//2633
f 2490//2645 4754//5321 2489//2634
f 563//2643 2614//2644 4843//2640
f 564//2646 2491//2650 4837//2647
f 564//2646 2492//5336 4755//2649
f 564//2646 2607//2648 4840//2651
f 565//2653 2493//2656 4838//2654
f 2494//2045 4756//2527 2493//2656
f 565//2653 2608//2655 4837//2647
f 566//2657 2495//2661 4839//2658
f 566//2657 2496//2523 4757//2660
f 566//2657 2609//2659 4838//2654
f 567//2662 2497//2652 4840//2651
f 2498//2535 4758//5830 2497//2652
f 567//2662 2610//2663 4839//2658
f 568//2664 2605//2668 4836//2665
f 568//2664 3980//4933 4833//2667
f 569//2669 2501//2666 4836//2665
f 2502//2671 4761//5322 2501//2666
f 569//2669 2606//2670 4835//2672
f 570//2674 2503//2677 4829//2675
f 2504//2604 4762//2603 2503//2677
f 2601//2676 4832//2826 2509//2678
f 2505//2679 4830//5347 2602//2680
f 571//2681 2506//2612 4763//2506
f 571//2681 2602//2680 4829//2675
f 572//2682 2507//2686 4831//2683
f 2508//2685 4764//5320 2507//2686
f 2603//2684 4830//5347 2505//2679
f 2509//2678 4832//2826 2604//2687
f 573//2688 2510//5338 4765//2689
f 573//2688 2604//2687 4831//2683
f 574//2690 2511//2694 4825//2691
f 574//2690 2512//5339 4766//2693
f 574//2690 2597//2692 4828//2695
f 575//2697 2513//2700 4826//2698
f 2514//2559 4767//2558 2513//2700
f 575//2697 2598//2699 4825//2691
f 576//2701 2515//2705 4827//2702
f 576//2701 2516//2569 4768//2704
f 576//2701 2599//2703 4826//2698
f 577//2706 2517//2696 4828//2695
f 2518//2564 4769//2566 2517//2696
f 577//2706 2600//2707 4827//2702
f 578//2708 2519//2711 4821//2709
f 2520//2049 4770//2536 2519//2711
f 578//2708 2595//2710 4824//2712
f 579//2714 2596//2716 4821//2709
f 3983//2715 4822//4943 2596//2716
f 580//2717 2523//2721 4817//2718
f 580//2717 2524//5340 4773//2720
f 580//2717 2591//2719 4820//2722
f 581//2724 2525//2727 4818//2725
f 2526//2580 4774//2579 2525//2727
f 581//2724 2592//2726 4817//2718
f 582//2728 2527//2731 4819//2729
f 582//2728 2528//2590 4775//2588
f 582//2728 2593//2730 4818//2725
f 583//2732 2529//2723 4820//2722
f 2530//2734 4776//5327 2529//2723
f 583//2732 2594//2733 4819//2729
f 2531//2735 4813//5345 2587//2736
f 584//2737 2532//5325 4777//2738
f 584//2737 2587//2736 4816//2739
f 585//2741 2533//2744 4814//2742
f 2534//2584 4778//2583 2533//2744
f 2588//2743 4813//5345 2531//2735
f 2535//2745 4815//5346 2589//2746
f 586//2747 2536//2597 4779//2596
f 586//2747 2589//2746 4814//2742
f 587//2748 2537//2740 4816//2739
f 2538//2593 4780//5328 2537//2740
f 2590//2749 4815//5346 2535//2745
f 588//2750 2539//2753 4809//2751
f 2540//2038 4781//2037 2539//2753
f 588//2750 2583//2752 4812//2754
f 589//2756 2541//2759 4810//2757
f 589//2756 2542//2516 4782//2515
f 589//2756 2584//2758 4809//2751
f 590//2760 2543//2763 4811//2761
f 2544//2599 4783//5329 2543//2763
f 2585//2762 4810//2757 2541//2759
f 2545//2755 4812//2754 2586//2764
f 591//2765 2546//5326 4784//2766
f 591//2765 2586//2764 4811//2761
f 592//2767 2547//2770 4805//2768
f 2548//2608 4785//2607 2547//2770
f 2579//2769 4808//2818 2553//2771
f 2549//2772 4806//5344 2580//2773
f 593//2774 2550//2617 4786//2775
f 593//2774 2580//2773 4805//2768
f 594//2776 2551//2779 4807//2777
f 2552//2615 4787//5332 2551//2779
f 2581//2778 4806//5344 2549//2772
f 2553//2771 4808//2818 2582//2780
f 595//2781 2554//5341 4788//2782
f 595//2781 2582//2780 4807//2777
f 596//2783 2555//2786 4801//2784
f 2556//2611 4789//2610 2555//2786
f 2575//2785 4804//2816 2561//2787
f 2557//2788 4802//5343 2576//2789
f 597//2790 2558//2624 4790//2623
f 597//2790 2576//2789 4801//2784
f 598//2791 2559//2794 4803//2792
f 2560//2620 4791//5333 2559//2794
f 2577//2793 4802//5343 2557//2788
f 2561//2787 4804//2816 2578//2795
f 599//2796 2562//5330 4792//2797
f 599//2796 2578//2795 4803//2792
f 600//2798 2563//2801 4797//2799
f 2564//2626 4793//5334 2563//2801
f 2571//2800 4800//2814 2569//2802
f 2565//2803 4798//5342 2572//2804
f 601//2805 2566//5331 4794//2806
f 601//2805 2572//2804 4797//2799
f 602//2807 2567//2810 4799//2808
f 2568//2063 4795//2062 2567//2810
f 2573//2809 4798//5342 2565//2803
f 2569//2802 4800//2814 2574//2811
f 603//2812 2570//2551 4796//2550
f 603//2812 2574//2811 4799//2808
f 604//2813 2574//2811 4800//2814
f 605//2815 2578//2795 4804//2816
f 606//2817 2582//2780 4808//2818
f 607//2819 2586//2764 4812//2754
f 2590//2749 4816//2739 2587//2736
f 2594//2733 4820//2722 2591//2719
f 3984//2822 4824//2712 2595//2710
f 2600//2707 4828//2695 2597//2692
f 612//2825 2604//2687 4832//2826
f 2606//2670 4836//2665 2605//2668
f 3981//2828 4835//2672 2606//2670
f 2610//2663 4840//2651 2607//2648
f 2614//2644 4844//2633 2611//2630
f 616//2831 1623//1075 4350//1074
f 2623//2833 4342//2835 1623//1075
f 617//2834 1624//1038 4342//2835
f 617//2834 2618//5348 4341//2836
f 618//2837 2621//2840 4349//2838
f 2627//2839 4848//2852 2621//2840
f 1639//1106 4358//1105 2622//2841
f 619//2842 2620//2832 4350//1074
f 619//2842 2628//2855 4851//2843
f 620//2844 2622//2841 4358//1105
f 2619//2845 4357//1100 2617//2846
f 2634//2848 4854//2857 2626//2849
f 623//2851 2630//2854 4848//2852
f 2639//2853 4855//2859 2630//2854
f 2634//2848 4851//2843 2628//2855
f 624//2856 2640//2876 4854//2857
f 625//2858 2630//2854 4855//2859
f 626//2861 2633//5358 4857//2862
f 626//2861 2644//2863 4856//2864
f 2637//2866 4859//5357 2647//2867
f 2647//2867 4858//5359 2636//2869
f 2642//2870 4863//2878 2638//2871
f 629//2873 2643//2875 4855//2859
f 2651//2874 4862//2880 2643//2875
f 2642//2870 4854//2857 2640//2876
f 630//2877 2652//2900 4863//2878
f 631//2879 2643//2875 4862//2880
f 2646//2882 4861//5362 2654//2883
f 2654//2883 4860//5363 2645//2885
f 2649//2886 4865//5360 2659//2887
f 2659//2887 4864//5361 2648//2889
f 2658//2890 4846//2897 2650//2891
f 2650//2891 4846//2897 2657//2893
f 635//2894 2657//2893 4862//2880
f 635//2894 2660//2906 4845//2895
f 636//2896 2653//2899 4846//2897
f 636//2896 2655//2903 4847//2898
f 2658//2890 4863//2878 2652//2900
f 637//2901 2657//2893 4846//2897
f 2656//2902 4847//2898 2655//2903
f 2661//2905 4845//2895 2660//2906
f 640//2908 2664//2933 4872//2909
f 640//2908 2682//5364 4874//631
f 641//2912 2666//2937 4871//2913
f 641//2912 2692//5365 4881//2915
f 642//2916 2668//2941 4870//2917
f 642//2916 2690//5366 4880//2919
f 643//2920 2670//2945 4869//2921
f 643//2920 2688//5367 4879//2923
f 2672//2924 4868//5368 2671//2925
f 2686//2927 4878//3508 2669//2922
f 645//2928 2674//2952 4866//658
f 645//2928 2684//3506 4876//2930
f 2675//2932 4872//2909 2664//2933
f 646//2934 2784//5407 4939//2935
f 2676//2936 4871//2913 2666//2937
f 647//2938 2786//5369 4940//2939
f 2677//2940 4870//2917 2668//2941
f 648//2942 2788//5370 4941//2943
f 649//2944 2678//2947 4869//2921
f 2790//2946 4942//5414 2678//2947
f 2679//2948 4868//5368 2672//2924
f 650//2949 2792//3510 4943//2950
f 651//2951 2680//686 4866//658
f 2795//2953 4945//3512 2680//686
f 652//2954 2694//5374 4882//2955
f 3350//2956 5090//5831 3062//2957
f 2698//2959 4884//5373 2685//2960
f 655//2962 2699//3964 4885//2963
f 656//2965 2700//3975 5247//2966
f 2702//2968 4886//5832 2691//2969
f 658//2971 2704//5376 4887//726
f 659//2973 2707//4044 5251//2974
f 2709//2976 5205//3934 3344//2977
f 3343//2979 5232//4040 2696//2975
f 2714//2980 4891//5833 2701//2981
f 661//2982 3364//4022 5245//2983
f 2716//2985 4892//749 2703//2986
f 2718//2988 4894//3012 2706//2989
f 2720//2991 4895//3755 2708//2992
f 664//2993 3324//3986 5249//2994
f 665//2995 2722//5378 4896//2996
f 666//2998 2724//5380 4897//2999
f 667//3001 2726//5381 4898//3002
f 668//3004 2728//5382 4899//3005
f 2730//3007 4900//5389 2715//786
f 2732//3009 4902//4095 3213//3010
f 670//3011 3213//3010 4894//3012
f 671//3013 2734//5386 4904//3014
f 2736//3016 4905//5834 2723//3017
f 673//3019 2738//5387 4906//3020
f 674//3022 2740//5388 4907//3023
f 2742//3025 4908//817 2729//3026
f 676//3028 2744//3786 5174//3029
f 3215//3030 4902//4095 2732//3009
f 2747//3031 4912//5394 2733//3032
f 677//3033 3996//5027 4911//3034
f 3206//3035 4905//5834 2736//3016
f 678//3036 3985//4954 5171//3037
f 2751//3038 4914//3745 2737//3039
f 3159//3041 5172//3662 2751//3038
f 2753//3042 4915//5390 2739//3043
f 2755//3045 4916//848 2741//3046
f 682//3048 2759//5392 4919//3049
f 2761//3051 5537//5122 2746//3052
f 3161//3054 5173//3668 3208//3055
f 4018//3057 5534//5129 3207//3058
f 685//3059 2763//5395 4920//3060
f 685//3059 3160//3664 5170//3062
f 2765//3064 4921//5396 2752//3065
f 2767//3067 4922//880 2754//3068
f 688//3070 2770//5398 4924//3071
f 689//3073 2772//5400 4925//3074
f 690//3076 2774//5401 5536//3077
f 2778//3079 4928//5402 2762//3080
f 691//3081 4016//5114 5535//3082
f 2780//3083 4929//5403 2764//3084
f 3886//3086 4930//914 2766//3087
f 694//3089 3887//4774 4932//3090
f 695//3092 3888//4776 4933//3093
f 696//3095 3889//4778 4934//3096
f 697//3098 3890//4780 4935//3099
f 3891//3101 4936//4782 2777//3102
f 3892//3104 4937//4784 2779//3105
f 2798//3107 4947//5408 2783//3108
f 2800//3110 4948//5409 2785//3111
f 2802//3113 4949//5410 2787//3114
f 2804//3116 4950//5411 2789//3117
f 2806//3119 4951//5412 2791//3120
f 2808//3122 4952//5415 2793//3123
f 706//3125 2810//5424 4953//981
f 2813//3127 4955//5418 2797//3128
f 2815//3130 4956//5419 2799//3131
f 2817//3133 4957//5420 2801//3134
f 2819//3136 4958//5421 2803//3137
f 2821//3139 4959//5422 2805//3140
f 2823//3142 4960//5423 2807//3143
f 2825//3145 4961//1014 2809//3146
f 2828//3148 4963//5425 2812//3149
f 2830//3151 4964//5426 2814//3152
f 2832//3154 4965//5427 2816//3155
f 2834//3157 4966//5428 2818//3158
f 2835//3160 4967//3183 2820//3161
f 2837//3163 4968//4570 2822//3164
f 720//3166 2839//5429 4969//1045
f 2842//3168 4971//5431 2827//3169
f 2844//3171 4972//5432 2829//3172
f 2846//3174 4973//5433 2831//3175
f 2848//3177 4974//5434 2833//3178
f 2849//3180 4975//3202 3774//3181
f 725//3182 3774//3181 4967//3183
f 2852//3184 4977//1078 2838//3185
f 727//3187 2854//5435 4979//3188
f 2856//3190 4980//5436 2843//3191
f 2858//3193 4981//5437 2845//3194
f 2860//3196 4982//5438 2847//3197
f 731//3199 2862//5442 4983//3200
f 731//3199 3776//3201 4975//3202
f 2865//3203 4985//4715 2851//1109
f 733//3205 2867//3209 4987//3206
f 3821//3208 4986//4660 2867//3209
f 2869//3210 4988//5439 2855//3211
f 2871//3213 4989//5440 2857//3214
f 2873//3216 4990//5448 2859//3217
f 737//3219 2875//5441 4991//3220
f 738//3222 2877//5449 4992//3223
f 2879//3225 4993//4711 2864//3226
f 2882//3228 4995//5443 2866//3229
f 740//3230 3823//4668 4994//3231
f 2884//3232 4996//5444 2868//3233
f 2886//3235 4997//5445 2870//3236
f 743//3238 2888//5455 4998//3239
f 744//3241 2890//5446 4999//3242
f 745//3244 2892//5447 5000//3245
f 746//3247 2894//5450 5001//3248
f 2897//3250 5003//5452 2881//3251
f 2899//3253 5004//5453 2883//3254
f 2901//3256 5005//5454 2885//3257
f 750//3259 2903//5464 5006//3260
f 751//3262 2905//5456 5007//3263
f 752//3265 2907//5457 5008//3266
f 753//3268 2909//5458 5009//1201
f 754//3269 2912//5460 5011//3270
f 755//3272 2914//5461 5012//3273
f 756//3275 2916//5462 5013//3276
f 2918//3278 5014//5463 2902//3279
f 2920//3281 5015//5465 2904//3282
f 2922//3284 5016//5466 2906//3285
f 2924//3287 5017//1238 2908//3288
f 761//3290 2927//3346 5019//3291
f 762//3293 2929//3343 5020//3294
f 763//3296 2931//3340 5021//3297
f 2933//3299 5022//3338 2917//3300
f 2935//3302 5023//3336 2919//3303
f 2937//3305 5024//3334 2921//3306
f 2939//3308 5025//1273 2923//3309
f 768//3311 2957//5469 5035//3312
f 769//3314 2959//5471 5036//3315
f 770//3317 2961//5473 5037//3318
f 2963//3320 5038//5476 2932//3321
f 2965//3323 5039//5478 2934//3324
f 2967//3326 5040//5481 2936//3327
f 2969//3329 5041//1316 2938//3330
f 775//3332 2954//1318 5025//1273
f 776//3333 2953//5483 5024//3334
f 777//3335 2952//5482 5023//3336
f 778//3337 2951//5479 5022//3338
f 2950//3339 5021//3297 2931//3340
f 2949//3342 5020//3294 2929//3343
f 2948//3345 5019//3291 2927//3346
f 782//3348 2988//5492 5052//3349
f 783//3351 2990//5493 5053//3352
f 784//3354 2992//5494 5054//3355
f 2972//3357 5044//5495 2962//3358
f 785//3359 2993//3400 5134//1759
f 2974//3361 5045//5496 2964//3362
f 2976//3364 5046//5497 2966//3365
f 2978//3367 5047//1382 2968//3368
f 2970//3370 5042//3374 2971//3371
f 790//3373 2971//3371 5042//3374
f 2981//3375 5049//5498 2973//3376
f 2983//3377 5139//5499 2975//3378
f 792//3380 2984//1408 5050//1401
f 2979//1788 5140//1787 2980//3382
f 794//3384 2980//3382 5140//1787
f 2985//3385 5139//5499 2983//3377
f 794//3384 3158//1796 5138//3386
f 2985//3385 5138//3386 3157//1792
f 795//3387 3157//1792 5141//3388
f 796//3389 2997//5501 5057//3390
f 797//3392 2999//5502 5058//3393
f 798//3395 2994//3404 5135//3396
f 798//3395 3153//1771 5055//1766
f 2991//3397 5055//1766 3152//3398
f 799//3399 3152//3398 5134//1759
f 2998//3401 5133//1773 3154//3402
f 800//3403 3154//3402 5135//3396
f 801//3405 3004//5504 5060//3406
f 802//3408 3000//1775 5133//1773
f 3001//3409 5136//1777 3000//1775
f 803//3410 3005//3418 5137//1781
f 3155//3411 5136//1777 3001//3409
f 804//3412 3008//5506 5062//3413
f 3007//3415 5132//1756 3150//3416
f 805//3417 3150//3416 5137//1781
f 3006//1466 5132//1756 3007//3415
f 3009//3420 4873//1472 3012//3421
f 807//3422 3014//3425 4938//3423
f 3017//3424 5067//3481 3014//3425
f 3016//3426 4946//5406 2782//3427
f 3015//3429 4954//5417 2796//3430
f 3013//1487 4962//5186 2811//3432
f 3033//3434 5076//3440 3026//3435
f 3020//3437 5074//3444 3023//3438
f 812//3439 3026//3435 5076//3440
f 813//3441 3021//3445 5075//3442
f 813//3441 3023//3438 5074//3444
f 814//3446 3031//3459 5063//3447
f 3028//3448 5080//3455 3030//3449
f 815//3450 3030//3449 5074//3444
f 815//3450 3035//3462 5079//3451
f 816//3452 3029//3456 5077//3453
f 816//3452 3030//3449 5080//3455
f 3032//3454 5075//3442 3021//3445
f 817//3457 3038//3470 5130//1752
f 3149//3458 5063//3447 3031//3459
f 818//3460 3035//3462 5076//3440
f 3040//3461 5079//3451 3035//3462
f 3036//1548 5081//1547 3043//3463
f 819//3464 3042//3473 5083//3465
f 819//3464 3043//3463 5080//3455
f 820//3466 3037//1551 5084//1971
f 3039//3467 5077//3453 3029//3456
f 820//3466 3043//3463 5081//1547
f 821//3468 3045//1969 5131//1748
f 3148//3469 5130//1752 3038//3470
f 822//3471 3042//3473 5079//3451
f 3044//3472 5083//3465 3042//3473
f 3046//3474 5072//3485 3058//3475
f 823//3476 3052//5198 5073//3477
f 823//3476 3058//3475 5086//3478
f 824//3480 3054//5508 5067//3481
f 3047//3482 5069//5509 3059//3483
f 825//3484 3058//3475 5072//3485
f 825//3484 3059//3483 5085//3486
f 3053//3488 5064//5507 3010//3489
f 827//3491 3048//3495 5070//3492
f 3057//3493 5089//5513 3049//3494
f 3059//3483 5069//5509 3048//3495
f 3061//3496 5066//3502 3011//3497
f 3057//3493 5070//3492 3022//3499
f 830//3501 3051//3503 5066//3502
f 3056//1588 5065//1587 3051//3503
f 3061//3496 5089//5513 3050//3504
f 831//3505 3066//3534 4876//2930
f 832//3507 3063//5372 4878//3508
f 833//3509 3067//3546 4943//2950
f 834//3511 3065//5416 4945//3512
f 3084//3513 4877//3525 2671//2925
f 3069//2931 4876//2930 3076//3515
f 836//3516 3083//3519 4867//3517
f 3070//3518 4867//3517 3083//3519
f 837//3520 3082//3537 4944//3521
f 3081//3522 4868//5368 2679//2948
f 839//3524 3072//3527 4877//3525
f 3078//3526 5091//3529 3072//3527
f 840//3528 3073//3531 5091//3529
f 3077//3530 5090//5831 3073//3531
f 840//3528 3104//3589 5107//3532
f 841//3533 3076//3515 4876//2930
f 3086//3535 5101//3575 3076//3515
f 3074//3536 4944//3521 3082//3537
f 842//3538 3080//3541 5093//3539
f 3075//3540 5093//3539 3080//3541
f 3085//3543 5092//5413 3075//3540
f 3096//3544 5100//5523 3085//3543
f 3079//3545 4943//2950 3067//3546
f 844//3547 3087//3585 5103//3548
f 845//3549 3088//3554 5112//3550
f 3100//3551 5102//5517 3068//3552
f 3103//3553 5109//3564 3088//3554
f 846//3555 3099//3573 5117//3556
f 3109//3557 5118//3560 3102//3558
f 847//3559 3102//3558 5118//3560
f 3110//3561 5115//3578 3107//3562
f 848//3563 3091//3566 5109//3564
f 3101//3565 5116//3582 3091//3566
f 3103//3553 5105//5518 3071//3567
f 3100//3551 5112//3550 3112//3568
f 849//3569 3112//3568 5113//3570
f 3093//3572 5117//3556 3099//3573
f 850//3574 3099//3573 5101//3575
f 850//3574 3106//3591 5114//3576
f 851//3577 3107//3562 5115//3578
f 3114//3579 5110//5528 3097//3580
f 852//3581 3095//3584 5116//3582
f 3098//3583 5111//3587 3095//3584
f 3101//3565 5103//3548 3087//3585
f 3098//3583 5100//5523 3096//3544
f 853//3586 3117//3627 5111//3587
f 854//3588 3106//3591 5107//3532
f 3121//3590 5114//3576 3106//3591
f 855//3592 3108//3596 5128//3593
f 3116//3595 5120//3606 3108//3596
f 3120//3594 5112//3550 3088//3554
f 856//3597 3126//3614 5127//3598
f 3129//3599 5122//3602 3127//3600
f 857//3601 3127//3600 5122//3602
f 3130//3603 5119//3618 3124//3604
f 858//3605 3111//3608 5120//3606
f 3116//3595 5109//3564 3091//3566
f 3125//3607 5121//3623 3111//3608
f 3120//3594 5128//3593 3132//3609
f 859//3610 3132//3609 5125//3611
f 3113//3613 5127//3598 3126//3614
f 860//3615 3123//3632 5126//3616
f 860//3615 3126//3614 5117//3556
f 861//3617 3124//3604 5119//3618
f 861//3617 3134//3619 5123//3620
f 862//3622 3115//3625 5121//3623
f 862//3622 3119//3626 5124//3624
f 3125//3607 5116//3582 3095//3584
f 3119//3626 5111//3587 3117//3627
f 3140//3629 5124//3624 3119//3626
f 864//3630 3123//3632 5114//3576
f 3143//3631 5126//3616 3123//3632
f 865//3633 3128//3637 5094//3634
f 3137//3636 5097//3640 3128//3637
f 3147//3635 5128//3593 3108//3596
f 866//3638 3146//3646 5094//3634
f 867//3639 3139//5529 5097//3640
f 868//3642 3131//3641 5097//3640
f 3137//3636 5120//3606 3111//3608
f 868//3642 3138//3652 5096//3643
f 3147//3635 5094//3634 3133//3644
f 3133//3644 5094//3634 3146//3646
f 870//3647 3145//3659 5095//3648
f 870//3647 3146//3646 5127//3598
f 3136//3649 5096//3643 3135//3650
f 3135//3650 5096//3643 3138//3652
f 872//3653 3138//3652 5121//3623
f 872//3653 3142//3656 5098//3654
f 3141//3655 5098//3654 3142//3656
f 873//3657 3142//3656 5124//3624
f 3144//3658 5095//3648 3145//3659
f 874//3660 3145//3659 5126//3616
f 875//3661 3168//3683 5172//3662
f 3165//3663 5170//3062 3160//3664
f 876//3665 3994//5011 5149//3666
f 877//3667 3166//3670 5173//3668
f 3993//3669 5151//4998 3166//3670
f 878//3671 3164//3675 5144//3672
f 3174//3674 5164//5005 3164//3675
f 878//3671 3210//3673 5170//3062
f 3212//3676 5173//3668 3166//3670
f 3986//3678 5145//4957 3212//3676
f 3167//3679 5143//3746 3211//3680
f 880//3681 3172//3732 5168//3682
f 3211//3680 5172//3662 3168//3683
f 3179//3684 5154//5532 3169//3685
f 3181//3687 5155//5533 3170//3688
f 3183//3690 5156//4971 3171//3691
f 3187//3693 5158//4981 3173//3694
f 3989//3696 5157//4970 3187//3693
f 885//3697 3191//3701 5160//3698
f 3990//3700 5159//4980 3191//3701
f 886//3702 3193//5536 5161//3703
f 3192//3705 4913//5835 3178//3706
f 3178//3706 4913//5835 3180//3708
f 3180//3708 4913//5835 3182//3710
f 3182//3710 4913//5835 3184//3712
f 3184//3712 4913//5835 3186//3714
f 3186//3714 4913//5835 3188//3716
f 3188//3716 4913//5835 3190//3718
f 3190//3718 4913//5835 3192//3705
f 3194//3721 5150//5017 3202//3722
f 895//3723 3202//3722 5166//3724
f 896//3726 3195//5535 5148//3727
f 3200//3728 5164//5005 3174//3674
f 897//3729 3196//5539 5152//3730
f 3204//3731 5168//3682 3172//3732
f 3205//3733 5153//5531 3162//3734
f 3991//3736 5146//4988 3198//3737
f 899//3738 3987//4964 5142//3739
f 3207//3058 5534//5129 2748//3063
f 900//3741 3210//3673 5144//3672
f 3212//3676 5145//4957 2749//3742
f 902//3744 3209//3747 4914//3745
f 902//3744 3211//3680 5143//3746
f 903//3748 3246//5031 4903//3749
f 903//3751 3267//4323 5195//3752
f 904//3754 3221//5385 4895//3755
f 3213//3010 4902//4095 3462//3756
f 3220//3758 4894//3012 3213//3010
f 3226//3759 5176//5549 3222//3760
f 905//3761 3236//3764 5179//3762
f 905//3761 3552//5620 5326//3763
f 906//3765 3260//3769 5191//3766
f 3995//3768 5190//5049 3260//3769
f 3215//3030 5174//3029 3453//3770
f 3219//3772 4902//4095 3215//3030
f 3482//3773 5291//5627 3219//3774
f 907//3775 3528//5611 5314//3776
f 3241//3778 4918//5541 2743//3779
f 908//3781 3262//4307 5192//3782
f 909//3784 3264//4315 5193//2538
f 3218//3785 5174//3029 2744//3786
f 3474//3788 5287//5626 3218//3789
f 910//3790 3504//5604 5302//3791
f 911//3793 3223//1951 5177//3794
f 911//3793 3239//5548 5181//1953
f 3224//3795 5177//3794 3225//3796
f 912//3797 3237//3823 5180//3798
f 3225//3796 5177//3794 3227//3799
f 3245//3801 5184//5557 3228//3802
f 3227//3799 5177//3794 3229//1968
f 914//3803 3243//3866 5183//3804
f 3249//3805 5186//5558 3456//3806
f 3480//3808 5290//5551 3232//3792
f 915//3807 3498//5552 5299//3809
f 3251//3811 5187//5559 3465//3812
f 3488//3814 5294//5553 3234//3777
f 916//3813 3522//5554 5311//3815
f 3253//3817 5188//5560 3235//3818
f 3546//3820 5323//5643 3233//3821
f 3279//3822 5180//3798 3237//3823
f 919//3825 3257//5562 5189//2005
f 3265//3827 5194//3873 3244//3828
f 3247//3830 5178//2029 3248//3831
f 3248//3831 5178//2029 3250//3833
f 923//3835 3250//3833 5178//2029
f 3252//3836 5178//2029 3255//3837
f 3255//3837 5201//5561 3254//3839
f 3255//3837 5178//2029 3256//3840
f 3269//3842 5196//5570 3258//3843
f 926//3844 3665//5648 5391//3845
f 927//3847 3271//5563 5197//3848
f 927//3847 3695//5686 5407//3850
f 3273//3852 5198//5572 3261//3853
f 928//3854 3639//5674 5377//3855
f 3649//3857 5382//5650 3602//3858
f 929//3859 3275//5566 5199//3860
f 929//3859 3647//5652 5381//3862
f 3675//3863 5396//5653 3604//3864
f 3281//3865 5183//3804 3243//3866
f 3282//3868 5204//5822 3278//3869
f 3277//3870 5200//5571 3631//3871
f 931//3872 3605//3875 5194//3873
f 931//3872 3723//5670 5421//3874
f 3276//3876 5204//5822 3268//3877
f 3268//3877 5204//5822 3270//3879
f 3270//3879 5204//5822 3272//3881
f 3272//3881 5204//5822 3274//2079
f 3278//3869 5204//5822 3276//3876
f 937//3885 3295//3894 5206//3886
f 938//3888 3296//3898 5208//3889
f 3297//3891 5222//3902 3307//3892
f 939//3893 3307//3892 5206//3886
f 3298//3895 5230//3905 3308//3896
f 940//3897 3308//3896 5208//3889
f 941//3899 3287//3978 5223//3900
f 941//3899 3309//3903 5222//3902
f 3371//3901 5243//4017 3309//3903
f 942//3904 3310//3907 5230//3905
f 3373//3906 5241//5599 3310//3907
f 943//3908 3299//3917 4890//3909
f 944//3911 3300//3921 5213//3912
f 3301//3914 5238//3925 3304//3915
f 945//3916 3304//3915 4890//3909
f 3302//3918 5226//3929 3313//3919
f 946//3920 3313//3919 5213//3912
f 3293//3922 5246//4026 3376//3923
f 947//3924 3333//3943 5238//3925
f 3294//3926 5240//4032 3370//3927
f 948//3928 3315//3930 5226//3929
f 3370//3927 5242//4029 3315//3930
f 949//3931 3353//5515 5091//3529
f 3303//3910 4890//3909 3330//3932
f 950//3933 3344//2977 5205//3934
f 3317//3935 5209//5579 3284//3936
f 3330//3932 4890//3909 3304//3915
f 3319//3939 5211//5580 3286//3940
f 954//3942 3358//5836 5238//3925
f 3360//2984 5245//2983 3288//3944
f 3348//3945 5219//5575 3337//3946
f 3384//3948 5250//4036 3347//3949
f 3345//3950 5218//5576 3338//3951
f 3382//3953 5232//4040 3343//2979
f 3326//3954 4884//5373 2698//2959
f 3305//3887 5206//3886 3328//3956
f 3327//3958 5207//5577 3283//3959
f 3306//3890 5208//3889 3331//3961
f 3318//3963 4885//2963 2699//3964
f 962//3966 3307//3892 5222//3902
f 3328//3956 5206//3886 3307//3892
f 3320//3968 5210//5578 3285//3969
f 964//3971 3308//3896 5230//3905
f 3331//3961 5208//3889 3308//3896
f 3309//3903 5243//4017 3375//3973
f 965//3974 3356//3967 5222//3902
f 3375//3973 5247//2966 2700//3975
f 966//3976 3359//3972 5230//3905
f 3369//3977 5223//3900 3287//3978
f 967//3979 3339//3981 5205//3934
f 3341//3980 5221//5581 3339//3981
f 3383//3982 4889//4043 3340//3983
f 3340//3983 4889//4043 3381//3984
f 3381//3984 5249//2994 3324//3986
f 3321//3987 5212//5837 3289//3988
f 3311//3913 5213//3912 3325//3990
f 3329//3992 5214//5838 3290//3993
f 3312//3995 5215//5586 3323//3996
f 3322//3998 5216//5583 3291//3999
f 974//4001 3313//3919 5226//3929
f 3325//3990 5213//3912 3313//3919
f 3332//4003 5217//5584 3292//4004
f 976//4006 3314//4009 5220//4007
f 3323//3996 5215//5586 3314//4009
f 3315//3930 5242//4029 3374//4010
f 977//4011 3357//4002 5226//3929
f 3374//4010 5246//4026 3293//3922
f 978//4012 3355//4008 5220//4007
f 3372//4014 5240//4032 3294//3926
f 3361//4015 4886//5832 2702//2968
f 979//4016 3375//3973 5243//4017
f 3362//4018 4886//5832 3361//4015
f 980//4019 3371//3901 5223//3900
f 3363//4020 4886//5832 3362//4018
f 3364//4022 4886//5832 3363//4020
f 3365//4024 4891//5833 2714//2980
f 983//4025 3376//3923 5246//4026
f 3366//4027 4891//5833 3365//4024
f 984//4028 3374//4010 5242//4029
f 3367//4030 4891//5833 3366//4027
f 985//4031 3370//3927 5240//4032
f 3368//4033 4891//5833 3367//4030
f 987//4035 3377//4041 5250//4036
f 987//4035 3384//3948 5252//4037
f 988//4039 3378//5601 5232//4040
f 988//4039 3382//3953 5250//4036
f 989//4042 3379//4046 4889//4043
f 989//4042 3383//3982 5251//2974
f 990//4045 3381//3984 4889//4043
f 1021//4047 3445//4047 4909//4048
f 1021//4049 3470//5543 5284//4050
f 3490//4052 5295//5629 3445//4053
f 1022//4047 3446//5839 4909//4048
f 1022//4054 3492//5603 5296//4055
f 3502//4057 5301//5630 3446//4058
f 3447//4059 5185//5550 3230//3810
f 1023//4060 3494//5607 5297//4061
f 3500//4062 5300//5608 3450//4056
f 3448//4063 5185//5550 3447//4059
f 1024//4064 3472//5605 5285//4065
f 3496//4066 5298//5606 3449//4051
f 1025//4067 3451//4067 5174//3029
f 1025//4068 3476//5544 5288//4069
f 3506//4071 5303//5632 3451//4072
f 1026//4067 3452//4067 5174//3029
f 1026//4073 3508//5609 5304//4074
f 3514//4076 5307//5634 3452//4077
f 1027//4067 3453//3770 5174//3029
f 1027//4078 3516//5610 5308//4079
f 3526//4081 5313//5636 3453//4082
f 3454//4083 5186//5558 3231//3816
f 3518//4085 5309//5612 3454//4083
f 3524//4086 5312//5617 3459//4080
f 3455//4087 5186//5558 3454//4083
f 3510//4089 5305//5613 3455//4087
f 3520//4090 5310//5616 3458//4075
f 3456//3806 5186//5558 3455//4087
f 3478//4092 5289//5614 3456//3806
f 3512//4093 5306//5615 3457//4070
f 1031//4094 3460//4094 4902//4095
f 1031//4096 3484//5545 5292//4097
f 3530//4099 5315//5638 3460//4100
f 1032//4094 3461//4094 4902//4095
f 1032//4101 3532//5618 5316//4102
f 3538//4104 5319//5640 3461//4105
f 1033//4094 3462//3756 4902//4095
f 1033//4106 3540//5619 5320//4107
f 3550//4109 5325//5644 3462//4110
f 3463//4111 5187//5559 3233//3821
f 3542//4113 5321//5641 3463//4111
f 3548//4114 5324//5625 3468//4108
f 3464//4115 5187//5559 3463//4111
f 3534//4117 5317//5621 3464//4115
f 3544//4118 5322//5624 3467//4103
f 3465//3812 5187//5559 3464//4115
f 3486//4120 5293//5622 3465//3812
f 3536//4121 5318//5623 3466//4098
f 1037//4122 3594//4126 5368//4123
f 1037//4122 3997//5038 5367//4125
f 1038//4127 3595//4292 5369//4128
f 1039//4130 3589//4287 5363//4131
f 1040//4133 3590//4288 5364//4134
f 3591//4136 5365//4289 3477//4137
f 1042//4139 3592//5647 5366//4140
f 3585//4142 5359//4283 3481//4143
f 1044//4145 3586//4284 5360//4146
f 3587//4148 5361//4285 3485//4149
f 1046//4151 3588//5628 5362//4152
f 1047//4154 3581//4279 5355//4155
f 1048//4157 3582//4281 5356//4158
f 1049//4160 3583//4280 5357//4161
f 1050//4163 3584//5646 5358//4164
f 1051//4166 3577//4275 5351//4167
f 1052//4169 3578//4277 5352//4170
f 1053//4172 3579//4276 5353//4173
f 1054//4175 3580//5631 5354//4176
f 3573//4178 5347//4271 3505//4179
f 1056//4181 3574//4272 5348//4182
f 3575//4184 5349//4273 3509//4185
f 1058//4187 3576//5633 5350//4188
f 3569//4190 5343//4267 3513//4191
f 1060//4193 3570//4268 5344//4194
f 3571//4196 5345//4269 3517//4197
f 1062//4199 3572//5635 5346//4200
f 3565//4202 5339//4263 3521//4203
f 1064//4205 3566//4264 5340//4206
f 3567//4208 5341//4265 3525//4209
f 1066//4211 3568//5637 5342//4212
f 3561//4214 5335//4259 3529//4215
f 1068//4217 3562//4260 5336//4218
f 3563//4220 5337//4261 3533//4221
f 1070//4223 3564//5639 5338//4224
f 3557//4226 5331//4255 3537//4227
f 1072//4229 3558//4256 5332//4230
f 3559//4232 5333//4257 3541//4233
f 1074//4235 3560//5642 5334//4236
f 3553//4238 5327//4251 3545//4239
f 1076//4241 3554//4252 5328//4242
f 3555//4244 5329//4253 3549//4245
f 1078//4247 3556//5645 5330//4248
f 1079//4250 3554//4252 5327//4251
f 3555//4244 5328//4242 3554//4252
f 1079//4250 3556//5645 5329//4253
f 1080//4254 3558//4256 5331//4255
f 3559//4232 5332//4230 3558//4256
f 1080//4254 3560//5642 5333//4257
f 1081//4258 3562//4260 5335//4259
f 3563//4220 5336//4218 3562//4260
f 1081//4258 3564//5639 5337//4261
f 1082//4262 3566//4264 5339//4263
f 3567//4208 5340//4206 3566//4264
f 1082//4262 3568//5637 5341//4265
f 1083//4266 3570//4268 5343//4267
f 3571//4196 5344//4194 3570//4268
f 1083//4266 3572//5635 5345//4269
f 1084//4270 3574//4272 5347//4271
f 3575//4184 5348//4182 3574//4272
f 1084//4270 3576//5633 5349//4273
f 1085//4274 3578//4277 5351//4167
f 3579//4276 5352//4170 3578//4277
f 1085//4274 3580//5631 5353//4173
f 1086//4278 3582//4281 5355//4155
f 3583//4280 5356//4158 3582//4281
f 1086//4278 3584//5646 5357//4161
f 1087//4282 3586//4284 5359//4283
f 3587//4148 5360//4146 3586//4284
f 1087//4282 3588//5628 5361//4285
f 1088//4286 3590//4288 5363//4131
f 3591//4136 5364//4134 3590//4288
f 1088//4286 3592//5647 5365//4289
f 3594//4126 5367//4125 3593//4290
f 3595//4292 5368//4123 3594//4126
f 3596//4293 5369//4128 3595//4292
f 3598//4294 5371//5564 3611//4295
f 1090//4296 3611//4295 5373//4297
f 1090//4296 3663//5678 5390//4299
f 3610//4300 5191//3766 3260//3769
f 3611//4295 5371//5564 3600//3851
f 3625//4303 5374//5649 3599//4304
f 1092//4302 3697//5687 5408//4305
f 3613//4306 5192//3782 3262//4307
f 1094//4309 3615//4314 5376//4310
f 1094//4309 3645//5675 5380//4312
f 3651//4313 5383//5676 3615//4314
f 3608//2539 5193//2538 3264//4315
f 3619//4317 5375//5651 3603//4318
f 3653//4320 5384//5840 3604//3864
f 1096//4319 3677//5680 5397//4321
f 1097//4322 4000//5054 5195//3752
f 3607//4324 5194//3873 3605//3875
f 1098//4325 3725//5654 5422//4326
f 3620//4328 5197//3848 3259//3856
f 1099//4329 3641//5565 5378//4330
f 1099//4329 3679//5681 5399//4332
f 3621//4333 5197//3848 3620//4328
f 1100//4334 3681//5662 5400//4335
f 3687//4337 5403//5683 3621//4333
f 3622//3849 5197//3848 3621//4333
f 1101//4338 3689//5663 5404//4339
f 3701//4341 5410//5664 3622//3849
f 3643//4342 5379//5657 3612//4343
f 1102//4344 3685//5682 5402//4345
f 3683//4346 5401//5665 3623//4347
f 1103//4348 3693//5666 5406//4349
f 1104//4350 3691//5685 5405//4351
f 1104//4350 3699//5667 5409//4353
f 3629//4354 5200//5571 3266//3846
f 1105//4355 3659//5569 5388//4356
f 1105//4355 3709//5690 5414//4358
f 3630//4359 5200//5571 3629//4354
f 1106//4360 3703//5668 5411//4361
f 3717//4363 5418//5691 3630//4359
f 3631//3871 5200//5571 3630//4359
f 1107//4364 3711//5669 5415//4365
f 3721//4367 5420//5693 3631//3871
f 3661//4368 5389//5656 3606//4369
f 1108//4370 3707//5671 5413//4371
f 3705//4372 5412//5689 3632//4373
f 1109//4374 3715//5672 5417//4375
f 1110//4376 3713//5692 5416//4377
f 1110//4376 3719//5673 5419//4379
f 1111//4380 3770//4561 5467//4381
f 1112//4383 3771//4563 5468//4384
f 1113//4386 3772//4562 5469//4387
f 1114//4389 3773//5700 5470//4390
f 1115//4392 3766//4556 5463//4393
f 1116//4395 3767//4555 5464//4396
f 1117//4398 3768//4558 5465//4399
f 1118//4401 3769//4559 5466//4402
f 1119//4404 3762//4552 5459//4405
f 1120//4407 3765//4411 5462//4408
f 1120//4407 4001//5073 5461//4410
f 1121//4412 3758//4547 5455//4413
f 3759//4415 5456//4549 3660//4416
f 1123//4418 3760//4550 5457//4419
f 3761//4421 5458//5699 3664//4422
f 1125//4424 3754//4544 5451//4425
f 1126//4427 3755//4546 5452//4428
f 1127//4430 3756//4545 5453//4431
f 1128//4433 3757//5698 5454//4434
f 1129//4436 3750//4440 5447//4437
f 1129//4436 4002//5094 5450//4439
f 3751//4441 5448//5080 3676//4442
f 1131//4444 3746//4537 5443//4445
f 1132//4447 3747//4539 5444//4448
f 1133//4450 3748//4538 5445//4451
f 1134//4453 3749//5697 5446//4454
f 3742//4456 5439//4533 3686//4457
f 1136//4459 3743//4534 5440//4460
f 3744//4462 5441//4535 3690//4463
f 1138//4465 3745//5684 5442//4466
f 1139//4468 3738//4529 5435//4469
f 1140//4471 3739//4528 5436//4472
f 1141//4474 3740//4531 5437//4475
f 3741//4477 5438//5688 3700//4478
f 1143//4480 3734//4524 5431//4481
f 3735//4483 5432//4526 3704//4484
f 1145//4486 3736//4527 5433//4487
f 3737//4489 5434//5696 3708//4490
f 1147//4492 3730//4520 5427//4493
f 3731//4495 5428//4522 3712//4496
f 1149//4498 3732//4523 5429//4499
f 3733//4501 5430//5695 3716//4502
f 1151//4504 3726//4516 5423//4505
f 3727//4507 5424//4518 3720//4508
f 1153//4510 3728//4519 5425//4511
f 3729//4513 5426//5694 3724//4514
f 3727//4507 5423//4505 3726//4516
f 1155//4517 3728//4519 5424//4518
f 3729//4513 5425//4511 3728//4519
f 3731//4495 5427//4493 3730//4520
f 1156//4521 3732//4523 5428//4522
f 3733//4501 5429//4499 3732//4523
f 3735//4483 5431//4481 3734//4524
f 1157//4525 3736//4527 5432//4526
f 3737//4489 5433//4487 3736//4527
f 3739//4528 5435//4469 3738//4529
f 1158//4530 3740//4531 5436//4472
f 3741//4477 5437//4475 3740//4531
f 1159//4532 3743//4534 5439//4533
f 3744//4462 5440//4460 3743//4534
f 1159//4532 3745//5684 5441//4535
f 1160//4536 3747//4539 5443//4445
f 3748//4538 5444//4448 3747//4539
f 1160//4536 3749//5697 5445//4451
f 3751//4441 5447//4437 3750//4440
f 3752//4541 5448//5080 3751//4441
f 3753//4542 5449//5078 3752//4541
f 1162//4543 3755//4546 5451//4425
f 3756//4545 5452//4428 3755//4546
f 1162//4543 3757//5698 5453//4431
f 3759//4415 5455//4413 3758//4547
f 1163//4548 3760//4550 5456//4549
f 3761//4421 5457//4419 3760//4550
f 3763//4551 5459//4405 3762//4552
f 3764//4554 5460//5058 3763//4551
f 3765//4411 5461//4410 3764//4554
f 3767//4555 5463//4393 3766//4556
f 3768//4558 5464//4396 3767//4555
f 3769//4559 5465//4399 3768//4558
f 1166//4560 3771//4563 5467//4381
f 3772//4562 5468//4384 3771//4563
f 1166//4560 3773//5700 5469//4387
f 1167//4564 3779//4568 4976//4565
f 3783//4567 5477//4589 3779//4568
f 1168//4569 3782//4572 4968//4570
f 3794//4571 5479//4608 3782//4572
f 1169//4573 3774//3181 4975//3202
f 3777//4575 4967//3183 3774//3181
f 3781//4576 4984//4580 2850//4577
f 1171//4579 3775//4581 4984//4580
f 1171//4579 3778//4583 4983//3200
f 3790//4582 5476//5701 3778//4583
f 3776//3201 4983//3200 3778//4583
f 1172//4584 3780//4574 4975//3202
f 1172//4584 3784//4602 5474//4585
f 3785//4586 5480//4597 3793//4587
f 1173//4588 3793//4587 5477//4589
f 1173//4588 3796//4610 5485//4590
f 3789//4591 5481//4601 3798//4592
f 1174//4593 3798//4592 5484//4594
f 1175//4596 3793//4587 5480//4597
f 3799//4598 5482//5706 3791//4599
f 1176//4600 3788//4604 5481//4601
f 3789//4591 5474//4585 3784//4602
f 3792//4603 5483//4606 3788//4604
f 3792//4603 5476//5701 3790//4582
f 1177//4605 3803//4628 5483//4606
f 1178//4607 3796//4610 5479//4608
f 3806//4609 5485//4590 3796//4610
f 3797//4611 5489//4621 3801//4612
f 1179//4613 3801//4612 5480//4597
f 1179//4613 3808//4633 5491//4614
f 3802//4615 5488//4625 3810//4616
f 1180//4617 3810//4616 5490//4618
f 1181//4620 3801//4612 5489//4621
f 3811//4622 5486//5707 3804//4623
f 1182//4624 3800//4627 5488//4625
f 3802//4615 5481//4601 3788//4604
f 3805//4626 5487//4648 3800//4627
f 3805//4626 5483//4606 3803//4628
f 3813//4630 5487//4648 3805//4626
f 1184//4631 3808//4633 5485//4590
f 3818//4632 5491//4614 3808//4633
f 3809//4634 5472//4641 3817//4635
f 1185//4636 3817//4635 5489//4621
f 1185//4636 3820//4650 5471//4637
f 3816//4638 5472//4641 3809//4634
f 1187//4640 3817//4635 5472//4641
f 1188//4643 3812//4642 5472//4641
f 1188//4643 3815//4646 5473//4644
f 3816//4638 5488//4625 3800//4627
f 3814//4645 5473//4644 3815//4646
f 1189//4647 3815//4646 5487//4648
f 3819//4649 5471//4637 3820//4650
f 1190//4651 3820//4650 5491//4614
f 1191//4652 1643//1114 4360//4653
f 3828//4655 4352//4657 1643//1114
f 1192//4656 1644//1081 4352//4657
f 1192//4656 3826//5708 4978//4658
f 1193//4659 3829//4662 4986//4660
f 3833//4661 5499//4674 3829//4662
f 1658//1142 4368//1141 3824//4663
f 1194//4664 3827//4654 4360//4653
f 1194//4664 3834//4677 5500//4665
f 1195//4666 3824//4663 4368//1141
f 3825//4667 4994//3231 3823//4668
f 3843//4670 5504//4679 3832//4671
f 1198//4673 3842//4676 5499//4674
f 3845//4675 5503//4681 3842//4676
f 3843//4670 5500//4665 3834//4677
f 1199//4678 3846//4700 5504//4679
f 1200//4680 3842//4676 5503//4681
f 3838//4683 5502//5717 3848//4684
f 3848//4684 5501//5718 3837//4686
f 1202//4687 3841//5719 5506//4688
f 1202//4687 3853//4689 5505//4690
f 3852//4692 5493//4699 3844//4693
f 3844//4693 5493//4699 3851//4695
f 1204//4696 3849//4705 5492//4697
f 1204//4696 3851//4695 5503//4681
f 1205//4698 3847//4702 5493//4699
f 3852//4692 5504//4679 3846//4700
f 1205//4698 3854//4708 5494//4701
f 1206//4703 3851//4695 5493//4699
f 3850//4704 5492//4697 3849//4705
f 3855//4707 5494//4701 3854//4708
f 1209//4710 2864//3226 4993//4711
f 3859//4713 4985//4715 2864//3226
f 1210//4714 1657//1107 4985//4715
f 1210//4714 3863//5720 4359//4716
f 1211//4717 3864//4720 4367//4718
f 3868//4719 5510//4733 3864//4720
f 2878//3249 5001//3248 3861//4721
f 3862//4712 4993//4711 2878//3249
f 1212//4722 3869//4739 5515//4723
f 1213//4724 3861//4721 5001//3248
f 3860//4725 4375//1166 3858//4726
f 3878//4728 5508//4736 3867//4729
f 3867//4729 5508//4736 3871//4731
f 1216//4732 3871//4731 5510//4733
f 1216//4732 3876//4744 5507//4734
f 1217//4735 3870//4738 5508//4736
f 3873//4737 5509//5841 3870//4738
f 3878//4728 5515//4723 3869//4739
f 1218//4740 3871//4731 5508//4736
f 3874//4741 5509//5841 3873//4737
f 3877//4743 5507//4734 3876//4744
f 1221//4746 1557//908 4304//913
f 3906//4748 4311//910 1557//908
f 1558//915 4930//914 3894//4749
f 3894//4749 5518//4794 3879//4751
f 3905//4747 4304//913 1558//915
f 1223//4752 1559//918 4305//917
f 1223//4752 3903//5736 4931//4754
f 1224//4755 1560//922 4306//921
f 3893//4753 4305//917 1560//922
f 3901//4756 5525//5729 3880//4757
f 1225//4758 1561//926 4307//925
f 3896//4759 5520//5730 3881//4760
f 3901//4756 4306//921 1561//926
f 1226//4761 1562//930 4308//929
f 3896//4759 4307//925 1562//930
f 3899//4762 5523//5731 3882//4763
f 1227//4764 1563//934 4309//933
f 3899//4762 4308//929 1563//934
f 3900//4765 5524//5732 3883//4766
f 1228//4767 1564//938 4310//942
f 3898//4768 5522//5733 3884//4769
f 3900//4765 4309//933 1564//938
f 1229//4770 1565//940 4311//910
f 3898//4768 4310//942 1565//940
f 3906//4748 5530//5734 3885//4771
f 1230//4772 3894//4749 4930//914
f 1231//4773 3897//5737 4932//3090
f 1232//4775 3908//5738 4933//3093
f 1233//4777 3907//5739 4934//3096
f 1234//4779 3904//5740 4935//3099
f 1235//4781 3895//5741 4936//4782
f 1236//4783 3902//5735 4937//4784
f 3909//4785 5516//5842 3932//4786
f 3910//4788 5516//5842 3909//4785
f 1238//4789 3911//5743 5529//4790
f 3912//4791 5516//5842 3910//4788
f 1240//4793 3912//4791 5518//4794
f 3913//4796 5516//5842 3912//4791
f 3914//4797 5516//5842 3913//4796
f 1241//4798 3915//5744 5519//4799
f 3916//4800 5516//5842 3914//4797
f 1242//4801 3917//5745 5528//4802
f 3918//4803 5516//5842 3916//4800
f 1243//4804 3919//5746 5531//4805
f 3920//4806 5516//5842 3918//4803
f 1244//4807 3921//5747 5532//4808
f 3922//4809 5516//5842 3920//4806
f 1245//4810 3923//5748 5521//4811
f 3924//4812 5516//5842 3922//4809
f 1246//4813 3925//5749 5527//4814
f 3926//4815 5516//5842 3924//4812
f 1247//4816 3927//5742 5517//4817
f 3928//4818 5516//5842 3926//4815
f 3929//4820 5516//5842 3928//4818
f 3930//4822 5516//5842 3929//4820
f 3931//4824 5516//5842 3930//4822
f 3932//4786 5516//5842 3931//4824
f 4043//4827 4545//833 3959//4828
f 1995//832 4545//833 4043//4827
f 1277//4830 4073//4833 4519//4831
f 1278//4832 2004//1817 4519//4831
f 4113//4834 4540//5235 2004//1817
f 1278//4832 4198//5776 5592//4835
f 3959//4828 4545//833 4072//4836
f 4102//4838 4521//4866 3959//4828
f 1279//4837 4199//5791 5586//4839
f 1280//4840 2042//1888 4516//837
f 1280//4840 4072//4836 4545//833
f 4128//4841 4516//837 3960//1801
f 2011//1838 4531//1860 4075//4843
f 4118//4845 4539//5237 2011//1838
f 4200//4846 5594//4885 4118//4845
f 1283//4847 4075//4843 4531//1860
f 4138//4849 4530//1857 3962//1835
f 2013//1844 4533//1866 4121//4851
f 4171//4853 4541//5238 2013//1844
f 4201//4854 5573//4877 4171//4853
f 1286//4855 4121//4851 4533//1866
f 4050//4857 4532//1863 3964//1840
f 1288//4859 2035//4862 4520//1827
f 4110//4861 4536//5233 2035//4862
f 1288//4859 4202//5772 5586//4839
f 4065//4860 4520//1827 3965//4863
f 1290//4865 3970//4868 4521//4866
f 4067//4867 4537//5819 3970//4868
f 1291//4869 4046//4871 4525//4870
f 2001//1813 4525//4870 4046//4871
f 4096//4873 4538//5234 2001//1813
f 4070//4874 4522//1875 3967//4875
f 1293//4876 4203//5786 5573//4877
f 1294//4878 4091//4879 4523//1806
f 2000//1807 4523//1806 4091//4879
f 4106//4881 4542//5236 2000//1807
f 4116//4882 4526//1882 3969//4883
f 1296//4884 4204//5788 5594//4885
f 4126//4886 4521//4866 3970//4868
f 4205//4888 5592//4835 4126//4886
f 4152//4889 4537//5819 3971//1849
f 1299//4891 4088//5750 4524//4892
f 2077//1914 4564//2513 4195//4893
f 4040//4895 4283//828 2077//4896
f 1503//829 4283//828 4040//4895
f 4058//4898 4275//5159 1503//829
f 4039//4899 4569//1901 3973//4900
f 1302//4901 4206//5769 5563//4902
f 1303//4903 4122//4905 4741//2308
f 1304//4904 2313//2309 4741//2308
f 1304//4904 4090//4908 4657//4906
f 1305//4907 2314//4909 4657//4906
f 1305//4907 4192//4911 4660//1929
f 4207//4910 5617//5843 4192//4911
f 1306//4912 4054//4915 4744//4913
f 4208//4914 5617//5843 4054//4915
f 1307//4916 4061//5770 4743//2311
f 1308//4918 2318//1972 4660//1929
f 4069//4919 4659//5284 2318//1972
f 1309//4920 4195//4893 4564//2513
f 4209//4922 5563//4902 4195//4893
f 1310//4923 4142//5801 4747//2508
f 2451//2547 4569//1901 4039//4899
f 1311//4925 4136//5752 4746//4926
f 1312//4927 4170//4931 4834//4928
f 1312//4927 4210//5798 5597//4930
f 1313//4932 4191//5768 4833//2667
f 1314//4934 4189//4936 4835//2672
f 1315//4935 2500//2673 4835//2672
f 1315//4935 4193//2562 4760//2542
f 1316//4937 4108//4941 4823//4938
f 4212//4940 5602//5789 4108//4941
f 1317//4942 4119//5793 4822//4943
f 1318//4944 4055//4946 4824//2712
f 1319//4945 2522//2713 4824//2712
f 1319//4945 4139//5324 4772//4947
f 3988//4948 5171//3037 4117//4949
f 1321//4950 4120//4953 5147//4951
f 4214//4952 5619//5806 4120//4953
f 4117//4949 5171//3037 3985//4954
f 1323//4956 4038//5761 5145//4957
f 3163//4958 5142//3739 4107//4959
f 4150//4961 5162//5530 3163//4958
f 4215//4962 5607//5802 4150//4961
f 1325//4963 4107//4959 5142//3739
f 4062//4965 5171//3037 3988//4948
f 4053//4967 5157//4970 3989//3696
f 1328//4969 3185//4972 5157//4970
f 1328//4969 4071//4973 5156//4971
f 3171//3691 5156//4971 4071//4973
f 1329//4974 4060//4976 5152//3730
f 4216//4975 5569//5010 4060//4976
f 4080//4977 5159//4980 3990//3700
f 1331//4979 3189//4982 5159//4980
f 1331//4979 4111//4983 5158//4981
f 3173//3694 5158//4981 4111//4983
f 1332//4984 4076//4986 5148//3727
f 4217//4985 5574//5002 4076//4986
f 1333//4987 4078//4990 5146//4988
f 3197//4989 5146//4988 4078//4990
f 4077//4992 5163//5844 3197//4989
f 1335//4993 4153//4996 5147//4951
f 4218//4995 5607//5802 4153//4996
f 1336//4997 3203//5001 5151//4998
f 4186//5000 5167//5537 3203//5001
f 1336//4997 4219//5787 5574//5002
f 4104//4999 5151//4998 3993//3669
f 3200//3728 5148//3727 4076//4986
f 1338//5004 4109//5753 5164//5005
f 1339//5006 3201//5009 5149//3666
f 4163//5008 5165//5538 3201//5009
f 1339//5006 4220//5795 5569//5010
f 4123//5007 5149//3666 3994//5011
f 3204//3731 5152//3730 4060//4976
f 1341//5013 4154//5754 5168//3682
f 3992//4994 5147//4951 4120//4953
f 4085//5015 5163//5844 3992//4994
f 1343//5016 3202//3722 5150//5017
f 4197//5019 5166//3724 3202//3722
f 4221//5020 5619//5806 4197//5019
f 3199//5021 5163//5844 4085//5015
f 4190//5018 5150//5017 3199//5021
f 4127//5023 5190//5049 3995//3768
f 4222//5025 5595//5796 4127//5023
f 4172//5026 4911//3034 3996//5027
f 3246//3753 5195//3752 4124//5029
f 1347//5030 4187//5756 4903//3749
f 1348//5032 3593//4290 5367//4125
f 1348//5032 4068//5036 5370//5034
f 4223//5035 5606//5845 4068//5036
f 1349//5037 4042//5033 5367//4125
f 1350//5039 4051//5767 5283//5040
f 1351//5041 3596//4293 5370//5034
f 1351//5041 4057//5043 5369//4128
f 1352//5042 3471//4129 5369//4128
f 1352//5042 4044//5757 5285//4065
f 1353//5044 4151//5047 5286//5045
f 4224//5046 5606//5845 4151//5047
f 1354//5048 3609//5050 5190//5049
f 1354//5048 4041//5052 5373//4297
f 1355//5051 3597//4298 5373//4297
f 4037//5053 5372//5655 3597//4298
f 4124//5029 5195//3752 4000//5054
f 4225//5056 5595//5796 4124//5029
f 1357//5057 3763//4551 5460//5058
f 1357//5057 4063//5061 5459//4405
f 1358//5060 3654//4406 5459//4405
f 1358//5060 4082//5567 5385//2055
f 3616//5062 5199//3860 3263//2054
f 1359//5063 3667//5066 5392//5064
f 1359//5063 4059//5068 5395//5065
f 4226//5067 5568//5777 4059//5068
f 1360//5069 3764//4554 5461//4410
f 1360//5069 4074//5059 5460//5058
f 4227//5071 5568//5777 4074//5059
f 1361//5072 4125//5070 5461//4410
f 1362//5074 3673//5661 5395//5065
f 4056//5075 5386//5658 3614//5076
f 1363//5077 3752//4541 5449//5078
f 1363//5077 4047//5082 5448//5080
f 1364//5081 3676//4442 5448//5080
f 1364//5081 4095//5083 5397//4321
f 3619//4317 5397//4321 4095//5083
f 3671//5085 5394//5679 3618//5086
f 1365//5084 4194//5089 5393//5087
f 4228//5088 5618//5092 4194//5089
f 1366//5090 3753//4542 5450//4439
f 1366//5090 4188//5079 5449//5078
f 1366//5090 4229//5784 5618//5092
f 1367//5093 4092//5091 5450//4439
f 3617//3861 5199//3860 3616//5062
f 1368//5095 3669//5659 5393//5087
f 4084//5096 5398//5660 3617//3861
f 4132//5097 4300//898 4003//5098
f 1371//5100 4181//5144 4301//902
f 1535//903 4301//902 4184//5101
f 4233//5103 4293//5119 1535//903
f 1536//860 4293//5119 4049//5104
f 1375//5105 4159//5133 4292//5106
f 2760//3078 5536//3077 4177//5107
f 4098//5109 5537//5122 2760//3078
f 1380//5110 2776//5112 5535//3082
f 1380//5110 4174//5140 5536//3077
f 4165//5113 5535//3082 4016//5114
f 4146//5116 5534//5129 4018//3057
f 1404//5118 4049//5104 4293//5119
f 1405//5121 4100//5124 5537//5122
f 1406//5123 4101//5846 5537//5122
f 1407//5125 4134//5127 4300//898
f 1408//5126 4135//5847 4300//898
f 1409//5128 4148//5131 5534//5129
f 1410//5130 4149//5759 5534//5129
f 1411//5132 4161//5135 4292//5106
f 1412//5134 4162//5758 4292//5106
f 1413//5136 4167//5138 5535//3082
f 1414//5137 4168//5111 5535//3082
f 1415//5139 4176//5142 5536//3077
f 1416//5141 4177//5107 5536//3077
f 1417//5143 4183//5146 4301//902
f 1418//5145 4184//5101 4301//902
f 1419//5147 4232//5120 4293//5119
f 1420//630 4245//1471 1421//1473
f 1421//1473 4873//1472 2662//2911
f 4244//667 1423//660 2//633
f 1423//660 4245//1471 1420//630
f 4243//671 1425//664 3//636
f 1425//664 4244//667 1422//635
f 4242//675 1427//668 4//640
f 1427//668 4243//671 1424//639
f 4241//673 1429//676 5//644
f 1429//676 4242//675 1426//643
f 1430//651 4240//1613 1431//677
f 4241//673 1428//647 6//649
f 4238//681 1433//684 7//654
f 1433//684 4239//5203 1886//1617
f 4238//681 1432//653 8//657
f 4313//5148 1568//946 9//662
f 4314//5149 1570//952 10//666
f 4315//5150 1572//957 11//670
f 1438//674 4316//5202 1574//962
f 4317//1604 1576//5168 13//679
f 1440//682 4319//1608 1579//1610
f 4246//629 1443//632 17//694
f 4874//631 2681//695 17//694
f 1444//696 4247//5201 1879//701
f 1445//656 4875//5371 2673//2929
f 1447//704 4250//1602 1450//646
f 4251//645 1452//642 22//714
f 4252//641 1454//638 23//719
f 4253//637 1442//634 16//688
f 4254//689 1457//693 25//725
f 4882//2955 2693//2972 25//725
f 1458//728 4255//5814 2222//2239
f 1459//697 4883//5848 2683//5151
f 1460//735 4606//734 2187//2163
f 4626//703 2228//2160 430//2235
f 4608//5152 2197//708 20//706
f 1464//716 4621//715 2219//2186
f 1465//724 4258//5813 1456//690
f 1467//742 4259//721 1469//727
f 1469//727 4887//726 2703//2986
f 1470//754 4260//5817 2224//2244
f 1471//729 4888//5849 2695//5153
f 4623//758 2168//5265 34//761
f 4625//732 2227//2193 432//2240
f 4599//5154 2156//765 35//762
f 4589//5155 2158//770 36//767
f 4594//2213 2160//775 37//772
f 4618//5156 2212//779 38//777
f 1479//746 4263//5816 1468//722
f 4622//5157 2204//2157 29//740
f 1481//780 4264//748 1483//750
f 1483//750 4892//749 2715//786
f 1484//790 4265//752 1486//756
f 4893//5158 2705//5377 32//751
f 4266//1905 2045//793 42//792
f 4267//1904 1490//764 43//794
f 4275//5159 3973//5751 334//1895
f 4268//763 1492//769 44//801
f 4269//768 1494//774 45//802
f 4270//773 1496//778 46//806
f 1495//783 4271//745 1482//743
f 1497//809 4272//812 1499//784
f 1499//784 4900//5389 2729//3026
f 4273//788 1502//791 50//823
f 4901//5160 2717//5384 41//787
f 1502//791 4274//2282 2047//1916
f 4275//5159 1505//796 51//827
f 4276//795 1507//800 52//831
f 1506//838 4277//5818 1509//804
f 1507//800 4277//5818 2037//1889
f 4278//803 1511//808 54//840
f 1510//814 4279//807 1498//781
f 1512//841 4280//816 1514//818
f 1514//818 4908//817 2741//3046
f 1515//820 4909//4048 2731//5161
f 4282//5162 2046//854 57//850
f 1516//853 4290//1939 2079//5163
f 1518//855 4283//828 1520//826
f 1519//856 4284//859 2039//863
f 4544//5165 1997//1803 60//865
f 1523//870 4286//1893 1526//839
f 1524//835 4546//1798 1996//1802
f 1525//845 4287//813 1513//810
f 1527//873 4288//847 1529//849
f 1529//849 4916//848 2754//3068
f 4289//1922 2049//890 65//887
f 1531//891 4290//1939 1533//852
f 1532//895 4291//851 1534//857
f 4292//5106 4003//5098 67//897
f 1535//903 4293//5119 1538//867
f 1537//899 4294//866 1540//871
f 1539//877 4295//844 1528//842
f 1541//907 4296//879 1543//881
f 1543//881 4922//880 2766//3087
f 4297//883 1547//889 73//920
f 4923//5166 2756//5397 64//882
f 4298//888 1549//894 74//924
f 4299//893 1551//896 75//928
f 1550//931 4300//898 4005//935
f 1552//936 4301//902 1554//900
f 1553//937 4302//906 1556//904
f 1555//911 4303//876 1542//874
f 4931//4754 2768//5404 72//916
f 4312//5167 1568//946 79//945
f 4313//5148 1570//952 80//951
f 4312//5167 1817//663 9//662
f 4314//5149 1572//957 81//956
f 1570//952 4313//5148 1435//661
f 4315//5150 1574//962 82//961
f 1572//957 4314//5149 1436//665
f 1573//959 4316//5202 1881//1606
f 4315//5150 1437//669 12//672
f 1575//964 4466//968 1892//973
f 1576//5168 4316//5202 1438//674
f 4467//5169 1882//978 85//974
f 1578//979 4319//1608 1580//687
f 4318//1609 1887//683 14//680
f 1580//687 4319//1608 1440//682
f 1580//687 4945//3512 2794//3126
f 1581//987 4320//947 1583//944
f 1582//983 4321//953 1585//950
f 1584//988 4322//958 1587//955
f 1586//992 4323//963 1589//960
f 1588//996 4324//967 1591//965
f 1590//1000 4325//972 1593//970
f 1592//1004 4326//977 1595//976
f 1594//1008 4327//975 1596//982
f 1596//982 4953//981 2809//3146
f 1597//1020 4328//986 1599//984
f 1598//1016 4329//991 1601//989
f 1600//1021 4330//995 1603//993
f 1602//1025 4331//999 1605//997
f 1604//1029 4332//1003 1607//1001
f 1606//1033 4333//1007 1609//1005
f 4334//1011 1611//1009 101//1040
f 1610//1043 4335//1013 1612//1015
f 1612//1015 4961//1014 2824//3167
f 1613//1051 4336//1019 1615//1017
f 1614//1052 4337//1024 1617//1022
f 1616//1055 4338//1028 1619//1026
f 1618//1059 4339//1032 1621//1030
f 1620//1063 4340//1036 1622//1034
f 4341//2836 2615//1069 108//1067
f 4342//2835 1626//1042 109//1073
f 1625//1071 4343//1041 1627//1046
f 1627//1046 4969//1045 2838//3185
f 4344//1048 1631//1053 112//1083
f 4970//5170 2826//5430 103//1047
f 1630//1086 4345//1058 1633//1056
f 1632//1087 4346//1062 1635//1060
f 1634//1090 4347//1066 1637//1064
f 1636//1094 4348//1068 1638//1070
f 4349//2838 2617//2846 116//1098
f 1639//1106 4350//1074 1641//1072
f 4351//1077 1642//1079 118//1108
f 4977//1078 2851//1109 118//1108
f 4352//4657 1646//1085 119//1110
f 1644//1081 4978//4658 2840//5171
f 1645//1113 4353//1084 1648//1088
f 1647//1115 4354//1093 1650//1091
f 1649//1118 4355//1097 1652//1095
f 4356//1099 1654//1101 123//1126
f 1653//1129 4357//1100 2616//1133
f 1655//1134 4358//1105 1656//1103
f 4359//4716 3856//1136 125//1135
f 1658//1142 4360//4653 1660//1112
f 1659//1138 4361//1111 1662//1116
f 1661//1143 4362//1121 1664//1119
f 1663//1147 4363//1125 1666//1123
f 4364//5172 1668//1128 130//1156
f 4365//1127 1670//1132 131//1160
f 4366//1131 1671//1137 132//1165
f 1671//1137 4367//4718 3858//4726
f 1672//1171 4368//1141 1674//1139
f 1673//1172 4369//1146 1676//1144
f 1675//1175 4370//1150 1678//1148
f 1677//1179 4371//1155 1680//1153
f 4372//1152 1682//1158 138//1188
f 4373//1157 1684//1162 139//1192
f 4374//1161 1686//1164 140//1196
f 1685//1199 4375//1166 3857//1203
f 4376//1168 1690//1173 143//1209
f 5002//5173 2880//5451 133//1167
f 4377//1178 1692//1176 144//1213
f 4378//1182 1694//1180 145//1217
f 1693//1220 4379//1187 1696//1185
f 1695//1221 4380//1184 1698//1190
f 1697//1224 4381//1189 1700//1194
f 1699//1228 4382//1193 1702//1198
f 1701//1232 4383//1197 1703//1202
f 1703//1202 5009//1201 2908//3288
f 4384//1206 1707//1211 152//1244
f 5010//5174 2895//5459 142//1205
f 4385//1210 1709//1215 153//1248
f 4386//1214 1711//1219 154//1252
f 1710//1255 4387//1218 1713//1222
f 1712//1256 4388//1227 1715//1225
f 1714//1259 4389//1231 1717//1229
f 1716//1263 4390//1235 1719//1233
f 1718//1267 4391//1237 1720//1239
f 1720//1239 5017//1238 2923//3309
f 4400//1345 1745//1283 161//1280
f 5018//5175 2910//5467 151//1240
f 4401//1342 1744//1288 162//1285
f 4402//1339 1743//1293 163//1290
f 4403//1336 1742//1333 164//1297
f 1729//1295 4404//1298 1741//1331
f 1731//1299 4405//1302 1740//1328
f 1733//1304 4406//1307 1739//1325
f 1735//1309 4407//1312 1738//1322
f 4407//1312 1754//1320 169//1319
f 1738//1322 5033//1321 2938//3330
f 4406//1307 1753//1324 170//1323
f 4405//1302 1752//1327 171//1326
f 4404//1298 1751//1330 172//1329
f 1742//1333 4403//1336 1750//1334
f 1743//1293 4402//1339 1749//1337
f 1744//1288 4401//1342 1748//1340
f 1745//1283 4400//1345 1747//1343
f 5026//5176 2947//1346 177//1344
f 4408//1276 1758//1282 179//1351
f 5034//5177 2925//5468 160//1275
f 4409//1281 1760//1287 180//1355
f 4410//1286 1762//1292 181//1359
f 4411//1291 1764//1296 182//1365
f 1763//1363 4412//1303 1766//1300
f 1765//1368 4413//1308 1768//1305
f 1767//1372 4414//1313 1770//1310
f 1769//1376 4415//1315 1771//1317
f 1771//1317 5041//1316 2968//3368
f 1772//1385 4417//5178 1774//1364
f 1773//1384 4418//1371 1776//1369
f 4417//5178 1975//1758 182//1365
f 1775//1387 4419//1375 1778//1373
f 1777//1391 4420//1379 1780//1377
f 1779//1398 4421//1381 1781//1383
f 1781//1383 5047//1382 2977//3381
f 1782//1404 4422//5179 1784//1388
f 4514//1407 1990//1793 303//1786
f 1783//1403 4423//1394 1786//1392
f 4422//5179 1987//1783 188//1389
f 1785//1411 4513//1399 1787//1397
f 4515//5180 1988//1413 195//1415
f 1786//1392 4513//1399 1789//1414
f 1787//1397 4424//1396 1788//1402
f 4512//5181 1989//1794 193//1406
f 4513//1399 1785//1411 195//1415
f 4425//1348 1793//1353 197//1420
f 5051//5182 2955//5491 178//1347
f 4426//1352 1795//1357 198//1424
f 4427//1356 1797//1361 199//1429
f 4428//1360 1798//1366 200//1433
f 4429//1765 1977//1769 199//1429
f 4508//1367 1976//1432 200//1433
f 4509//1431 1978//1434 201//1436
f 4430//1417 1803//1422 203//1441
f 5056//5183 2986//5500 196//1416
f 4431//1421 1805//1426 204//1445
f 4432//1425 1799//1430 201//1436
f 1806//1447 4507//1446 1980//1774
f 1806//1447 4510//5231 1807//1448
f 1807//1448 4510//5231 1979//1780
f 4433//1438 1811//1443 207//1457
f 5059//5184 2995//5503 202//1437
f 4434//1442 1807//1448 205//1451
f 4511//1452 1973//1460 208//1462
f 4435//1454 1816//1459 210//1467
f 1813//1463 4506//1755 1974//1465
f 5061//5185 3002//5505 206//1453
f 4436//1458 1812//1449 208//1462
f 4312//5167 1823//1476 211//1469
f 4441//1561 1823//1476 213//1475
f 1819//1482 4438//1477 1825//1474
f 4962//5186 3013//1487 216//1486
f 1821//1468 4442//1595 1830//1598
f 4439//1589 1864//1485 215//1484
f 1823//1476 4441//1561 1826//1565
f 4442//1595 1821//1468 211//1469
f 4460//5187 1875//1557 234//1559
f 4461//5188 1872//1564 235//1560
f 4459//1571 1876//1566 236//1568
f 4460//5187 1871//1562 237//1570
f 1829//1488 4439//1589 1822//1483
f 1830//1598 5068//1597 3012//3421
f 4448//5189 1841//1516 223//1518
f 4450//5190 1837//1489 218//1497
f 4448//5189 1834//1495 219//1499
f 1832//1501 4449//1500 1843//1523
f 1833//1506 4445//1581 1836//1510
f 4443//1498 1861//1502 219//1499
f 4445//1581 1865//1584 221//1511
f 1837//1489 4446//1494 1860//1567
f 1838//1493 4447//1515 1859//1558
f 4453//5191 1846//1526 223//1518
f 4454//5192 1854//1531 227//1533
f 1840//1521 4451//1520 1850//1538
f 4454//5192 1841//1516 224//1519
f 1841//1516 4448//5189 1832//1501
f 1842//1508 4437//1507 1969//1751
f 4449//1500 1842//1508 225//1524
f 4450//5190 1846//1526 226//1528
f 1845//1530 4503//1492 1844//1490
f 1846//1526 4450//5190 1831//1496
f 4455//5193 1855//1553 231//1546
f 4457//1555 1853//1541 227//1533
f 4455//5193 1854//1531 228//1534
f 1848//1536 4458//1535 1858//1550
f 1849//1522 4504//1525 1968//1747
f 4451//1520 1849//1522 229//1539
f 4453//5191 1853//1541 230//1543
f 1852//1545 4452//1529 1851//1527
f 1853//1541 4453//5191 1839//1517
f 1854//1531 4454//5192 1840//1521
f 1855//1553 4455//5193 1848//1536
f 1857//1537 4505//1540 1971//1749
f 4458//1535 1857//1537 350//1970
f 4447//1515 1869//1591 234//1559
f 4446//1494 1875//1557 236//1568
f 1861//1502 4443//1498 1876//1566
f 1862//1577 4459//1571 1870//1569
f 1862//1577 4463//1576 1874//1578
f 1863//1580 4462//5200 1877//5194
f 1863//1580 4463//1576 1878//1574
f 1864//1485 4439//1589 1873//5195
f 1865//1584 4445//1581 1877//5194
f 5071//5196 3025//1512 221//1511
f 1866//1590 4462//5200 1873//5195
f 5088//5197 3060//1583 242//1585
f 1867//1592 5073//3477 3052//5198
f 4461//5188 1869//1591 244//1593
f 1868//1596 5087//5514 3055//5199
f 1869//1591 4461//5188 1827//1563
f 4462//5200 1863//1580 241//1582
f 1875//1557 4460//5187 1828//1572
f 4459//1571 1862//1577 238//1573
f 4462//5200 1866//1590 242//1585
f 4247//5201 1446//652 246//1599
f 1880//707 4465//1631 1889//1628
f 4316//5202 1576//5168 248//1603
f 1882//978 4467//5169 1891//1636
f 1885//1615 4476//1614 1917//1660
f 1885//1615 4479//1625 1898//1623
f 4239//5203 1900//1620 251//1618
f 4318//1609 1899//1635 252//1621
f 1888//1626 4477//5209 1896//1641
f 1888//1626 4479//1625 1920//5204
f 1889//1628 4465//1631 1895//5205
f 1890//1632 4464//5815 1894//1634
f 4467//5169 1897//1639 257//1637
f 1892//973 4466//968 1902//1643
f 1893//1616 4475//1619 1903//5206
f 4481//5207 1921//5219 255//1630
f 4480//5208 1909//1629 254//1627
f 4477//5209 1904//5212 259//1642
f 1897//1639 4473//5216 1911//1664
f 1899//1635 4482//1638 1907//1652
f 1900//1620 4478//1622 1906//1648
f 1902//1643 4474//5211 1913//5210
f 4475//1619 1916//1647 265//1662
f 4481//5207 1894//1634 256//1633
f 4474//5211 1902//1643 259//1642
f 1904//5212 4477//5209 1918//5213
f 1905//1646 4483//1656 1920//5204
f 1905//1646 4486//1645 1937//1694
f 4478//1622 1919//1651 261//1649
f 4482//1638 1924//1663 262//1653
f 1908//1657 4483//1656 1933//5214
f 1908//1657 4490//1668 1918//5213
f 1909//1629 4480//5208 1922//1677
f 4488//5215 1923//1674 265//1662
f 4491//1650 1943//1681 275//1696
f 4473//5216 1914//1673 266//1665
f 1912//1669 4485//1671 1915//5217
f 1912//1669 4490//1668 1942//5218
f 4473//5216 1897//1639 258//1640
f 1913//5210 4474//5211 1915//5217
f 1914//1673 4473//5216 1913//5210
f 1914//1673 4484//5223 1931//1698
f 4474//5211 1904//5212 267//1667
f 4477//5209 1888//1626 263//1655
f 1919//1651 4492//1654 1926//1682
f 4479//1625 1885//1615 260//1644
f 1921//5219 4480//5208 1895//5205
f 4481//5207 1923//1674 269//1676
f 4480//5208 1921//5219 269//1676
f 4487//5220 1929//1659 264//1658
f 1923//1674 4481//5207 1903//5206
f 1924//1663 4489//1666 1927//1686
f 1925//1680 4494//1690 1933//5214
f 1925//1680 4502//1679 1964//1726
f 4492//1654 1944//1685 271//1683
f 4489//1666 1941//1697 272//1687
f 1928//1691 4494//1690 1954//5221
f 1928//1691 4495//1702 1942//5218
f 1929//1659 4487//5220 1939//1711
f 4500//5222 1940//1708 275//1696
f 4501//1684 1963//1716 285//1729
f 4484//5223 1935//1707 276//1699
f 4495//1702 1955//1735 287//1736
f 4498//5224 1936//1704 277//1701
f 4483//1656 1905//1646 270//1678
f 1934//1672 4485//1671 1936//1704
f 4484//5223 1934//1672 278//1706
f 4497//5225 1951//1733 276//1699
f 4485//1671 1912//1669 277//1701
f 4488//5215 1940//1708 279//1710
f 4487//5220 1938//1675 279//1710
f 4499//5226 1949//1693 274//1692
f 1940//1708 4488//5215 1910//1661
f 1941//1697 4493//1700 1947//1723
f 4490//1668 1908//1657 273//1689
f 1944//1685 4496//1688 1946//1718
f 1945//1714 4471//1720 1954//5221
f 4496//1688 1956//1717 281//1715
f 4493//1700 1953//1731 282//1719
f 4470//1721 1955//1735 283//1724
f 1949//1693 4499//5226 1961//1741
f 1950//1725 4469//1728 1962//1740
f 1951//1733 4497//5225 1958//1738
f 4472//1734 1959//1737 287//1736
f 4494//1690 1925//1680 280//1712
f 4495//1702 1928//1691 283//1724
f 4498//5224 1959//1737 288//1739
f 4497//5225 1957//1705 288//1739
f 1959//1737 4498//5224 1932//1703
f 4500//5222 1962//1740 289//1742
f 4499//5226 1960//1709 289//1742
f 1962//1740 4500//5222 1930//1695
f 1965//1513 5129//5510 3027//5227
f 1966//1744 5078//5511 3034//5228
f 5082//5229 3041//5512 290//1743
f 1968//1747 4504//1525 1970//1753
f 1969//1751 4437//1507 1972//1509
f 1970//1753 5130//1752 3148//3469
f 1972//1509 5063//3447 3149//3458
f 1973//1460 4511//1452 1986//1782
f 4417//5178 1981//1763 295//1757
f 1976//1432 4508//1367 1982//1760
f 4429//1765 1983//1767 298//1770
f 1978//1434 4509//1431 1984//1768
f 1979//1780 4510//5231 1985//1778
f 5043//5230 3151//3360 295//1757
f 1982//1760 5134//1759 3152//3398
f 5055//1766 3153//1771 298//1770
f 1984//1768 5135//3396 3154//3402
f 4510//5231 1806//1447 300//1776
f 1985//1778 5136//1777 3155//3411
f 1986//1782 5137//1781 3150//3416
f 4422//5179 1991//1789 302//1784
f 4515//5180 1993//1410 304//1791
f 1989//1794 4512//5181 1992//1790
f 5048//5232 3156//1785 302//1784
f 1992//1790 5138//3386 3158//1796
f 5141//3388 3157//1792 304//1791
f 5042//3374 2970//3370 296//1761
f 1997//1803 4517//1808 2040//869
f 4518//1815 2038//862 59//861
f 4536//5233 3960//1801 306//1797
f 2000//1807 4542//5236 2006//1820
f 4538//5234 2002//1812 308//1809
f 2002//1812 4538//5234 2012//1878
f 4544//5165 2041//5239 309//1814
f 4540//5235 2015//1871 310//1818
f 2005//1811 4547//1810 2044//1816
f 4542//5236 2010//1881 311//1821
f 2007//1799 4546//1798 2043//1819
f 2008//1822 4520//1827 2034//1886
f 2009//1828 4543//1832 2033//1883
f 4527//1880 2007//1799 311//1821
f 2010//1881 4542//5236 3969//4883
f 4539//5237 2032//1876 315//1839
f 2012//1878 4523//1806 2003//1804
f 2012//1878 4538//5234 3967//4875
f 4541//5238 2031//1845 316//1841
f 4524//4892 3971//1849 317//1847
f 4525//4870 2005//1811 310//1818
f 4540//5235 3972//1873 326//1872
f 2016//1826 4537//5819 3965//4863
f 4528//1831 2020//1829 319//1854
f 4529//1834 2022//1836 320//1856
f 4530//1857 3961//4848 321//1859
f 4531//1860 2025//1837 322//1862
f 4532//1863 3963//4856 323//1865
f 4533//1866 2028//1843 324//1868
f 4534//1842 2030//1848 325//1869
f 4535//1825 2018//1823 318//1852
f 4541//5238 3966//1870 326//1872
f 2032//1876 4522//1875 3964//1840
f 4539//5237 3968//1877 327//1874
f 4526//1882 3962//1835 314//1833
f 4543//1832 2036//1884 328//1879
f 2034//1886 4520//1827 2035//4862
f 4536//5233 1999//1800 329//1885
f 2037//1889 4277//5818 1506//838
f 4518//1815 2041//5239 331//1890
f 4284//859 1522//830 332//1891
f 4517//1808 2043//1819 333//1892
f 4544//5165 1521//868 331//1890
f 2043//1819 4546//1798 1524//835
f 2045//793 4266//1905 2053//5240
f 2046//854 4282//5162 2078//5241
f 2047//1916 4274//2282 2052//5242
f 4917//5243 3242//5556 339//1921
f 2049//890 4289//1922 2080//5244
f 2050//5245 4657//4906 2314//4909
f 2051//5246 4661//2316 2320//5247
f 2052//5248 4665//2334 2328//5249
f 4549//5250 2055//5251 336//1909
f 2054//1894 4549//5250 2053//5240
f 2055//5251 4549//5250 2054//1894
f 2056//1957 4551//1956 2063//1950
f 4555//5252 2075//2001 345//1955
f 4554//2003 2073//1993 346//1960
f 4550//1961 2061//1896 347//1963
f 4553//5253 2072//1991 336//1907
f 4557//5254 2081//2056 348//1966
f 4556//2081 2117//2083 349//1967
f 5083//3465 3044//3472 233//1554
f 4673//5255 2344//2369 352//1978
f 5286//5045 3998//1932 340//1928
f 4685//2423 2368//5301 353//1984
f 4676//5256 2350//2385 343//1947
f 2069//1992 4697//2475 2392//5257
f 4688//5258 2374//2437 338//1918
f 4553//5253 2073//1993 355//1995
f 4700//5259 2398//2489 336//1907
f 2073//1993 4553//5253 2059//1906
f 2074//2002 4555//5252 2076//1954
f 2075//2001 4554//2003 2057//1959
f 4555//5252 2056//1957 344//1952
f 2076//1954 5181//1953 3238//3826
f 4282//5162 1516//853 341//5164
f 4556//2081 2062//1965 348//1966
f 4557//5254 2060//1962 347//1963
f 4559//1979 2087//1982 360//2015
f 2085//1975 5185//5550 3448//4063
f 2086//2014 4560//2016 2089//1985
f 2088//2017 4561//2019 2091//1989
f 4562//2022 2092//1996 363//2025
f 2092//1996 4575//1997 2093//2024
f 4575//1997 2095//2000 364//2027
f 2094//2026 4563//1999 2096//2006
f 2095//2000 4575//1997 2123//1994
f 2096//2006 5189//2005 3256//3840
f 4745//2034 2443//2517 367//2036
f 4751//2631 2484//5335 368//2042
f 4755//2649 2492//5336 369//2047
f 4759//5260 2499//5337 370//2053
f 4568//1900 2449//2552 372//2061
f 4577//2058 2125//2010 358//2008
f 4765//2689 2510//5338 366//2032
f 4570//2069 2111//2035 374//2071
f 4571//2039 2113//2041 375//2073
f 4572//2074 2115//2046 376//2076
f 2114//2075 4573//2050 2116//2051
f 2116//2051 5199//3860 3274//2079
f 5182//2082 3229//1968 349//1967
f 4574//5261 2109//2031 373//2068
f 2119//2065 4576//5262 2124//2059
f 2120//2012 5178//2029 3247//3830
f 2121//2077 5204//5822 3282//3868
f 4576//5262 2119//2065 379//2085
f 2122//2084 4578//5821 2126//2060
f 4576//5262 2122//2084 371//2057
f 4593//2173 2181//2090 380//2088
f 4592//2152 2182//2096 381//2094
f 2129//2100 4581//2182 2139//2086
f 2130//2105 4583//2156 2140//2092
f 2131//2110 4584//2099 2141//2102
f 2132//2115 4585//2104 2142//2107
f 4595//2199 2183//2120 386//2118
f 4598//5263 2178//2126 387//2124
f 2135//2130 4586//5823 2143//2116
f 2136//2135 4588//5824 2144//2122
f 2137//2142 4590//2129 2145//2132
f 2137//2142 4620//5278 2218//2215
f 2138//2144 4591//2134 2146//2137
f 4580//2089 2151//2101 382//2098
f 4582//2095 2152//2106 383//2103
f 4596//2179 2153//2187 384//2108
f 4604//2184 2154//2111 385//2113
f 4262//2119 2148//2131 388//2128
f 4587//2125 2157//2136 389//2133
f 4600//2209 2159//2216 391//2145
f 4579//2191 2188//737 393//2149
f 2148//2131 4262//2119 2174//2148
f 4607//2162 2195//5275 401//2170
f 4605//2166 2193//5274 403//2175
f 2151//2101 4580//2089 2172//2169
f 2152//2106 4582//2095 2175//2174
f 4596//2179 2200//5826 408//2185
f 2153//2187 4617//5277 2215//5264
f 4604//2184 2203//5827 409//2189
f 4601//2195 2186//5271 413//2201
f 4599//5154 2180//5267 415//2205
f 2157//2136 4587//2125 2169//2200
f 2158//770 4589//5155 2167//2204
f 4600//2209 2201//5828 420//2214
f 2159//2216 4616//5279 2214//2143
f 4594//2213 2199//5829 421//2218
f 4599//5154 1474//759 34//761
f 2168//5265 4623//758 2225//2196
f 4612//2139 2202//5825 397//2158
f 2177//2140 4622//5157 2220//2141
f 2178//2126 4598//5263 2179//5266
f 4598//5263 2134//2123 414//2203
f 4599//5154 2168//5265 411//2194
f 2181//2090 4593//2173 2192//5268
f 2182//2096 4592//2152 2189//5269
f 2183//2120 4595//2199 2185//5270
f 4601//2195 2184//2192 410//2190
f 4603//5272 2188//737 28//736
f 2188//737 4603//5272 2190//5273
f 4603//5272 2187//2163 399//2165
f 4605//2166 2191//2159 398//2161
f 4607//2162 2196//2147 392//2146
f 2197//708 4608//5152 2198//5276
f 4608//5152 1462//705 400//2168
f 4619//2114 2208//741 29//740
f 2204//2157 4622//5157 2177//2140
f 4617//5277 2219//2186 422//2220
f 4597//2109 2215//5264 423//2222
f 4615//2226 2213//2188 424//2224
f 4619//2114 2217//2112 425//2225
f 4620//5278 2220//2141 426//2228
f 4616//5279 2218//2215 427//2230
f 4614//2234 2214//2143 428//2232
f 4618//5156 2216//2217 429//2233
f 4616//5279 2210//2229 428//2232
f 4617//5277 2205//2219 423//2222
f 4620//5278 2209//2227 427//2230
f 4621//715 1466//718 422//2220
f 4622//5157 1480//739 426//2228
f 2221//2237 4255//5814 1461//699
f 4624//2236 2226//2164 431//2238
f 2222//2239 4255//5814 2221//2237
f 2223//2242 4260//5817 1473//733
f 2224//2244 4260//5817 2223//2242
f 2227//2193 4625//732 1475//738
f 2289//5280 4669//2350 2336//5281
f 2290//5282 4675//2381 2348//5283
f 4671//2361 2340//2255 466//2254
f 4659//5284 2317//2258 467//2257
f 2293//2259 4672//2365 2342//5285
f 2294//2256 4674//2376 2346//5286
f 2295//5287 4677//2389 2352//5288
f 2296//5289 4681//2406 2360//5290
f 2297//5291 4687//2434 2372//5292
f 2298//2270 4683//2416 2364//2272
f 2299//2274 4679//2399 2356//2276
f 2300//1981 4663//2327 2324//2279
f 2301//2280 4680//5299 2358//2402
f 2302//2277 4684//5300 2366//2419
f 2303//2273 4686//5302 2370//2429
f 2304//5293 4689//2441 2376//5294
f 2305//5295 4693//2458 2384//5296
f 2306//5297 4699//2486 2396//5298
f 2307//2293 4695//2468 2388//2295
f 2308//2297 4691//2451 2380//2299
f 2309//1987 4667//2344 2332//2302
f 2310//2303 4692//5303 2382//2454
f 2311//2300 4696//5304 2390//2471
f 2312//2296 4698//5305 2394//2481
f 2313//2309 4657//4906 2316//2248
f 4658//2247 2317//2258 481//2310
f 2316//2248 4657//4906 2050//5245
f 4659//5284 3976//4917 481//2310
f 4659//5284 2292//1974 351//1973
f 4661//2316 2322//2263 483//2320
f 2321//2323 4662//2262 2324//2279
f 2322//2263 4661//2316 2051//5246
f 2323//2324 4663//2327 2326//1977
f 2325//2319 4664//1948 2320//5247
f 4663//2327 2300//1981 352//1978
f 4665//2334 2330//2285 487//2337
f 2329//2340 4666//2284 2332//2302
f 2330//2285 4665//2334 2052//5248
f 4667//2344 2334//1983 489//2345
f 2333//2336 4668//1919 2328//5249
f 4667//2344 2309//1987 353//1984
f 4669//2350 2338//2252 491//2354
f 4672//2365 2293//2259 464//2246
f 4670//2251 2340//2255 492//2358
f 2338//2252 4669//2350 2289//5280
f 2339//2362 4671//2361 2342//5285
f 2341//2353 4672//2365 2336//5281
f 4671//2361 2291//2253 467//2257
f 4673//5255 2346//5286 495//2373
f 2344//2369 4676//5256 2068//1949
f 2345//2377 4674//2376 2348//5283
f 4673//5255 2065//1980 466//2254
f 4675//2381 2350//2385 497//2383
f 4674//2376 2294//2256 465//2250
f 4676//5256 2344//2369 494//2366
f 2350//2385 4675//2381 2290//5282
f 4677//2389 2354//2266 499//2392
f 4680//5299 2301//2280 468//2261
f 2353//2395 4678//2265 2356//2276
f 2354//2266 4677//2389 2295//5287
f 4679//2399 2358//2402 501//2400
f 2357//2391 4680//5299 2352//5288
f 4679//2399 2299//2274 473//2278
f 4681//2406 2362//2269 503//2409
f 4684//5300 2302//2277 469//2264
f 2361//2412 4682//2268 2364//2272
f 2362//2269 4681//2406 2296//5289
f 4683//2416 2366//2419 505//2417
f 2365//2408 4684//5300 2360//5290
f 4683//2416 2298//2270 472//2275
f 4685//2423 2370//2429 507//2426
f 2368//5301 4688//5258 2070//1920
f 2369//2430 4686//5302 2372//5292
f 2370//2429 4685//2423 2067//1986
f 4687//2434 2374//2437 509//2435
f 4686//5302 2303//2273 470//2267
f 2373//2425 4688//5258 2368//5301
f 2374//2437 4687//2434 2297//5291
f 4689//2441 2378//2289 511//2444
f 4692//5303 2310//2303 474//2283
f 2377//2447 4690//2288 2380//2299
f 2378//2289 4689//2441 2304//5293
f 4691//2451 2382//2454 513//2452
f 2381//2443 4692//5303 2376//5294
f 4691//2451 2308//2297 479//2301
f 4693//2458 2386//2292 515//2461
f 4696//5304 2311//2300 475//2287
f 2385//2464 4694//2291 2388//2295
f 2386//2292 4693//2458 2305//5295
f 4695//2468 2390//2471 517//2469
f 2389//2460 4696//5304 2384//5296
f 2390//2471 4695//2468 2307//2293
f 4697//2475 2394//2481 519//2478
f 4700//5259 2072//1991 354//1990
f 2393//2482 4698//5305 2396//5298
f 2394//2481 4697//2475 2069//1992
f 4699//2486 2398//2489 521//2487
f 4698//5305 2312//2296 476//2290
f 2397//2477 4700//5259 2392//5257
f 2398//2489 4699//2486 2306//5297
f 4701//5306 2400//2480 522//2490
f 2400//2480 4702//2479 2401//2484
f 4703//5307 2402//2488 522//2490
f 4705//5308 2404//2463 523//2491
f 2404//2463 4706//2462 2405//2466
f 4707//5309 2406//2470 523//2491
f 4709//5310 2408//2446 524//2492
f 2408//2446 4710//2445 2409//2449
f 4711//5311 2410//2453 524//2492
f 4713//5312 2412//2428 525//2493
f 2412//2428 4714//2427 2413//2432
f 4715//5313 2414//2436 525//2493
f 4717//5314 2416//2411 526//2494
f 2416//2411 4718//2410 2417//2414
f 4719//5315 2418//2418 526//2494
f 4721//5316 2420//2394 527//2495
f 2420//2394 4722//2393 2421//2397
f 4723//5317 2422//2401 527//2495
f 4725//2367 2424//2375 528//2496
f 2424//2375 4726//2374 2425//2380
f 4727//2379 2426//2384 528//2496
f 4729//2348 2428//2356 529//2497
f 2428//2356 4730//2355 2429//2360
f 4731//2359 2430//2364 529//2497
f 4733//5318 2432//2339 530//2498
f 2432//2339 4734//2338 2433//2342
f 4735//5319 2434//2346 530//2498
f 4737//2314 2436//2322 531//2499
f 2436//2322 4738//2321 2437//2325
f 4739//2330 2438//2329 531//2499
f 2439//2306 4742//2305 2440//2312
f 2440//2312 4743//2311 3975//2502
f 4764//5320 2508//2685 533//2505
f 2442//2512 4747//2508 3977//4921
f 2442//2512 4748//2511 2470//2600
f 2443//2517 4745//2034 2456//2503
f 2444//2521 4748//2511 2455//2509
f 4750//2520 2460//2522 537//2524
f 4754//5321 2490//2645 537//2524
f 2446//2531 4749//2530 2464//2572
f 2446//2531 4750//2520 2458//2518
f 2447//2048 4758//5830 2498//2535
f 4761//5322 2502//2671 541//2541
f 2448//2545 5387//2544 3655//5323
f 2449//2552 4568//1900 2453//2548
f 2450//2540 4749//2530 2454//2528
f 2450//2540 5375//5651 3614//5076
f 4746//4926 2453//2548 542//2546
f 2452//2507 4746//4926 3978//4924
f 2453//2548 4746//4926 2479//2627
f 4747//2508 2442//2512 535//2514
f 2457//2526 4748//2511 2444//2521
f 2459//2543 4749//2530 2450//2540
f 4750//2520 2446//2531 539//2532
f 4766//2693 2512//5339 544//2554
f 2462//2556 4772//4947 4139//5324
f 4749//2530 2459//2543 546//2563
f 4749//2530 2463//2565 547//2570
f 4773//2720 2524//5340 548//2574
f 2466//2577 4777//2738 2532//5325
f 2467//2581 4784//2766 2546//5326
f 2468//2589 4748//2511 2457//2526
f 4748//2511 2468//2589 552//2591
f 2470//2600 4748//2511 2469//2594
f 4776//5327 2530//2734 551//2586
f 4780//5328 2538//2593 552//2591
f 4783//5329 2544//2599 553//2595
f 4788//2782 2554//5341 554//2602
f 2475//2605 4792//2797 2562//5330
f 2476//2064 4794//2806 2566//5331
f 4746//4926 2452//2507 557//2613
f 4746//4926 2477//2616 558//2618
f 2479//2627 4746//4926 2478//2621
f 4787//5332 2552//2615 557//2613
f 4791//5333 2560//2620 558//2618
f 4793//5334 2564//2626 559//2622
f 4751//2631 2486//2576 561//2635
f 4754//5321 2445//2044 368//2042
f 2485//2638 4752//2575 2488//2585
f 2486//2576 4751//2631 2098//2043
f 4753//2525 2490//2645 563//2643
f 2489//2634 4754//5321 2484//5335
f 4755//2649 2494//2045 565//2653
f 2492//5336 4758//5830 2447//2048
f 2493//2656 4756//2527 2496//2523
f 4755//2649 2100//2040 368//2042
f 4757//2660 2498//2535 567//2662
f 2497//2652 4758//5830 2492//5336
f 4759//5260 3980//4933 568//2664
f 2499//5337 4761//5322 2448//2545
f 4760//2542 2502//2671 569//2669
f 2501//2666 4761//5322 2499//5337
f 2503//2677 4762//2603 2506//2612
f 2504//2604 4765//2689 2106//2033
f 4763//2506 2508//2685 572//2682
f 2507//2686 4764//5320 2510//5338
f 4765//2689 2504//2604 570//2674
f 2510//5338 4764//5320 2441//2504
f 4766//2693 2514//2559 575//2697
f 4769//2566 4130//2568 544//2554
f 2513//2700 4767//2558 2516//2569
f 2514//2559 4766//2693 2461//2553
f 4768//2704 2518//2564 577//2706
f 4767//2558 4144//2561 547//2570
f 2517//2696 4769//2566 2512//5339
f 2519//2711 4770//2536 2521//2534
f 4772//4947 2462//2556 369//2047
f 4771//2533 3983//2715 579//2714
f 4772//4947 2520//2049 578//2708
f 4773//2720 2526//2580 581//2724
f 4776//5327 2471//2587 548//2574
f 2525//2727 4774//2579 2528//2590
f 2526//2580 4773//2720 2465//2573
f 4775//2588 2530//2734 583//2732
f 2529//2723 4776//5327 2524//5340
f 4777//2738 2534//2584 585//2741
f 4780//5328 2472//2592 549//2578
f 2533//2744 4778//2583 2536//2597
f 2534//2584 4777//2738 2466//2577
f 4779//2596 2538//2593 587//2748
f 2537//2740 4780//5328 2532//5325
f 2539//2753 4781//2037 2542//2516
f 4784//2766 2467//2581 367//2036
f 4782//2515 2544//2599 590//2760
f 2543//2763 4783//5329 2546//5326
f 4784//2766 2540//2038 588//2750
f 4783//5329 2473//2598 550//2582
f 2547//2770 4785//2607 2550//2617
f 2548//2608 4788//2782 2474//2601
f 4786//2775 2552//2615 594//2776
f 2551//2779 4787//5332 2554//5341
f 4788//2782 2548//2608 592//2767
f 4787//5332 2480//2614 554//2602
f 2555//2786 4789//2610 2558//2624
f 2556//2611 4792//2797 2475//2605
f 4790//2623 2560//2620 598//2791
f 2559//2794 4791//5333 2562//5330
f 4792//2797 2556//2611 596//2783
f 4791//5333 2481//2619 555//2606
f 2563//2801 4793//5334 2566//5331
f 4794//2806 2568//2063 602//2807
f 4793//5334 2482//2625 556//2609
f 2567//2810 4795//2062 2570//2551
f 2568//2063 4794//2806 2476//2064
f 4796//2550 2564//2626 600//2798
f 2571//2800 4797//2799 2572//2804
f 4798//5342 2573//2809 604//2813
f 2573//2809 4799//2808 2574//2811
f 2575//2785 4801//2784 2576//2789
f 4802//5343 2577//2793 605//2815
f 2577//2793 4803//2792 2578//2795
f 2579//2769 4805//2768 2580//2773
f 4806//5344 2581//2778 606//2817
f 2581//2778 4807//2777 2582//2780
f 2583//2752 4809//2751 2584//2758
f 4810//2757 2585//2762 607//2819
f 2585//2762 4811//2761 2586//2764
f 4813//5345 2588//2743 608//2820
f 2588//2743 4814//2742 2589//2746
f 4815//5346 2590//2749 608//2820
f 4817//2718 2592//2726 609//2821
f 2592//2726 4818//2725 2593//2730
f 4819//2729 2594//2733 609//2821
f 2595//2710 4821//2709 2596//2716
f 2596//2716 4822//4943 3982//4939
f 4825//2691 2598//2699 611//2824
f 2598//2699 4826//2698 2599//2703
f 4827//2702 2600//2707 611//2824
f 2601//2676 4829//2675 2602//2680
f 4830//5347 2603//2684 612//2825
f 2603//2684 4831//2683 2604//2687
f 2605//2668 4833//2667 3979//4929
f 2607//2648 4837//2647 2608//2655
f 2608//2655 4838//2654 2609//2659
f 2609//2659 4839//2658 2610//2663
f 4841//2629 2612//2637 615//2830
f 2612//2637 4842//2636 2613//2641
f 4843//2640 2614//2644 615//2830
f 2615//1069 4341//2836 2618//5348
f 4357//1100 2619//2845 620//2844
f 4349//2838 2621//2840 621//2847
f 4852//5349 2627//2839 618//2837
f 2619//2845 4850//5356 2631//5350
f 2620//2832 4851//2843 2624//5351
f 4848//2852 2625//5355 621//2847
f 4849//5352 2628//2855 619//2842
f 2623//2833 4853//5354 2635//5353
f 4851//2843 2634//2848 622//2850
f 4853//5354 2623//2833 616//2831
f 2625//5355 4848//2852 2630//2854
f 4850//5356 2619//2845 621//2847
f 4854//2857 2642//2870 628//2872
f 4859//5357 2637//2866 622//2850
f 2627//2839 4852//5349 2636//2869
f 4849//5352 2632//2865 624//2856
f 2629//2860 4855//2859 2643//2875
f 2629//2860 4857//2862 2633//5358
f 2631//5350 4849//5352 2622//2841
f 2631//5350 4850//5356 2633//5358
f 2632//2865 4849//5352 2631//5350
f 2632//2865 4856//2864 2640//2876
f 4850//5356 2625//5355 625//2858
f 2635//5353 4852//5349 2618//5348
f 4853//5354 2637//2866 627//2868
f 4852//5349 2635//5353 627//2868
f 4858//5359 2639//2853 623//2851
f 2637//2866 4853//5354 2624//5351
f 4863//2878 2658//2890 634//2892
f 4865//5360 2649//2886 628//2872
f 2639//2853 4858//5359 2648//2889
f 4856//2864 2645//2885 630//2877
f 2641//2881 4861//5362 2646//2882
f 2641//2881 4862//2880 2657//2893
f 2644//2863 4857//2862 2646//2882
f 2645//2885 4856//2864 2644//2863
f 2645//2885 4860//5363 2652//2900
f 4857//2862 2629//2860 631//2879
f 4859//5357 2649//2886 633//2888
f 4858//5359 2647//2867 633//2888
f 4864//5361 2651//2874 629//2873
f 2649//2886 4859//5357 2626//2849
f 4845//2895 2661//2905 634//2892
f 2651//2874 4864//5361 2660//2906
f 2652//2900 4860//5363 2655//2903
f 4847//2898 2656//2902 637//2901
f 4861//5362 2656//2902 638//2904
f 4860//5363 2654//2883 638//2904
f 2656//2902 4861//5362 2641//2881
f 4865//5360 2661//2905 639//2907
f 4864//5361 2659//2887 639//2907
f 2661//2905 4865//5360 2638//2871
f 2662//2911 4873//1472 2664//2933
f 2663//2910 4872//2909 2666//2937
f 2663//2910 4881//2915 2682//5364
f 2664//2933 4873//1472 3009//3420
f 2665//2914 4871//2913 2668//2941
f 2665//2914 4880//2919 2692//5365
f 4872//2909 2675//2932 647//2938
f 2667//2918 4870//2917 2670//2945
f 2667//2918 4879//2923 2690//5366
f 4871//2913 2676//2936 648//2942
f 4869//2921 2672//2924 644//2926
f 2669//2922 4878//3508 2688//5367
f 4870//2917 2677//2940 649//2944
f 4868//5368 3081//3522 835//3514
f 4877//3525 2686//2927 644//2926
f 4869//2921 2678//2947 650//2949
f 2673//2929 4875//5371 2684//3506
f 2674//2952 4867//3517 3070//3518
f 2675//2932 4939//2935 2786//5369
f 2676//2936 4940//2939 2788//5370
f 4941//2943 2790//2946 649//2944
f 2678//2947 4942//5414 2792//3510
f 4943//2950 3079//3545 838//3523
f 2681//695 4874//631 2682//5364
f 4881//2915 2691//2969 652//2954
f 2683//5151 4875//5371 1445//656
f 2683//5151 4883//5848 2697//4038
f 4875//5371 3062//2957 831//3505
f 2685//2960 4878//3508 3063//5372
f 4884//5373 2699//3964 655//2962
f 4877//3525 3072//3527 832//3507
f 2687//2964 4879//2923 2688//5367
f 2687//2964 4885//2963 2700//3975
f 2688//5367 4878//3508 2685//2960
f 2689//2967 4880//2919 2690//5366
f 5247//2966 2702//2968 657//2970
f 4879//2923 2687//2964 656//2965
f 4881//2915 2692//5365 657//2970
f 2691//2969 4886//5832 2694//5374
f 4880//2919 2689//2967 657//2970
f 4882//2955 2694//5374 658//2971
f 2694//5374 4886//5832 2701//2981
f 2695//5153 4883//5848 1459//697
f 2695//5153 4888//5849 2707//4044
f 5232//4040 3378//5601 659//2973
f 5251//2974 2709//2976 660//2978
f 2697//4038 4883//5848 3377//4041
f 5252//4037 3350//2956 653//2958
f 5234//5375 3354//5598 957//3955
f 4884//5373 3326//3954 961//3965
f 4885//2963 3318//3963 965//3974
f 2701//2981 4886//5832 3364//4022
f 2701//2981 4891//5833 2704//5376
f 5247//2966 3375//3973 979//4016
f 4887//726 2704//5376 662//2987
f 2704//5376 4891//5833 2713//3006
f 2705//5377 4888//5849 1471//729
f 4893//5158 2718//2988 663//2990
f 2706//2989 4894//3012 2720//2991
f 5249//2994 3380//5602 663//2990
f 2707//4044 4888//5849 3379//4046
f 2708//2992 4895//3755 2722//5378
f 5225//5379 3324//3986 664//2993
f 2709//2976 5251//2974 3383//3982
f 2710//2997 4896//2996 2724//5380
f 2710//2997 5215//5586 3312//3995
f 2711//3000 4897//2999 2726//5381
f 2711//3000 5220//4007 3314//4009
f 2712//3003 4898//3002 2728//5382
f 2712//3003 5244//5600 3316//4013
f 2713//3006 4891//5833 3368//4033
f 4899//3005 2716//2985 662//2987
f 5248//5383 3376//3923 983//4025
f 4892//749 2716//2985 669//3008
f 2716//2985 4899//3005 2727//3024
f 2717//5384 4893//5158 1485//753
f 2717//5384 4901//5160 2732//3009
f 2718//2988 4893//5158 2717//5384
f 2719//3750 4895//3755 3221//5385
f 2719//3750 4903//3749 2734//5386
f 4894//3012 3220//3758 904//3754
f 2721//3015 4896//2996 2722//5378
f 2721//3015 4904//3014 2736//3016
f 4895//3755 2719//3750 671//3013
f 2723//3017 4897//2999 2724//5380
f 2723//3017 4905//5834 2738//5387
f 4896//2996 2721//3015 672//3018
f 2725//3021 4898//3002 2726//5381
f 2725//3021 4906//3020 2740//5388
f 4897//2999 2723//3017 673//3019
f 4899//3005 2728//5382 674//3022
f 2727//3024 4907//3023 2730//3007
f 4898//3002 2725//3021 674//3022
f 4900//5389 2730//3007 675//3027
f 2730//3007 4907//3023 2739//3043
f 4901//5160 1501//789 49//821
f 2731//5161 4909//4048 2744//3786
f 4901//5160 2731//5161 676//3028
f 2733//3032 4904//3014 2734//5386
f 2733//3032 4912//5394 2749//3742
f 4903//3749 3996//5027 677//3033
f 2735//3740 4905//5834 3206//3035
f 5142//3739 3159//3041 679//3040
f 4904//3014 2733//3032 678//3036
f 2737//3039 4906//3020 2738//5387
f 2737//3039 4914//3745 2753//3042
f 2738//5387 4905//5834 2735//3740
f 2739//3043 4907//3023 2740//5388
f 4915//5390 2742//3025 675//3027
f 4906//3020 2737//3039 680//3044
f 4908//817 2742//3025 681//3047
f 2742//3025 4915//5390 2752//3065
f 4910//5391 3240//5555 908//3780
f 2743//3779 4918//5541 2759//5392
f 4909//4048 3446//5839 910//3787
f 2745//3050 4911//3034 3214//5393
f 4919//3049 2761//3051 683//3053
f 4912//5394 2747//3031 683//3053
f 2746//3052 5537//5122 4018//3057
f 2747//3031 4911//3034 2745//3050
f 5170//3062 3210//3673 900//3741
f 2748//3063 5534//5129 2763//5395
f 4912//5394 3208//3055 901//3743
f 2749//3742 5145//4957 3985//4954
f 2750//3061 4914//3745 3209//3747
f 4920//3060 2765//3064 686//3066
f 2751//3038 5172//3662 3211//3680
f 4915//5390 2753//3042 686//3066
f 4921//5396 2755//3045 681//3047
f 2753//3042 4914//3745 2750//3061
f 4916//848 2755//3045 687//3069
f 2755//3045 4921//5396 2764//3084
f 2756//5397 4917//5243 2048//885
f 2756//5397 4923//5166 2770//5398
f 2757//3072 4918//5541 3216//5399
f 2757//3072 4924//3071 2772//5400
f 4919//3049 2759//5392 689//3073
f 2758//3075 4925//3074 2774//5401
f 2759//5392 4918//5541 2757//3072
f 5537//5122 2761//3051 690//3076
f 2761//3051 4919//3049 2758//3075
f 4920//3060 2763//5395 691//3081
f 4928//5402 2780//3083 692//3085
f 2763//5395 5534//5129 4016//5114
f 4921//5396 2765//3064 692//3085
f 4929//5403 2767//3067 687//3069
f 2765//3064 4920//3060 2762//3080
f 4922//880 2767//3067 693//3088
f 2767//3067 4929//5403 2779//3105
f 2768//5404 4923//5166 1545//884
f 2768//5404 4931//4754 3887//4774
f 2769//3091 4924//3071 2770//5398
f 2769//3091 4932//3090 3888//4776
f 4923//5166 2768//5404 694//3089
f 2771//3094 4925//3074 2772//5400
f 2771//3094 4933//3093 3889//4778
f 4924//3071 2769//3091 695//3092
f 4934//3096 3890//4780 697//3098
f 2773//3097 5536//3077 2774//5401
f 4925//3074 2771//3094 696//3095
f 4935//3099 3891//3101 698//3103
f 2775//3100 5535//3082 2776//5112
f 2776//5112 5536//3077 2773//3097
f 4928//5402 2778//3079 698//3103
f 4936//4782 3892//3104 699//3106
f 2778//3079 5535//3082 2775//3100
f 4929//5403 2780//3083 699//3106
f 4937//4784 3886//3086 693//3088
f 2780//3083 4928//5402 2777//3102
f 2781//4795 5518//4794 3894//4749
f 5526//5405 3913//4796 1240//4793
f 2782//3427 4938//3423 3014//3425
f 4946//5406 2798//3107 700//3109
f 2783//3108 4939//2935 2784//5407
f 4947//5408 2800//3110 701//3112
f 4938//3423 2782//3427 700//3109
f 2785//3111 4940//2939 2786//5369
f 4948//5409 2802//3113 702//3115
f 4939//2935 2783//3108 701//3112
f 2787//3114 4941//2943 2788//5370
f 4949//5410 2804//3116 703//3118
f 4940//2939 2785//3111 702//3115
f 2789//3117 4942//5414 2790//2946
f 4950//5411 2806//3119 704//3121
f 4941//2943 2787//3114 703//3118
f 4951//5412 2808//3122 705//3124
f 5092//5413 3064//5516 704//3121
f 4942//5414 3064//5516 833//3509
f 4952//5415 2810//5424 706//3125
f 2793//3123 5093//3539 3075//3540
f 2794//3126 4945//3512 3065//5416
f 4944//3521 3074//3536 834//3511
f 4946//5406 3016//3426 809//3431
f 4954//5417 2813//3127 707//3129
f 4947//5408 2798//3107 707//3129
f 4955//5418 2815//3130 708//3132
f 2798//3107 4946//5406 2796//3430
f 4948//5409 2800//3110 708//3132
f 4956//5419 2817//3133 709//3135
f 2800//3110 4947//5408 2797//3128
f 4949//5410 2802//3113 709//3135
f 4957//5420 2819//3136 710//3138
f 2802//3113 4948//5409 2799//3131
f 4950//5411 2804//3116 710//3138
f 4958//5421 2821//3139 711//3141
f 2804//3116 4949//5410 2801//3134
f 4951//5412 2806//3119 711//3141
f 4959//5422 2823//3142 712//3144
f 2806//3119 4950//5411 2803//3137
f 4952//5415 2808//3122 712//3144
f 4960//5423 2825//3145 713//3147
f 2808//3122 4951//5412 2805//3140
f 4953//981 2810//5424 713//3147
f 2810//5424 4952//5415 2807//3143
f 4954//5417 3015//3429 810//3433
f 4962//5186 2828//3148 714//3150
f 4955//5418 2813//3127 714//3150
f 4963//5425 2830//3151 715//3153
f 2813//3127 4954//5417 2811//3432
f 4956//5419 2815//3130 715//3153
f 4964//5426 2832//3154 716//3156
f 2815//3130 4955//5418 2812//3149
f 4957//5420 2817//3133 716//3156
f 4965//5427 2834//3157 717//3159
f 2817//3133 4956//5419 2814//3152
f 4958//5421 2819//3136 717//3159
f 4966//5428 2835//3160 718//3162
f 2819//3136 4957//5420 2816//3155
f 4959//5422 2821//3139 718//3162
f 2820//3161 4967//3183 2837//3163
f 2821//3139 4958//5421 2818//3158
f 4960//5423 2823//3142 719//3165
f 2822//3164 4968//4570 2839//5429
f 2823//3142 4959//5422 2820//3161
f 4961//1014 2825//3145 720//3166
f 4960//5423 2822//3164 720//3166
f 2826//5430 4962//5186 1820//1050
f 4970//5170 2842//3168 721//3170
f 4963//5425 2828//3148 721//3170
f 4971//5431 2844//3171 722//3173
f 2828//3148 4962//5186 2826//5430
f 4964//5426 2830//3151 722//3173
f 4972//5432 2846//3174 723//3176
f 2830//3151 4963//5425 2827//3169
f 4965//5427 2832//3154 723//3176
f 4973//5433 2848//3177 724//3179
f 2832//3154 4964//5426 2829//3172
f 4966//5428 2834//3157 724//3179
f 4974//5434 2849//3180 725//3182
f 2834//3157 4965//5427 2831//3175
f 2835//3160 4966//5428 2833//3178
f 2836//4566 4968//4570 3782//4572
f 4976//4565 2852//3184 726//3186
f 4967//3183 3777//4575 1168//4569
f 2838//3185 4969//1045 2839//5429
f 4968//4570 2836//4566 726//3186
f 4970//5170 1629//1049 111//1082
f 2840//5171 4978//4658 2854//5435
f 2841//3189 4971//5431 2842//3168
f 4979//3188 2856//3190 728//3192
f 4970//5170 2840//5171 727//3187
f 4972//5432 2844//3171 728//3192
f 4980//5436 2858//3193 729//3195
f 2844//3171 4971//5431 2841//3189
f 4973//5433 2846//3174 729//3195
f 4981//5437 2860//3196 730//3198
f 2846//3174 4972//5432 2843//3191
f 4974//5434 2848//3177 730//3198
f 4982//5438 2862//5442 731//3199
f 2848//3177 4973//5433 2845//3194
f 2849//3180 4974//5434 2847//3197
f 4976//4565 3779//4568 1170//4578
f 4984//4580 2865//3203 732//3204
f 4977//1078 2852//3184 732//3204
f 2852//3184 4976//4565 2850//4577
f 2853//3207 4979//3188 2854//5435
f 4987//3206 2869//3210 734//3212
f 4978//4658 3821//3208 733//3205
f 4980//5436 2856//3190 734//3212
f 4988//5439 2871//3213 735//3215
f 2856//3190 4979//3188 2853//3207
f 4981//5437 2858//3193 735//3215
f 4989//5440 2873//3216 736//3218
f 2858//3193 4980//5436 2855//3211
f 4982//5438 2860//3196 736//3218
f 2859//3217 4990//5448 2875//5441
f 2860//3196 4981//5437 2857//3214
f 2861//3221 4983//3200 2862//5442
f 4991//3220 2877//5449 738//3222
f 4982//5438 2859//3217 737//3219
f 2863//3224 4984//4580 3775//4581
f 4992//3223 2879//3225 739//3227
f 4985//4715 2865//3203 739//3227
f 2865//3203 4984//4580 2863//3224
f 4987//3206 2867//3209 740//3230
f 4995//5443 2884//3232 741//3234
f 2867//3209 4986//4660 3823//4668
f 4988//5439 2869//3210 741//3234
f 4996//5444 2886//3235 742//3237
f 2869//3210 4987//3206 2866//3229
f 4989//5440 2871//3213 742//3237
f 4997//5445 2888//5455 743//3238
f 2871//3213 4988//5439 2868//3233
f 2872//3240 4990//5448 2873//3216
f 2872//3240 4998//3239 2890//5446
f 2873//3216 4989//5440 2870//3236
f 2874//3243 4991//3220 2875//5441
f 2874//3243 4999//3242 2892//5447
f 4990//5448 2872//3240 744//3241
f 2876//3246 4992//3223 2877//5449
f 2876//3246 5000//3245 2894//5450
f 4991//3220 2874//3243 745//3244
f 2878//3249 4993//4711 2879//3225
f 4992//3223 2876//3246 746//3247
f 2880//5451 4994//3231 3822//1170
f 5002//5173 2897//3250 747//3252
f 4995//5443 2882//3228 747//3252
f 5003//5452 2899//3253 748//3255
f 2882//3228 4994//3231 2880//5451
f 4996//5444 2884//3232 748//3255
f 5004//5453 2901//3256 749//3258
f 2884//3232 4995//5443 2881//3251
f 4997//5445 2886//3235 749//3258
f 5005//5454 2903//5464 750//3259
f 2886//3235 4996//5444 2883//3254
f 2887//3261 4998//3239 2888//5455
f 2887//3261 5006//3260 2905//5456
f 2888//5455 4997//5445 2885//3257
f 2889//3264 4999//3242 2890//5446
f 2889//3264 5007//3263 2907//5457
f 4998//3239 2887//3261 751//3262
f 2891//3267 5000//3245 2892//5447
f 2891//3267 5008//3266 2909//5458
f 4999//3242 2889//3264 752//3265
f 2893//1204 5001//3248 2894//5450
f 5000//3245 2891//3267 753//3268
f 2895//5459 5002//5173 1688//1169
f 2895//5459 5010//5174 2912//5460
f 2896//3271 5003//5452 2897//3250
f 2896//3271 5011//3270 2914//5461
f 5002//5173 2895//5459 754//3269
f 2898//3274 5004//5453 2899//3253
f 2898//3274 5012//3273 2916//5462
f 5003//5452 2896//3271 755//3272
f 5005//5454 2901//3256 756//3275
f 5013//3276 2918//3278 757//3280
f 5004//5453 2898//3274 756//3275
f 5006//3260 2903//5464 757//3280
f 5014//5463 2920//3281 758//3283
f 2903//5464 5005//5454 2900//3277
f 5007//3263 2905//5456 758//3283
f 5015//5465 2922//3284 759//3286
f 2905//5456 5006//3260 2902//3279
f 5008//3266 2907//5457 759//3286
f 5016//5466 2924//3287 760//3289
f 2907//5457 5007//3263 2904//3282
f 5009//1201 2909//5458 760//3289
f 2909//5458 5008//3266 2906//3285
f 2910//5467 5010//5174 1705//1207
f 2910//5467 5018//5175 2927//3346
f 2911//3292 5011//3270 2912//5460
f 2911//3292 5019//3291 2929//3343
f 5010//5174 2910//5467 761//3290
f 2913//3295 5012//3273 2914//5461
f 2913//3295 5020//3294 2931//3340
f 5011//3270 2911//3292 762//3293
f 2915//3298 5013//3276 2916//5462
f 2915//3298 5021//3297 2933//3299
f 5012//3273 2913//3295 763//3296
f 5014//5463 2918//3278 764//3301
f 5022//3338 2935//3302 765//3304
f 2918//3278 5013//3276 2915//3298
f 5015//5465 2920//3281 765//3304
f 5023//3336 2937//3305 766//3307
f 2920//3281 5014//5463 2917//3300
f 5016//5466 2922//3284 766//3307
f 5024//3334 2939//3308 767//3310
f 2922//3284 5015//5465 2919//3303
f 5017//1238 2924//3287 767//3310
f 2924//3287 5016//5466 2921//3306
f 2925//5468 5026//5176 1746//1278
f 2925//5468 5034//5177 2957//5469
f 2926//3313 5027//5490 2946//5470
f 2926//3313 5035//3312 2959//5471
f 5018//5175 2947//1346 781//3347
f 2928//3316 5028//5489 2945//5472
f 2928//3316 5036//3315 2961//5473
f 5019//3291 2948//3345 780//3344
f 2930//3319 5029//5487 2944//5474
f 2930//3319 5037//3318 2963//3320
f 5020//3294 2949//3342 779//3341
f 5030//5475 2943//5488 771//3322
f 5038//5476 2965//3323 772//3325
f 5021//3297 2950//3339 778//3337
f 5031//5477 2942//5486 772//3325
f 5039//5478 2967//3326 773//3328
f 2935//3302 5022//3338 2951//5479
f 5032//5480 2941//5485 773//3328
f 5040//5481 2969//3329 774//3331
f 2937//3305 5023//3336 2952//5482
f 5033//1321 2940//5484 774//3331
f 2939//3308 5024//3334 2953//5483
f 2940//5484 5032//5480 2936//3327
f 2940//5484 5033//1321 2954//1318
f 2941//5485 5031//5477 2934//3324
f 2941//5485 5032//5480 2953//5483
f 2942//5486 5030//5475 2932//3321
f 2942//5486 5031//5477 2952//5482
f 5029//5487 2930//3319 771//3322
f 2943//5488 5030//5475 2951//5479
f 5028//5489 2928//3316 770//3317
f 5029//5487 2950//3339 779//3341
f 5027//5490 2926//3313 769//3314
f 5028//5489 2949//3342 780//3344
f 5026//5176 2925//5468 768//3311
f 5027//5490 2948//3345 781//3347
f 2947//1346 5026//5176 2946//5470
f 2948//3345 5027//5490 2945//5472
f 2949//3342 5028//5489 2944//5474
f 2950//3339 5029//5487 2943//5488
f 5030//5475 2942//5486 777//3335
f 5031//5477 2941//5485 776//3333
f 5032//5480 2940//5484 775//3332
f 2955//5491 5034//5177 1756//1277
f 2955//5491 5051//5182 2988//5492
f 2956//3350 5035//3312 2957//5469
f 2956//3350 5052//3349 2990//5493
f 5034//5177 2955//5491 782//3348
f 2958//3353 5036//3315 2959//5471
f 2958//3353 5053//3352 2992//5494
f 5035//3312 2956//3350 783//3351
f 2960//3356 5037//3318 2961//5473
f 2960//3356 5054//3355 2993//3400
f 5036//3315 2958//3353 784//3354
f 5038//5476 2963//3320 785//3359
f 5044//5495 2974//3361 786//3363
f 5037//3318 2960//3356 785//3359
f 5039//5478 2965//3323 786//3363
f 5045//5496 2976//3364 787//3366
f 2965//3323 5038//5476 2962//3358
f 5040//5481 2967//3326 787//3366
f 5046//5497 2978//3367 788//3369
f 2967//3326 5039//5478 2964//3362
f 5041//1316 2969//3329 788//3369
f 2969//3329 5040//5481 2966//3365
f 2970//3370 5043//5230 1981//1763
f 5044//5495 2972//3357 789//3372
f 2972//3357 5043//5230 2970//3370
f 5045//5496 2974//3361 790//3373
f 5049//5498 2983//3377 791//3379
f 2974//3361 5044//5495 2971//3371
f 5046//5497 2976//3364 791//3379
f 5139//5499 2984//1408 792//3380
f 2976//3364 5045//5496 2973//3376
f 5047//1382 2978//3367 792//3380
f 2978//3367 5046//5497 2975//3378
f 2979//1788 5048//5232 1991//1789
f 5049//5498 2981//3375 793//3383
f 2981//3375 5048//5232 2979//1788
f 5139//5499 2985//3385 795//3387
f 2983//3377 5049//5498 2980//3382
f 2984//1408 5139//5499 2982//1412
f 2986//5500 5051//5182 1791//1349
f 2986//5500 5056//5183 2997//5501
f 2987//3391 5052//3349 2988//5492
f 2987//3391 5057//3390 2999//5502
f 5051//5182 2986//5500 796//3389
f 2989//3394 5053//3352 2990//5493
f 2989//3394 5058//3393 2994//3404
f 5052//3349 2987//3391 797//3392
f 2991//3397 5054//3355 2992//5494
f 5053//3352 2989//3394 798//3395
f 5054//3355 2991//3397 799//3399
f 5058//3393 2998//3401 800//3403
f 2995//5503 5056//5183 1801//1418
f 2995//5503 5059//5184 3004//5504
f 2996//3407 5057//3390 2997//5501
f 2996//3407 5060//3406 3001//3409
f 5056//5183 2995//5503 801//3405
f 2998//3401 5058//3393 2999//5502
f 5057//3390 2996//3407 802//3408
f 5060//3406 3003//3414 803//3410
f 3002//5505 5059//5184 1809//1439
f 3002//5505 5061//5185 3008//5506
f 3003//3414 5060//3406 3004//5504
f 3003//3414 5062//3413 3005//3418
f 5059//5184 3002//5505 804//3412
f 5062//3413 3007//3415 805//3417
f 3006//1466 5061//5185 1814//1455
f 3007//3415 5062//3413 3008//5506
f 5061//5185 3006//1466 806//3419
f 4938//3423 2784//5407 646//2934
f 5064//5507 3016//3426 808//3428
f 3010//3489 5067//3481 3054//5508
f 5064//5507 3053//3488 828//3498
f 5066//3502 3015//3429 809//3431
f 5068//1597 3017//3424 807//3422
f 5067//3481 3010//3489 808//3428
f 3015//3429 5066//3502 3051//3503
f 3016//3426 5064//5507 3011//3497
f 3017//3424 5068//1597 3055//5199
f 3018//3479 5086//3478 3054//5508
f 3018//3479 5087//5514 3052//5198
f 5085//3486 3053//3488 826//3490
f 3019//3487 5086//3478 3058//3475
f 3020//3437 5076//3440 3035//3462
f 3021//3445 5074//3444 3030//3449
f 5070//3492 3024//3443 814//3446
f 5071//5196 3060//1583 829//3500
f 5069//5509 3047//3482 812//3439
f 3024//3443 5070//3492 3048//3495
f 3024//3443 5075//3442 3031//3459
f 3025//1512 5071//5196 3022//3499
f 5072//3485 3046//3474 811//3436
f 5073//3477 1867//1592 222//1514
f 5129//5510 3033//3434 811//3436
f 3028//3448 5079//3451 3042//3473
f 3029//3456 5080//3455 3043//3463
f 5075//3442 3032//3454 817//3457
f 3032//3454 5077//3453 3038//3470
f 3033//3434 5129//5510 3034//5228
f 5078//5511 3040//3461 818//3460
f 5129//5510 1965//1513 291//1745
f 3036//1548 5083//3465 2064//1549
f 5077//3453 3039//3467 821//3468
f 3039//3467 5084//1971 3045//1969
f 3040//3461 5078//5511 3041//5512
f 5078//5511 1966//1744 290//1743
f 5082//5229 3044//3472 822//3471
f 3044//3472 5082//5229 1967//1556
f 3046//3474 5073//3477 3027//5227
f 3047//3482 5072//3485 3026//3435
f 5069//5509 3023//3438 813//3441
f 5085//3486 3059//3483 827//3491
f 5089//5513 3061//3496 828//3498
f 5088//5197 3056//1588 830//3501
f 5089//5513 3057//3493 829//3500
f 5065//1587 3013//1487 810//3433
f 5087//5514 1868//1596 244//1593
f 3053//3488 5085//3486 3049//3494
f 5086//3478 3019//3487 826//3490
f 5087//5514 3018//3479 824//3480
f 3060//1583 5088//5197 3050//3504
f 3062//2957 4875//5371 2683//5151
f 3062//2957 5090//5831 3066//3534
f 3063//5372 5091//3529 3353//5515
f 3064//5516 4942//5414 2789//3117
f 3064//5516 5092//5413 3067//3546
f 5093//3539 2793//3123 706//3125
f 3066//3534 5090//5831 3077//3530
f 3067//3546 5092//5413 3085//3543
f 5102//5517 3084//3513 835//3514
f 5105//5518 3103//3553 845//3549
f 3069//2931 4867//3517 2674//2952
f 4944//3521 2795//2953 651//2951
f 5103//3548 3101//3565 848//3563
f 5105//5518 3081//3522 838//3523
f 3072//3527 5091//3529 3063//5372
f 3073//3531 5090//5831 3350//2956
f 3074//3536 5093//3539 3065//5416
f 3075//3540 5092//5413 2791//3120
f 5101//3575 3089//5524 836//3516
f 5107//3532 3086//3535 841//3533
f 3078//3526 5106//5526 3104//3589
f 3079//3545 5103//3548 3071//3567
f 5099//5519 3096//3544 843//3542
f 3081//3522 5105//5518 3068//3552
f 5108//5520 3094//5527 842//3538
f 5104//5521 3090//5525 837//3520
f 3084//3513 5102//5517 3092//5522
f 5100//5523 3087//3585 844//3547
f 3086//3535 5107//3532 3106//3591
f 5100//5523 3098//3583 852//3581
f 5109//3564 3116//3595 855//3592
f 3089//5524 5101//3575 3099//3573
f 3089//5524 5104//5521 3083//3519
f 3090//5525 5104//5521 3102//3558
f 3090//5525 5108//5520 3082//3537
f 5116//3582 3125//3607 858//3605
f 5102//5517 3100//3551 849//3569
f 5106//5526 3078//3526 839//3524
f 3093//3572 5114//3576 3123//3632
f 3094//5527 5099//5519 3080//3541
f 3094//5527 5108//5520 3107//3562
f 5111//3587 3119//3626 862//3622
f 3096//3544 5099//5519 3097//3580
f 5099//5519 3094//5527 851//3577
f 3097//3580 5110//5528 3117//3627
f 5104//5521 3089//5524 846//3555
f 5106//5526 3105//3571 854//3588
f 3105//3571 5106//5526 3092//5522
f 3105//3571 5113//3570 3121//3590
f 5108//5520 3090//5525 847//3559
f 5120//3606 3137//3636 865//3633
f 3109//3557 5117//3556 3126//3614
f 3110//3561 5118//3560 3127//3600
f 5121//3623 3138//3652 868//3642
f 5112//3550 3120//3594 859//3610
f 3113//3613 5126//3616 3145//3659
f 3114//3579 5115//3578 3124//3604
f 3115//3625 5124//3624 3142//3656
f 5110//5528 3118//3621 863//3628
f 5110//5528 3114//3579 861//3617
f 3118//3621 5123//3620 3140//3629
f 5113//3570 3122//3612 864//3630
f 3122//3612 5113//3570 3112//3568
f 3122//3612 5125//3611 3143//3631
f 5115//3578 3110//3561 857//3601
f 5118//3560 3109//3557 856//3597
f 3128//3637 5097//3640 3139//5529
f 3129//3599 5127//3598 3146//3646
f 3130//3603 5122//3602 3139//5529
f 5096//3643 3136//3649 867//3639
f 5128//3593 3147//3635 869//3645
f 5095//3648 3144//3658 869//3645
f 5119//3618 3136//3649 871//3651
f 5098//3654 3141//3655 871//3651
f 5119//3618 3130//3603 867//3639
f 5122//3602 3129//3599 866//3638
f 5123//3620 3141//3655 873//3657
f 3141//3655 5123//3620 3134//3619
f 5125//3611 3144//3658 874//3660
f 3144//3658 5125//3611 3132//3609
f 5043//5230 2972//3357 785//3359
f 5048//5232 2981//3375 790//3373
f 3159//3041 5142//3739 3163//4958
f 5143//3746 3167//3679 876//3665
f 3161//3054 5144//3672 3164//3675
f 3162//3734 5153//5531 3168//3683
f 5162//5530 3991//3736 898//3735
f 5162//5530 3162//3734 875//3661
f 5164//5005 3993//3669 877//3667
f 3165//3663 5149//3666 3174//3674
f 5151//4998 3176//3725 879//3677
f 3167//3679 5168//3682 3994//5011
f 5153//5531 3172//3732 880//3681
f 5146//4988 3197//4989 881//3686
f 5154//5532 3181//3687 882//3689
f 5155//5533 3183//3690 883//3692
f 5169//5534 3198//3737 882//3689
f 5152//3730 3196//5539 883//3692
f 5153//5531 3205//3733 897//3729
f 3173//3694 5148//3727 3195//5535
f 3174//3674 5149//3666 3201//5009
f 3175//3699 5150//5017 3194//3721
f 3175//3699 5160//3698 3193//5536
f 3176//3725 5151//4998 3203//5001
f 5166//3724 3986//3678 879//3677
f 5161//3703 3179//3684 881//3686
f 3177//3704 5163//5844 3199//5021
f 5154//5532 3179//3684 887//3707
f 5161//3703 3192//3705 887//3707
f 5155//5533 3181//3687 888//3709
f 5154//5532 3178//3706 888//3709
f 5156//4971 3183//3690 889//3711
f 5155//5533 3180//3708 889//3711
f 5157//4970 3185//4972 890//3713
f 5156//4971 3182//3710 890//3713
f 5158//4981 3187//3693 891//3715
f 5157//4970 3184//3712 891//3715
f 5159//4980 3189//4982 892//3717
f 5158//4981 3186//3714 892//3717
f 5160//3698 3191//3701 893//3719
f 5159//4980 3188//3716 893//3719
f 5161//3703 3193//5536 894//3720
f 5160//3698 3190//3718 894//3720
f 5167//5537 3990//3700 885//3697
f 5165//5538 3989//3696 884//3695
f 3196//5539 5169//5534 3170//3688
f 3197//4989 5163//5844 3177//3704
f 3198//3737 5146//4988 3169//3685
f 3198//3737 5169//5534 3205//3733
f 5150//5017 3175//3699 886//3702
f 5165//5538 3195//5535 896//3726
f 5167//5537 3194//3721 895//3723
f 5169//5534 3196//5539 897//3729
f 5171//3037 3987//4964 899//3738
f 5144//3672 3161//3054 684//3056
f 3208//3055 4912//5394 2746//3052
f 5173//3668 3212//3676 901//3743
f 3209//3747 5143//3746 3160//3664
f 4910//5391 2743//3779 682//3048
f 4911//3034 3995//5755 906//5540
f 4917//5243 2756//5397 688//3070
f 4918//5541 3241//3778 909//5542
f 3217//1933 5283//5040 3470//5543
f 3218//3789 5287//5626 3476//5544
f 3219//3774 5291//5627 3484//5545
f 3220//3758 5175//5547 3221//5385
f 3221//5385 5175//5547 3222//5546
f 5175//5547 3220//3758 905//3757
f 3222//3760 5176//5549 3228//3802
f 3224//3795 5180//3798 3239//5548
f 5176//5549 3226//3759 912//3797
f 3226//3759 5179//3762 3237//3823
f 5183//3804 3245//3801 913//3800
f 5176//5549 3225//3796 913//3800
f 3228//3802 5184//5557 3244//3828
f 5182//2082 3243//3866 914//3803
f 5185//5550 3249//3805 915//3807
f 5299//3809 3500//4062 1023//4060
f 3231//3816 5186//5558 3251//3811
f 3231//3816 5311//3815 3524//4086
f 5290//5551 3474//3788 910//3790
f 3232//3792 5302//3791 3498//5552
f 3233//3821 5187//5559 3253//3817
f 3233//3821 5323//5643 3548//4114
f 5294//5553 3482//3773 907//3775
f 3234//3777 5314//3776 3522//5554
f 3235//3818 5179//3762 3236//3764
f 3235//3818 5188//5560 3254//3839
f 5326//3763 3546//3820 917//3819
f 5179//3762 3235//3818 918//3824
f 3238//3826 5181//1953 3239//5548
f 5180//3798 3279//3822 919//3825
f 3240//5555 4910//5391 3214//5393
f 3240//3767 5191//3766 3262//4307
f 3241//3783 5192//3782 3264//4315
f 3242//5556 4917//5243 3216//5399
f 3243//3866 5182//2082 3282//3868
f 5184//5557 3245//3801 920//3829
f 5194//3873 3267//4323 903//3751
f 3245//3801 5183//3804 3281//3865
f 3247//3830 5185//5550 2085//1975
f 5186//5558 3249//3805 921//3832
f 5185//5550 3247//3830 921//3832
f 5187//5559 3251//3811 922//3834
f 3251//3811 5186//5558 3248//3831
f 5188//5560 3253//3817 923//3835
f 3253//3817 5187//5559 3250//3833
f 5188//5560 3252//3836 924//3838
f 5201//5561 3279//3822 918//3824
f 5189//2005 3257//5562 925//3841
f 5201//5561 3255//3837 925//3841
f 3258//3843 5196//5570 3271//5563
f 5371//5564 3598//4294 926//3844
f 3259//3856 5197//3848 3273//3852
f 3259//3856 5377//3855 3641//5565
f 5190//5049 3609//5050 1091//4301
f 3261//3853 5198//5572 3275//5566
f 5381//3862 3649//3857 928//3854
f 5191//3766 3610//4300 1093//4308
f 3263//2054 5385//2055 4082//5567
f 5192//3782 3613//4306 1095//4316
f 3265//3827 5203//5574 3280//5568
f 3266//3846 5200//5571 3269//3842
f 3266//3846 5391//3845 3659//5569
f 3267//4323 5194//3873 3607//4324
f 5196//5570 3269//3842 932//3878
f 5200//5571 3276//3876 932//3878
f 3270//3879 5197//3848 3271//5563
f 5196//5570 3268//3877 933//3880
f 5198//5572 3273//3852 934//3882
f 5197//3848 3270//3879 934//3882
f 5199//3860 3275//5566 935//3883
f 5198//5572 3272//3881 935//3883
f 3276//3876 5200//5571 3277//3870
f 5202//5573 3278//3869 936//3884
f 5202//5573 3280//5568 930//3867
f 3279//3822 5201//5561 3257//5562
f 3280//5568 5202//5573 3277//3870
f 5203//5574 3281//3865 930//3867
f 5203//5574 3265//3827 920//3829
f 3283//3959 5207//5577 3295//3894
f 5219//5575 3348//3945 959//3960
f 3284//3936 5209//5579 3296//3898
f 5218//5576 3345//3950 951//3937
f 5207//5577 3327//3958 963//3970
f 5210//5578 3297//3891 939//3893
f 5209//5579 3317//3935 953//3941
f 5211//5580 3298//3895 940//3897
f 5210//5578 3320//3968 966//3976
f 5211//5580 3319//3939 954//3942
f 5245//2983 3373//3906 942//3904
f 3289//3988 5212//5837 3299//3917
f 5221//5581 3341//3980 969//3989
f 3290//3993 5214//5838 3300//3921
f 5224//5582 3335//5588 971//3994
f 3291//3999 5212//5837 3321//3987
f 5216//5583 3301//3914 945//3916
f 3292//4004 5214//5838 3329//3992
f 5217//5584 3302//3918 946//3920
f 5216//5583 3322//3998 977//4011
f 5217//5584 3332//4003 978//4012
f 3295//3894 5207//5577 3285//3969
f 3296//3898 5209//5579 3286//3940
f 3297//3891 5210//5578 3287//3978
f 3298//3895 5211//5580 3288//3944
f 3299//3917 5212//5837 3291//3999
f 3300//3921 5214//5838 3292//4004
f 3301//3914 5216//5583 3293//3922
f 3302//3918 5217//5584 3294//3926
f 3303//3910 5205//3934 3339//3981
f 5238//3925 3358//5836 952//3938
f 3305//3887 5233//5590 3337//3946
f 3306//3890 5231//5591 3338//3951
f 3310//3907 5241//5599 3369//3977
f 3311//3913 5227//5587 3334//5585
f 5225//5379 2708//2992 665//2995
f 5215//5586 2710//2997 666//2998
f 5220//4007 2711//3000 667//3001
f 3316//4013 5244//5600 3372//4014
f 5225//5379 3336//5589 968//3985
f 3333//3943 5248//5383 3360//2984
f 5224//5582 3290//3993 944//3911
f 5227//5587 3340//3983 968//3985
f 3335//5588 5224//5582 3334//5585
f 5225//5379 3312//3995 972//3997
f 5219//5575 3283//3959 937//3885
f 5233//5590 3352//5596 955//3947
f 5218//5576 3284//3936 938//3888
f 5231//5591 3347//3949 956//3952
f 5221//5581 3289//3988 943//3908
f 5227//5587 3342//5592 967//3979
f 5227//5587 3311//3913 970//3991
f 5229//5593 3346//5594 956//3952
f 5229//5593 3343//2979 660//2978
f 3346//5594 5229//5593 3344//2977
f 5231//5591 3349//5595 955//3947
f 3347//3949 5250//4036 3382//3953
f 5231//5591 3306//3890 960//3962
f 3350//2956 5252//4037 3352//5596
f 5233//5590 3305//3887 958//3957
f 5233//5590 3351//5597 949//3931
f 3352//5596 5252//4037 3384//3948
f 5234//5375 2698//2959 654//2961
f 3354//5598 5234//5375 3353//5515
f 5248//5383 2714//2980 661//2982
f 5243//4017 3371//3901 980//4019
f 5223//3900 3369//3977 981//4021
f 5241//5599 3373//3906 982//4023
f 5246//4026 3374//4010 984//4028
f 5242//4029 3370//3927 985//4031
f 5240//4032 3372//4014 986//4034
f 5244//5600 2712//3003 668//3004
f 5241//5599 3363//4020 981//4021
f 5244//5600 3368//4033 986//4034
f 5245//2983 3364//4022 982//4023
f 3376//3923 5248//5383 3333//3943
f 3377//4041 4883//5848 3378//5601
f 3378//5601 4883//5848 2695//5153
f 3379//4046 4888//5849 3380//5602
f 3380//5602 4888//5849 2705//5377
f 5249//2994 3381//3984 990//4045
f 3445//4053 5295//5629 3492//5603
f 3446//4058 5301//5630 3504//5604
f 5297//4061 3496//4066 1024//4064
f 5285//4065 3999//1976 351//1973
f 3449//4051 5284//4050 3472//5605
f 5298//5606 3490//4052 1021//4049
f 3450//4056 5296//4055 3494//5607
f 5300//5608 3502//4057 1022//4054
f 3451//4072 5303//5632 3508//5609
f 3452//4077 5307//5634 3516//5610
f 3453//4082 5313//5636 3528//5611
f 5309//5612 3520//4090 1029//4088
f 5305//5613 3512//4093 1030//4091
f 5289//5614 3480//3808 915//3807
f 3457//4070 5288//4069 3478//4092
f 5306//5615 3506//4071 1025//4068
f 3458//4075 5304//4074 3510//4089
f 5310//5616 3514//4076 1026//4073
f 3459//4080 5308//4079 3518//4085
f 5312//5617 3526//4081 1027//4078
f 3460//4100 5315//5638 3532//5618
f 3461//4105 5319//5640 3540//5619
f 3462//4110 5325//5644 3552//5620
f 3463//4111 5321//5641 3544//4118
f 5317//5621 3536//4121 1036//4119
f 5293//5622 3488//3814 916//3813
f 3466//4098 5292//4097 3486//4120
f 5318//5623 3530//4099 1031//4096
f 3467//4103 5316//4102 3534//4117
f 5322//5624 3538//4104 1032//4101
f 3468//4108 5320//4107 3542//4113
f 5324//5625 3550//4109 1033//4106
f 3469//4124 5284//4050 3470//5543
f 5368//4123 3595//4292 1038//4127
f 3470//5543 5283//5040 3997//5038
f 5285//4065 3472//5605 1038//4127
f 5284//4050 3469//4124 1038//4127
f 5287//5626 3474//3788 1039//4130
f 3473//4132 5363//4131 3590//4288
f 3474//3788 5290//5551 3479//4141
f 3475//4135 5288//4069 3476//5544
f 5364//4134 3591//4136 1041//4138
f 5287//5626 3473//4132 1040//4133
f 5289//5614 3478//4092 1041//4138
f 5365//4289 3592//5647 1042//4139
f 3478//4092 5288//4069 3475//4135
f 3479//4141 5290//5551 3480//3808
f 5366//4140 3589//4287 1039//4130
f 3480//3808 5289//5614 3477//4137
f 5291//5627 3482//3773 1043//4144
f 3481//4143 5359//4283 3586//4284
f 3482//3773 5294//5553 3487//4153
f 3483//4147 5292//4097 3484//5545
f 5360//4146 3587//4148 1045//4150
f 5291//5627 3481//4143 1044//4145
f 5293//5622 3486//4120 1045//4150
f 3485//4149 5361//4285 3588//5628
f 3486//4120 5292//4097 3483//4147
f 3487//4153 5294//5553 3488//3814
f 5362//4152 3585//4142 1043//4144
f 5293//5622 3485//4149 1046//4151
f 5295//5629 3490//4052 1047//4154
f 3489//4156 5355//4155 3582//4281
f 3490//4052 5298//5606 3495//4165
f 3491//4159 5296//4055 3492//5603
f 5356//4158 3583//4280 1049//4160
f 5295//5629 3489//4156 1048//4157
f 5297//4061 3494//5607 1049//4160
f 5357//4161 3584//5646 1050//4163
f 5296//4055 3491//4159 1049//4160
f 5298//5606 3496//4066 1050//4163
f 5358//4164 3581//4279 1047//4154
f 3496//4066 5297//4061 3493//4162
f 3497//4168 5299//3809 3498//5552
f 5351//4167 3578//4277 1052//4169
f 5302//3791 3503//4177 1051//4166
f 5300//5608 3500//4062 1052//4169
f 5352//4170 3579//4276 1053//4172
f 5299//3809 3497//4168 1052//4169
f 5301//5630 3502//4057 1053//4172
f 3501//4174 5353//4173 3580//5631
f 3502//4057 5300//5608 3499//4171
f 3503//4177 5302//3791 3504//5604
f 5354//4176 3577//4275 1051//4166
f 5301//5630 3501//4174 1054//4175
f 5303//5632 3506//4071 1055//4180
f 3505//4179 5347//4271 3574//4272
f 3506//4071 5306//5615 3511//4189
f 3507//4183 5304//4074 3508//5609
f 5348//4182 3575//4184 1057//4186
f 5303//5632 3505//4179 1056//4181
f 5305//5613 3510//4089 1057//4186
f 3509//4185 5349//4273 3576//5633
f 3510//4089 5304//4074 3507//4183
f 3511//4189 5306//5615 3512//4093
f 5350//4188 3573//4178 1055//4180
f 5305//5613 3509//4185 1058//4187
f 5307//5634 3514//4076 1059//4192
f 3513//4191 5343//4267 3570//4268
f 3514//4076 5310//5616 3519//4201
f 3515//4195 5308//4079 3516//5610
f 5344//4194 3571//4196 1061//4198
f 5307//5634 3513//4191 1060//4193
f 5309//5612 3518//4085 1061//4198
f 3517//4197 5345//4269 3572//5635
f 3518//4085 5308//4079 3515//4195
f 3519//4201 5310//5616 3520//4090
f 5346//4200 3569//4190 1059//4192
f 5309//5612 3517//4197 1062//4199
f 5311//3815 3522//5554 1063//4204
f 3521//4203 5339//4263 3566//4264
f 3522//5554 5314//3776 3527//4213
f 3523//4207 5312//5617 3524//4086
f 5340//4206 3567//4208 1065//4210
f 5311//3815 3521//4203 1064//4205
f 5313//5636 3526//4081 1065//4210
f 3525//4209 5341//4265 3568//5637
f 3526//4081 5312//5617 3523//4207
f 3527//4213 5314//3776 3528//5611
f 5342//4212 3565//4202 1063//4204
f 5313//5636 3525//4209 1066//4211
f 5315//5638 3530//4099 1067//4216
f 3529//4215 5335//4259 3562//4260
f 3530//4099 5318//5623 3535//4225
f 3531//4219 5316//4102 3532//5618
f 5336//4218 3563//4220 1069//4222
f 5315//5638 3529//4215 1068//4217
f 5317//5621 3534//4117 1069//4222
f 3533//4221 5337//4261 3564//5639
f 3534//4117 5316//4102 3531//4219
f 3535//4225 5318//5623 3536//4121
f 5338//4224 3561//4214 1067//4216
f 5317//5621 3533//4221 1070//4223
f 5319//5640 3538//4104 1071//4228
f 3537//4227 5331//4255 3558//4256
f 3538//4104 5322//5624 3543//4237
f 3539//4231 5320//4107 3540//5619
f 5332//4230 3559//4232 1073//4234
f 5319//5640 3537//4227 1072//4229
f 5321//5641 3542//4113 1073//4234
f 3541//4233 5333//4257 3560//5642
f 3542//4113 5320//4107 3539//4231
f 3543//4237 5322//5624 3544//4118
f 5334//4236 3557//4226 1071//4228
f 5321//5641 3541//4233 1074//4235
f 5323//5643 3546//3820 1075//4240
f 3545//4239 5327//4251 3554//4252
f 3546//3820 5326//3763 3551//4249
f 3547//4243 5324//5625 3548//4114
f 5328//4242 3555//4244 1077//4246
f 5323//5643 3545//4239 1076//4241
f 5325//5644 3550//4109 1077//4246
f 3549//4245 5329//4253 3556//5645
f 3550//4109 5324//5625 3547//4243
f 3551//4249 5326//3763 3552//5620
f 5330//4248 3553//4238 1075//4240
f 5325//5644 3549//4245 1078//4247
f 3553//4238 5330//4248 3556//5645
f 3557//4226 5334//4236 3560//5642
f 3561//4214 5338//4224 3564//5639
f 3565//4202 5342//4212 3568//5637
f 3569//4190 5346//4200 3572//5635
f 3573//4178 5350//4188 3576//5633
f 3577//4275 5354//4176 3580//5631
f 3581//4279 5358//4164 3584//5646
f 3585//4142 5362//4152 3588//5628
f 3589//4287 5366//4140 3592//5647
f 3593//4290 5370//5034 3596//4293
f 3597//4298 5372//5655 3606//4369
f 3598//4294 5390//4299 3665//5648
f 5373//4297 3611//4295 1092//4302
f 5374//5649 3610//4300 1091//4301
f 5371//5564 3258//3843 927//3847
f 5407//3850 3697//5687 1092//4302
f 3601//4311 5374//5649 3612//4343
f 5376//4310 3613//4306 1093//4308
f 5380//4312 3639//5674 928//3854
f 5382//5650 3651//4313 1094//4309
f 5375//5651 3608//2539 1095//4316
f 5376//4310 3615//4314 1096//4319
f 3604//3864 5384//5840 3647//5652
f 5396//5653 3677//5680 1096//4319
f 3605//3875 5421//3874 3725//5654
f 5372//5655 3632//4373 1108//4370
f 5389//5656 3663//5678 1090//4296
f 5372//5655 4000//5054 1097//4322
f 3609//5050 5373//4297 3599//4304
f 3610//4300 5374//5649 3601//4311
f 3612//4343 5374//5649 3623//4347
f 5379//5657 3645//5675 1094//4309
f 3613//4306 5376//4310 3603//4318
f 5375//5651 3618//5086 1362//5074
f 5386//5658 3657//5677 541//2541
f 3615//4314 5383//5676 3653//4320
f 3616//5062 5392//5064 3669//5659
f 5398//5660 3675//3863 929//3859
f 5375//5651 3619//4317 1365//5084
f 3618//5086 5394//5679 3673//5661
f 3620//4328 5399//4332 3681//5662
f 3621//4333 5403//5683 3689//5663
f 5410//5664 3695//5686 927//3847
f 5374//5649 3624//4352 1103//4348
f 5401//5665 3685//5682 1102//4344
f 3624//4352 5374//5649 3625//4303
f 3624//4352 5405//4351 3693//5666
f 3625//4303 5408//4305 3699//5667
f 5378//4330 3643//4342 1102//4344
f 5402//4345 3679//5681 1099//4329
f 5400//4335 3683//4346 1103//4348
f 5406//4349 3687//4337 1100//4334
f 5404//4339 3691//5685 1104//4350
f 5409//4353 3701//4341 1101//4338
f 3629//4354 5414//4358 3703//5668
f 3630//4359 5418//5691 3711//5669
f 3631//3871 5420//5693 3723//5670
f 5372//5655 3633//4378 1109//4374
f 3632//4373 5412//5689 3707//5671
f 3633//4378 5372//5655 3634//4327
f 3633//4378 5416//4377 3715//5672
f 3634//4327 5372//5655 3607//4324
f 3634//4327 5422//4326 3719//5673
f 5388//4356 3661//4368 1108//4370
f 5413//4371 3709//5690 1105//4355
f 5411//4361 3705//4372 1109//4374
f 5417//4375 3717//4363 1106//4360
f 5415//4365 3713//5692 1110//4376
f 5419//4379 3721//4367 1107//4364
f 5377//3855 3639//5674 1111//4380
f 5467//4381 3771//4563 1112//4383
f 3639//5674 5380//4312 3644//4391
f 3640//4385 5378//4330 3641//5565
f 5468//4384 3772//4562 1113//4386
f 5377//3855 3638//4382 1112//4383
f 5379//5657 3643//4342 1113//4386
f 5469//4387 3773//5700 1114//4389
f 3643//4342 5378//4330 3640//4385
f 3644//4391 5380//4312 3645//5675
f 5470//4390 3770//4561 1111//4380
f 5379//5657 3642//4388 1114//4389
f 5381//3862 3647//5652 1115//4392
f 5463//4393 3767//4555 1116//4395
f 3647//5652 5384//5840 3652//4403
f 3648//4397 5382//5650 3649//3857
f 5464//4396 3768//4558 1117//4398
f 5381//3862 3646//4394 1116//4395
f 5383//5676 3651//4313 1117//4398
f 5465//4399 3769//4559 1118//4401
f 3651//4313 5382//5650 3648//4397
f 3652//4403 5384//5840 3653//4320
f 5466//4402 3766//4556 1115//4392
f 5383//5676 3650//4400 1118//4401
f 5385//2055 3655//5323 1119//4404
f 3655//5323 5387//2544 3656//4409
f 3656//4409 5387//2544 3657//5677
f 5462//4408 3762//4552 1119//4404
f 5386//5658 4001//5073 1120//4407
f 3658//4414 5388//4356 3659//5569
f 5455//4413 3759//4415 1122//4417
f 5391//3845 3664//4422 1121//4412
f 5389//5656 3661//4368 1122//4417
f 3660//4416 5456//4549 3760//4550
f 3661//4368 5388//4356 3658//4414
f 3662//4420 5390//4299 3663//5678
f 5457//4419 3761//4421 1124//4423
f 5389//5656 3660//4416 1123//4418
f 5391//3845 3665//5648 1124//4423
f 3664//4422 5458//5699 3758//4547
f 3665//5648 5390//4299 3662//4420
f 5392//5064 3667//5066 1125//4424
f 5451//4425 3755//4546 1126//4427
f 3667//5066 5395//5065 3672//4435
f 3668//4429 5393//5087 3669//5659
f 5452//4428 3756//4545 1127//4430
f 5392//5064 3666//4426 1126//4427
f 5394//5679 3671//5085 1127//4430
f 5453//4431 3757//5698 1128//4433
f 3671//5085 5393//5087 3668//4429
f 3672//4435 5395//5065 3673//5661
f 5454//4434 3754//4544 1125//4424
f 5394//5679 3670//4432 1128//4433
f 3674//4438 5396//5653 3675//3863
f 5447//4437 3751//4441 1130//4443
f 5398//5660 4002//5094 1129//4436
f 5397//4321 3677//5680 1130//4443
f 3677//5680 5396//5653 3674//4438
f 5399//4332 3679//5681 1131//4444
f 5443//4445 3747//4539 1132//4447
f 3679//5681 5402//4345 3684//4455
f 3680//4449 5400//4335 3681//5662
f 5444//4448 3748//4538 1133//4450
f 5399//4332 3678//4446 1132//4447
f 5401//5665 3683//4346 1133//4450
f 5445//4451 3749//5697 1134//4453
f 3683//4346 5400//4335 3680//4449
f 3684//4455 5402//4345 3685//5682
f 5446//4454 3746//4537 1131//4444
f 5401//5665 3682//4452 1134//4453
f 5403//5683 3687//4337 1135//4458
f 3686//4457 5439//4533 3743//4534
f 3687//4337 5406//4349 3692//4467
f 3688//4461 5404//4339 3689//5663
f 5440//4460 3744//4462 1137//4464
f 5403//5683 3686//4457 1136//4459
f 5405//4351 3691//5685 1137//4464
f 3690//4463 5441//4535 3745//5684
f 3691//5685 5404//4339 3688//4461
f 3692//4467 5406//4349 3693//5666
f 5442//4466 3742//4456 1135//4458
f 5405//4351 3690//4463 1138//4465
f 3694//4470 5407//3850 3695//5686
f 5435//4469 3739//4528 1140//4471
f 5410//5664 3700//4478 1139//4468
f 5408//4305 3697//5687 1140//4471
f 3696//4473 5436//4472 3740//4531
f 3697//5687 5407//3850 3694//4470
f 3698//4476 5409//4353 3699//5667
f 5437//4475 3741//4477 1142//4479
f 5408//4305 3696//4473 1141//4474
f 5410//5664 3701//4341 1142//4479
f 5438//5688 3738//4529 1139//4468
f 3701//4341 5409//4353 3698//4476
f 3702//4482 5411//4361 3703//5668
f 5431//4481 3735//4483 1144//4485
f 5414//4358 3708//4490 1143//4480
f 5412//5689 3705//4372 1144//4485
f 3704//4484 5432//4526 3736//4527
f 3705//4372 5411//4361 3702//4482
f 3706//4488 5413//4371 3707//5671
f 5433//4487 3737//4489 1146//4491
f 5412//5689 3704//4484 1145//4486
f 5414//4358 3709//5690 1146//4491
f 3708//4490 5434//5696 3734//4524
f 3709//5690 5413//4371 3706//4488
f 3710//4494 5415//4365 3711//5669
f 5427//4493 3731//4495 1148//4497
f 5418//5691 3716//4502 1147//4492
f 5416//4377 3713//5692 1148//4497
f 3712//4496 5428//4522 3732//4523
f 3713//5692 5415//4365 3710//4494
f 3714//4500 5417//4375 3715//5672
f 5429//4499 3733//4501 1150//4503
f 5416//4377 3712//4496 1149//4498
f 5418//5691 3717//4363 1150//4503
f 3716//4502 5430//5695 3730//4520
f 3717//4363 5417//4375 3714//4500
f 3718//4506 5419//4379 3719//5673
f 5423//4505 3727//4507 1152//4509
f 5422//4326 3724//4514 1151//4504
f 5420//5693 3721//4367 1152//4509
f 3720//4508 5424//4518 3728//4519
f 3721//4367 5419//4379 3718//4506
f 3722//4512 5421//3874 3723//5670
f 5425//4511 3729//4513 1154//4515
f 5420//5693 3720//4508 1153//4510
f 5422//4326 3725//5654 1154//4515
f 3724//4514 5426//5694 3726//4516
f 3725//5654 5421//3874 3722//4512
f 5426//5694 3729//4513 1155//4517
f 5430//5695 3733//4501 1156//4521
f 5434//5696 3737//4489 1157//4525
f 5438//5688 3741//4477 1158//4530
f 3742//4456 5442//4466 3745//5684
f 3746//4537 5446//4454 3749//5697
f 3750//4440 5450//4439 3753//4542
f 3754//4544 5454//4434 3757//5698
f 5458//5699 3761//4421 1163//4548
f 3762//4552 5462//4408 3765//4411
f 3766//4556 5466//4402 3769//4559
f 3770//4561 5470//4390 3773//5700
f 3775//4581 4983//3200 2861//3221
f 3777//4575 5478//5703 3794//4571
f 5476//5701 3784//4602 1172//4584
f 5477//4589 3787//5705 1170//4578
f 3780//4574 5474//4585 3786//5702
f 3781//4576 5475//5704 3790//4582
f 5479//4608 3783//4567 1167//4564
f 3783//4567 5479//4608 3796//4610
f 5476//5701 3792//4603 1176//4600
f 3785//4586 5485//4590 3808//4633
f 5474//4585 3789//4591 1174//4593
f 5478//5703 3777//4575 1169//4573
f 5475//5704 3781//4576 1170//4578
f 3787//5705 5477//4589 3793//4587
f 5483//4606 3805//4626 1182//4624
f 3790//4582 5475//5704 3791//4599
f 5475//5704 3787//5705 1175//4596
f 5482//5706 3803//4628 1177//4605
f 5478//5703 3795//4595 1178//4607
f 3795//4595 5478//5703 3786//5702
f 3795//4595 5484//4594 3806//4609
f 3797//4611 5491//4614 3820//4650
f 5481//4601 3802//4615 1180//4617
f 3799//4598 5480//4597 3801//4612
f 3800//4627 5487//4648 3815//4646
f 3803//4628 5482//5706 3804//4623
f 5482//5706 3799//4598 1181//4620
f 3804//4623 5486//5707 3813//4630
f 5484//4594 3807//4619 1184//4631
f 3807//4619 5484//4594 3798//4592
f 3807//4619 5490//4618 3818//4632
f 5471//4637 3819//4649 1186//4639
f 5488//4625 3816//4638 1186//4639
f 3811//4622 5489//4621 3817//4635
f 3812//4642 5473//4644 3814//4645
f 5486//5707 3814//4645 1189//4647
f 3814//4645 5486//5707 3811//4622
f 5490//4618 3819//4649 1190//4651
f 3819//4649 5490//4618 3810//4616
f 3821//3208 4978//4658 3826//5708
f 4994//3231 3825//4667 1195//4666
f 4986//4660 3829//4662 1196//4669
f 5497//5709 3834//4677 1194//4664
f 3825//4667 5498//5715 3839//5710
f 5495//5711 3833//4661 1193//4659
f 3827//4654 5500//4665 3830//5712
f 3828//4655 5496//5714 3836//5713
f 5499//4674 3831//5716 1196//4669
f 5496//5714 3828//4655 1191//4652
f 5500//4665 3843//4670 1197//4672
f 5498//5715 3825//4667 1196//4669
f 3831//5716 5499//4674 3842//4676
f 5502//5717 3838//4683 1197//4672
f 5504//4679 3852//4692 1203//4694
f 3833//4661 5495//5711 3837//4686
f 3834//4677 5497//5709 3840//4691
f 3835//4682 5503//4681 3851//4695
f 5506//4688 3841//5719 1200//4680
f 3836//5713 5495//5711 3826//5708
f 5496//5714 3838//4683 1201//4685
f 5495//5711 3836//5713 1201//4685
f 5501//5718 3845//4675 1198//4673
f 3838//4683 5496//5714 3830//5712
f 3839//5710 5497//5709 3824//4663
f 5498//5715 3841//5719 1202//4687
f 5497//5709 3839//5710 1202//4687
f 5505//4690 3846//4700 1199//4678
f 3841//5719 5498//5715 3831//5716
f 5492//4697 3850//4704 1203//4694
f 3845//4675 5501//5718 3849//4705
f 3846//4700 5505//4690 3854//4708
f 5494//4701 3855//4707 1206//4703
f 5502//5717 3850//4704 1207//4706
f 5501//5718 3848//4684 1207//4706
f 3850//4704 5502//5717 3832//4671
f 5506//4688 3855//4707 1208//4709
f 5505//4690 3853//4689 1208//4709
f 3855//4707 5506//4688 3835//4682
f 3856//1136 4359//4716 3863//5720
f 4375//1166 3860//4725 1213//4724
f 3858//4726 4367//4718 3864//4720
f 3859//4713 5514//5726 3875//5721
f 3860//4725 5512//5728 3872//5722
f 5511//5723 3869//4739 1212//4722
f 3862//4712 5515//4723 3865//5724
f 5513//5725 3868//4719 1211//4717
f 5510//4733 3866//5727 1214//4727
f 5514//5726 3859//4713 1209//4710
f 5515//4723 3878//4728 1215//4730
f 3866//5727 5510//4733 3871//4731
f 5512//5728 3860//4725 1214//4727
f 5507//4734 3877//4743 1215//4730
f 3868//4719 5513//5725 3876//4744
f 5511//5723 3873//4737 1217//4735
f 3870//4738 5509//5841 3874//4741
f 3872//5722 5511//5723 3861//4721
f 5512//5728 3874//4741 1219//4742
f 5511//5723 3872//5722 1219//4742
f 5512//5728 3866//5727 1218//4740
f 3875//5721 5513//5725 3863//5720
f 5514//5726 3877//4743 1220//4745
f 5513//5725 3875//5721 1220//4745
f 3877//4743 5514//5726 3865//5724
f 5518//4794 3912//4791 1239//4792
f 3879//4751 5529//4790 3905//4747
f 5517//4817 3893//4753 1224//4755
f 5525//5729 3928//4818 1248//4819
f 5520//5730 3929//4820 1249//4821
f 5525//5729 3901//4756 1225//4758
f 5520//5730 3896//4759 1226//4761
f 5523//5731 3930//4822 1250//4823
f 5523//5731 3899//4762 1227//4764
f 5524//5732 3931//4824 1251//4825
f 5522//5733 3932//4786 1252//4826
f 5524//5732 3900//4765 1228//4767
f 5522//5733 3898//4768 1229//4770
f 5530//5734 3909//4785 1237//4787
f 3886//3086 4937//4784 3902//5735
f 3887//4774 4931//4754 3903//5736
f 3888//4776 4932//3090 3897//5737
f 3889//4778 4933//3093 3908//5738
f 3890//4780 4934//3096 3907//5739
f 3891//3101 4935//3099 3904//5740
f 3892//3104 4936//4782 3895//5741
f 3893//4753 5517//4817 3927//5742
f 5519//4799 3915//5744 1236//4783
f 5521//4811 3923//5748 1232//4775
f 5526//5405 2781//4795 1230//4772
f 5527//4814 3925//5749 1231//4773
f 5528//4802 3917//5745 1235//4781
f 3905//4747 5529//4790 3911//5743
f 5531//4805 3919//5746 1234//4779
f 5532//4808 3921//5747 1233//4777
f 5530//5734 3911//5743 1238//4789
f 5529//4790 3879//4751 1239//4792
f 5530//5734 3906//4748 1221//4746
f 5526//5405 3915//5744 1241//4798
f 5519//4799 3917//5745 1242//4801
f 3915//5744 5526//5405 3902//5735
f 5528//4802 3919//5746 1243//4804
f 3917//5745 5519//4799 3895//5741
f 5531//4805 3921//5747 1244//4807
f 3919//5746 5528//4802 3904//5740
f 5532//4808 3923//5748 1245//4810
f 3921//5747 5531//4805 3907//5739
f 5521//4811 3925//5749 1246//4813
f 3923//5748 5532//4808 3908//5738
f 5527//4814 3927//5742 1247//4816
f 3925//5749 5521//4811 3897//5737
f 5517//4817 3880//4757 1248//4819
f 3927//5742 5527//4814 3903//5736
f 5525//5729 3881//4760 1249//4821
f 5520//5730 3882//4763 1250//4823
f 5523//5731 3883//4766 1251//4825
f 5524//5732 3884//4769 1252//4826
f 5522//5733 3885//4771 1237//4787
f 4521//4866 4126//4886 1276//4829
f 3960//1801 4536//5233 4110//4861
f 4530//1857 4138//4849 1283//4847
f 4526//1882 4116//4882 1284//4850
f 4532//1863 4050//4857 1286//4855
f 4522//1875 4070//4874 1287//4858
f 3965//4863 4537//5819 4067//4867
f 3966//1870 4541//5238 4171//4853
f 4538//5234 4096//4873 1293//4876
f 3968//1877 4539//5237 4118//4845
f 4542//5236 4106//4881 1296//4884
f 3970//4868 4537//5819 4152//4889
f 3971//1849 4524//4892 4088//5750
f 3972//1873 4540//5235 4113//4834
f 4275//5159 4058//4898 1302//4901
f 4744//4913 4054//4915 1303//4903
f 4743//2311 4061//5770 1306//4912
f 4659//5284 4069//4919 1307//4916
f 4747//2508 4142//5801 1309//4920
f 3978//4924 4746//4926 4136//5752
f 4833//2667 4191//5768 1312//4927
f 3979//4929 4834//4928 3981//2828
f 4759//5260 4052//2555 1313//4932
f 4834//4928 4170//4931 1314//4934
f 4822//4943 4119//5793 1316//4937
f 3982//4939 4823//4938 3984//2822
f 4771//2533 4115//2571 1317//4942
f 4823//4938 4108//4941 1318//4944
f 5145//4957 4038//5761 1322//4955
f 3986//3678 5166//3724 4197//5019
f 5171//3037 4062//4965 1325//4963
f 3988//4948 5147//4951 4153//4996
f 3989//3696 5165//5538 4163//5008
f 3990//3700 5167//5537 4186//5000
f 3991//3736 5162//5530 4150//4961
f 3992//4994 5163//5844 4077//4992
f 3993//3669 5164//5005 4109//5753
f 3994//5011 5168//3682 4154//5754
f 3995//5755 4911//3034 4172//5026
f 3996//5027 4903//3749 4187//5756
f 5283//5040 4051//5767 1349//5037
f 3998//1932 5286//5045 4151//5047
f 3999//1976 5285//4065 4044//5757
f 5372//5655 4037//5053 1356//5055
f 5386//5658 4056//5075 1361//5072
f 5398//5660 4084//5096 1367//5093
f 4003//5098 4292//5106 4162//5758
f 4300//898 4135//5847 1371//5100
f 4016//5114 5534//5129 4149//5759
f 5537//5122 4101//5846 1384//5117
f 4037//5053 5562//5763 4225//5056
f 5628//5760 4117//4949 1322//4955
f 4039//4899 5563//4902 4209//4922
f 5567//5762 4058//4898 1301//4897
f 5562//5763 4037//5053 1355//5051
f 4042//5033 5632//5850 4223//5035
f 5620//5764 4073//4833 1277//4830
f 5564//5765 4224//5046 1353//5044
f 5582//5766 4096//4873 1292//4872
f 4047//5082 5581//5785 4095//5083
f 4050//4857 5623//5794 4121//4851
f 4051//5767 5632//5850 4042//5033
f 4052//2555 5566//5808 4191//5768
f 4053//4967 5630//5774 4071//4973
f 4054//4915 5617//5843 4207//4910
f 4055//4946 5627//5800 4139//5324
f 4056//5075 5633//5797 4125//5070
f 4057//5043 5564//5765 4044//5757
f 4058//4898 5567//5762 4206//5769
f 4059//5068 5568//5777 4227//5071
f 5569//5010 4220//5795 1341//5013
f 4061//5770 5572//5807 4208//4914
f 5629//5771 4107//4959 1325//4963
f 4063//5061 5576//5780 4082//5567
f 4065//4860 5571//5773 4202//5772
f 5571//5773 4065//4860 1289//4864
f 4068//5036 5606//5845 4224//5046
f 4069//4919 5572//5807 4061//5770
f 4070//4874 5573//4877 4201//4854
f 5630//5774 4216//4975 1329//4974
f 5621//5775 4199//5791 1279//4837
f 4073//4833 5620//5764 4198//5776
f 5568//5777 4226//5067 1357//5057
f 5622//5778 4200//4846 1282//4844
f 5574//5002 4219//5787 1338//5004
f 5575//5779 4218//4995 1335//4993
f 5575//5779 4077//4992 1334//4991
f 4080//4977 5631//5792 4111//4983
f 5576//5780 4226//5067 1359//5063
f 4084//5096 5634//5810 4092//5091
f 5616//5781 4190//5018 1344//5022
f 5624//5782 4152//4889 1298//4890
f 4090//4908 5625//5851 4207//4910
f 5589//5783 4106//4881 1295//4880
f 4092//5091 5634//5810 4229//5784
f 5581//5785 4228//5088 1365//5084
f 4096//4873 5582//5766 4203//5786
f 4102//4838 5586//4839 4202//5772
f 4104//4999 5590//5790 4219//5787
f 4106//4881 5589//5783 4204//5788
f 5629//5771 4215//4962 1324//4960
f 5602//5789 4213//2560 1318//4944
f 5590//5790 4104//4999 1337//5003
f 4110//4861 5586//4839 4199//5791
f 5631//5792 4217//4985 1332//4984
f 4113//4834 5592//4835 4205//4888
f 4115//2571 5593//5809 4119//5793
f 4116//4882 5594//4885 4200//4846
f 5628//5760 4214//4952 1321//4950
f 5594//4885 4204//5788 1294//4878
f 4119//5793 5593//5809 4212//4940
f 4120//4953 5619//5806 4221//5020
f 5623//5794 4201//4854 1285//4852
f 4122//4905 5625//5851 4090//4908
f 4123//5007 5608//5803 4220//5795
f 5595//5796 4222//5025 1347//5030
f 5633//5797 4227//5071 1360//5069
f 4126//4886 5592//4835 4198//5776
f 4127//5023 5595//5796 4225//5056
f 5621//5775 4072//4836 1280//4840
f 4130//2568 5597//4930 4210//5798
f 5598//5799 4142//5801 1310//4923
f 4138//4849 5622//5778 4075//4843
f 5627//5800 4213//2560 545//2557
f 5598//5799 4209//4922 1309//4920
f 4144//2561 5602//5789 4212//4940
f 5607//5802 4218//4995 1333//4987
f 4151//5047 5606//5845 4223//5035
f 5624//5782 4205//4888 1297//4887
f 5607//5802 4215//4962 1326//4966
f 5608//5803 4123//5007 1340//5012
f 4163//5008 5569//5010 4216//4975
f 4170//4931 5597//4930 4211//2567
f 5573//4877 4203//5786 1291//4869
f 5615//5804 4222//5025 1345//5024
f 4186//5000 5574//5002 4217//4985
f 5615//5804 4172//5026 1346//5028
f 4188//5079 5618//5092 4228//5088
f 4189//4936 5626//5805 4193//2562
f 5616//5781 4221//5020 1343//5016
f 4191//5768 5566//5808 4210//5798
f 4192//4911 5617//5843 4208//4914
f 5626//5805 4211//2567 546//2563
f 4194//5089 5618//5092 4229//5784
f 4195//4893 5563//4902 4206//5769
f 5619//5806 4214//4952 1323//4956
f 5620//5764 4043//4827 1276//4829
f 5621//5775 4128//4841 1281//4842
f 5622//5778 4138//4849 1284//4850
f 5623//5794 4050//4857 1287//4858
f 5571//5773 4067//4867 1290//4865
f 4203//5786 5582//5766 4046//4871
f 4204//5788 5589//5783 4091//4879
f 5624//5782 4088//5750 1299//4891
f 5567//5762 4040//4895 1300//4894
f 4207//4910 5625//5851 4122//4905
f 5572//5807 4069//4919 1308//4918
f 4209//4922 5598//5799 4136//5752
f 5566//5808 4052//2555 544//2554
f 5626//5805 4189//4936 1314//4934
f 5593//5809 4115//2571 547//2570
f 4213//2560 5627//5800 4055//4946
f 4214//4952 5628//5760 4038//5761
f 5629//5771 4062//4965 1326//4966
f 5630//5774 4053//4967 1327//4968
f 5631//5792 4080//4977 1330//4978
f 4218//4995 5575//5779 4078//4990
f 4219//5787 5590//5790 4109//5753
f 4220//5795 5608//5803 4154//5754
f 5616//5781 4085//5015 1342//5014
f 4222//5025 5615//5804 4187//5756
f 4223//5035 5632//5850 4051//5767
f 4224//5046 5564//5765 4057//5043
f 5562//5763 4041//5052 1354//5048
f 4226//5067 5576//5780 4063//5061
f 5633//5797 4056//5075 1362//5074
f 4228//5088 5581//5785 4047//5082
f 5634//5810 4084//5096 1368//5095
o sphere3
v -1.618970 0.094043 0.232930
v -1.619874 0.094043 0.237472
v -1.622447 0.094043 0.241322
v -1.626297 0.094043 0.243895
v -1.630839 0.094043 0.244798
v -1.635381 0.094043 0.243895
v -1.639231 0.094043 0.241322
v -1.641804 0.094043 0.237472
v -1.642707 0.094043 0.232930
v -1.641804 0.094043 0.228388
v -1.639231 0.094043 0.224537
v -1.635381 0.094043 0.221964
v -1.630839 0.094043 0.221061
v -1.626297 0.094043 0.221964
v -1.622447 0.094043 0.224537
v -1.619874 0.094043 0.228388
v -1.609356 0.087379 0.232930
v -1.610991 0.087379 0.241151
v -1.615648 0.087379 0.248120
v -1.622618 0.087379 0.252777
v -1.630839 0.087379 0.254413
v -1.639060 0.087379 0.252777
v -1.646030 0.087379 0.248120
v -1.650687 0.087379 0.241151
v -1.652322 0.087379 0.232930
v -1.650687 0.087379 0.224708
v -1.646030 0.087379 0.217739
v -1.639060 0.087379 0.213082
v -1.630839 0.087379 0.211447
v -1.622618 0.087379 0.213082
v -1.615648 0.087379 0.217739
v -1.610991 0.087379 0.224708
v -1.602770 0.077332 0.232930
v -1.604907 0.077332 0.243671
v -1.610991 0.077332 0.252777
v -1.620097 0.077332 0.258862
v -1.630839 0.077332 0.260998
v -1.641580 0.077332 0.258862
v -1.650687 0.077332 0.252777
v -1.656771 0.077332 0.243671
v -1.658908 0.077332 0.232930
v -1.656771 0.077332 0.222188
v -1.650687 0.077332 0.213082
v -1.641580 0.077332 0.206997
v -1.630839 0.077332 0.204861
v -1.620097 0.077332 0.206997
v -1.610991 0.077332 0.213082
v -1.604907 0.077332 0.222188
v -1.600457 0.065480 0.232930
v -1.602770 0.065480 0.244556
v -1.609356 0.065480 0.254413
v -1.619212 0.065480 0.260998
v -1.630839 0.065480 0.263311
v -1.642465 0.065480 0.260998
v -1.652322 0.065480 0.254413
v -1.658908 0.065480 0.244556
v -1.661220 0.065480 0.232930
v -1.658908 0.065480 0.221303
v -1.652322 0.065480 0.211447
v -1.642465 0.065480 0.204861
v -1.630839 0.065480 0.202548
v -1.619212 0.065480 0.204861
v -1.609356 0.065480 0.211447
v -1.602770 0.065480 0.221303
v -1.602770 0.053628 0.232930
v -1.604907 0.053628 0.243671
v -1.610991 0.053628 0.252777
v -1.620097 0.053628 0.258862
v -1.630839 0.053628 0.260998
v -1.641580 0.053628 0.258862
v -1.650687 0.053628 0.252777
v -1.656771 0.053628 0.243671
v -1.658908 0.053628 0.232930
v -1.656771 0.053628 0.222188
v -1.650687 0.053628 0.213082
v -1.641580 0.053628 0.206997
v -1.630839 0.053628 0.204861
v -1.620097 0.053628 0.206997
v -1.610991 0.053628 0.213082
v -1.604907 0.053628 0.222188
v -1.609356 0.043580 0.232930
v -1.610991 0.043580 0.241151
v -1.615648 0.043580 0.248120
v -1.622618 0.043580 0.252777
v -1.630839 0.043580 0.254413
v -1.639060 0.043580 0.252777
v -1.646030 0.043580 0.248120
v -1.650687 0.043580 0.241151
v -1.652322 0.043580 0.232930
v -1.650687 0.043580 0.224708
v -1.646030 0.043580 0.217739
v -1.639060 0.043580 0.213082
v -1.630839 0.043580 0.211447
v -1.622618 0.043580 0.213082
v -1.615648 0.043580 0.217739
v -1.610991 0.043580 0.224708
v -1.618970 0.036916 0.232930
v -1.619874 0.036916 0.237472
v -1.622447 0.036916 0.241322
v -1.626297 0.036916 0.243895
v -1.630839 0.036916 0.244798
v -1.635381 0.036916 0.243895
v -1.639231 0.036916 0.241322
v -1.641804 0.036916 0.237472
v -1.642707 0.036916 0.232930
v -1.641804 0.036916 0.228388
v -1.639231 0.036916 0.224537
v -1.635381 0.036916 0.221964
v -1.630839 0.036916 0.221061
v -1.626297 0.036916 0.221964
v -1.622447 0.036916 0.224537
v -1.619874 0.036916 0.228388
v -1.630839 0.096801 0.232930
v -1.630839 0.034158 0.232930
v -1.618970 0.094043 -0.229827
v -1.619874 0.094043 -0.225285
v -1.622447 0.094043 -0.221435
v -1.626297 0.094043 -0.218862
v -1.630839 0.094043 -0.217959
v -1.635381 0.094043 -0.218862
v -1.639231 0.094043 -0.221435
v -1.641804 0.094043 -0.225285
v -1.642707 0.094043 -0.229827
v -1.641804 0.094043 -0.234369
v -1.639231 0.094043 -0.238220
v -1.635381 0.094043 -0.240793
v -1.630839 0.094043 -0.241696
v -1.626297 0.094043 -0.240793
v -1.622447 0.094043 -0.238220
v -1.619874 0.094043 -0.234369
v -1.609356 0.087379 -0.229827
v -1.610991 0.087379 -0.221606
v -1.615648 0.087379 -0.214637
v -1.622618 0.087379 -0.209980
v -1.630839 0.087379 -0.208344
v -1.639060 0.087379 -0.209980
v -1.646030 0.087379 -0.214637
v -1.650687 0.087379 -0.221606
v -1.652322 0.087379 -0.229827
v -1.650687 0.087379 -0.238049
v -1.646030 0.087379 -0.245018
v -1.639060 0.087379 -0.249675
v -1.630839 0.087379 -0.251310
v -1.622618 0.087379 -0.249675
v -1.615648 0.087379 -0.245018
v -1.610991 0.087379 -0.238049
v -1.602770 0.077332 -0.229827
v -1.604907 0.077332 -0.219086
v -1.610991 0.077332 -0.209980
v -1.620097 0.077332 -0.203895
v -1.630839 0.077332 -0.201759
v -1.641580 0.077332 -0.203895
v -1.650687 0.077332 -0.209980
v -1.656771 0.077332 -0.219086
v -1.658908 0.077332 -0.229827
v -1.656771 0.077332 -0.240569
v -1.650687 0.077332 -0.249675
v -1.641580 0.077332 -0.255760
v -1.630839 0.077332 -0.257896
v -1.620097 0.077332 -0.255760
v -1.610991 0.077332 -0.249675
v -1.604907 0.077332 -0.240569
v -1.600457 0.065480 -0.229827
v -1.602770 0.065480 -0.218201
v -1.609356 0.065480 -0.208344
v -1.619212 0.065480 -0.201759
v -1.630839 0.065480 -0.199446
v -1.642465 0.065480 -0.201759
v -1.652322 0.065480 -0.208344
v -1.658908 0.065480 -0.218201
v -1.661220 0.065480 -0.229827
v -1.658908 0.065480 -0.241454
v -1.652322 0.065480 -0.251310
v -1.642465 0.065480 -0.257896
v -1.630839 0.065480 -0.260209
v -1.619212 0.065480 -0.257896
v -1.609356 0.065480 -0.251310
v -1.602770 0.065480 -0.241454
v -1.602770 0.053628 -0.229827
v -1.604907 0.053628 -0.219086
v -1.610991 0.053628 -0.209980
v -1.620097 0.053628 -0.203895
v -1.630839 0.053628 -0.201759
v -1.641580 0.053628 -0.203895
v -1.650687 0.053628 -0.209980
v -1.656771 0.053628 -0.219086
v -1.658908 0.053628 -0.229827
v -1.656771 0.053628 -0.240569
v -1.650687 0.053628 -0.249675
v -1.641580 0.053628 -0.255760
v -1.630839 0.053628 -0.257896
v -1.620097 0.053628 -0.255760
v -1.610991 0.053628 -0.249675
v -1.604907 0.053628 -0.240569
v -1.609356 0.043580 -0.229827
v -1.610991 0.043580 -0.221606
v -1.615648 0.043580 -0.214637
v -1.622618 0.043580 -0.209980
v -1.630839 0.043580 -0.208344
v -1.639060 0.043580 -0.209980
v -1.646030 0.043580 -0.214637
v -1.650687 0.043580 -0.221606
v -1.652322 0.043580 -0.229827
v -1.650687 0.043580 -0.238049
v -1.646030 0.043580 -0.245018
v -1.639060 0.043580 -0.249675
v -1.630839 0.043580 -0.251310
v -1.622618 0.043580 -0.249675
v -1.615648 0.043580 -0.245018
v -1.610991 0.043580 -0.238049
v -1.618970 0.036917 -0.229827
v -1.619874 0.036917 -0.225285
v -1.622447 0.036917 -0.221435
v -1.626297 0.036917 -0.218862
v -1.630839 0.036917 -0.217959
v -1.635381 0.036917 -0.218862
v -1.639231 0.036917 -0.221435
v -1.641804 0.036917 -0.225285
v -1.642707 0.036917 -0.229827
v -1.641804 0.036917 -0.234369
v -1.639231 0.036917 -0.238220
v -1.635381 0.036917 -0.240793
v -1.630839 0.036917 -0.241696
v -1.626297 0.036917 -0.240793
v -1.622447 0.036917 -0.238220
v -1.619874 0.036917 -0.234369
v -1.630839 0.096801 -0.229827
v -1.630839 0.034158 -0.229827
v -1.618954 0.093993 0.235294
v -1.618954 0.093993 0.230565
v -1.613963 0.091226 0.232930
v -1.623944 0.095649 0.232930
v -1.620763 0.093993 0.239662
v -1.615248 0.091226 0.239388
v -1.624469 0.095649 0.235568
v -1.624107 0.093993 0.243005
v -1.618906 0.091226 0.244863
v -1.625964 0.095649 0.237805
v -1.628475 0.093993 0.244815
v -1.624381 0.091226 0.248521
v -1.628200 0.095649 0.239299
v -1.633203 0.093993 0.244815
v -1.630839 0.091226 0.249805
v -1.630839 0.095649 0.239824
v -1.637571 0.093993 0.243005
v -1.637297 0.091226 0.248521
v -1.633477 0.095649 0.239299
v -1.640915 0.093993 0.239662
v -1.642772 0.091226 0.244863
v -1.635714 0.095649 0.237805
v -1.642724 0.093993 0.235294
v -1.646430 0.091226 0.239388
v -1.637209 0.095649 0.235568
v -1.642724 0.093993 0.230565
v -1.647715 0.091226 0.232930
v -1.637733 0.095649 0.232930
v -1.640915 0.093993 0.226197
v -1.646430 0.091226 0.226471
v -1.637209 0.095649 0.230291
v -1.637571 0.093993 0.222854
v -1.642772 0.091226 0.220997
v -1.635714 0.095649 0.228054
v -1.633203 0.093993 0.221044
v -1.637297 0.091226 0.217338
v -1.633477 0.095649 0.226560
v -1.628475 0.093993 0.221044
v -1.630839 0.091226 0.216054
v -1.630839 0.095649 0.226035
v -1.624107 0.093993 0.222854
v -1.624381 0.091226 0.217338
v -1.628200 0.095649 0.226560
v -1.620763 0.093993 0.226197
v -1.618906 0.091226 0.220997
v -1.625964 0.095649 0.228054
v -1.615248 0.091226 0.226471
v -1.624469 0.095649 0.230291
v -1.609773 0.087379 0.237120
v -1.609773 0.087379 0.228739
v -1.605582 0.082683 0.232930
v -1.612980 0.087379 0.244863
v -1.607505 0.082683 0.242595
v -1.618906 0.087379 0.250789
v -1.612980 0.082683 0.250789
v -1.626649 0.087379 0.253996
v -1.621174 0.082683 0.256264
v -1.635029 0.087379 0.253996
v -1.630839 0.082683 0.258186
v -1.642772 0.087379 0.250789
v -1.640504 0.082683 0.256264
v -1.648698 0.087379 0.244863
v -1.648698 0.082683 0.250789
v -1.651905 0.087379 0.237120
v -1.654173 0.082683 0.242595
v -1.651905 0.087379 0.228739
v -1.656095 0.082683 0.232930
v -1.648698 0.087379 0.220997
v -1.654173 0.082683 0.223264
v -1.642772 0.087379 0.215071
v -1.648698 0.082683 0.215071
v -1.635029 0.087379 0.211863
v -1.640504 0.082683 0.209596
v -1.626649 0.087379 0.211863
v -1.630839 0.082683 0.207673
v -1.618906 0.087379 0.215071
v -1.621174 0.082683 0.209596
v -1.612980 0.087379 0.220997
v -1.612980 0.082683 0.215071
v -1.607505 0.082683 0.223264
v -1.603315 0.077332 0.238405
v -1.603315 0.077332 0.227455
v -1.601047 0.071521 0.232930
v -1.607505 0.077332 0.248521
v -1.603315 0.071521 0.244331
v -1.615248 0.077332 0.256264
v -1.609773 0.071521 0.253996
v -1.625364 0.077332 0.260454
v -1.619438 0.071521 0.260454
v -1.636314 0.077332 0.260454
v -1.630839 0.071521 0.262722
v -1.646430 0.077332 0.256264
v -1.642240 0.071521 0.260454
v -1.654173 0.077332 0.248521
v -1.651905 0.071521 0.253996
v -1.658363 0.077332 0.238405
v -1.658363 0.071521 0.244331
v -1.658363 0.077332 0.227455
v -1.660631 0.071521 0.232930
v -1.654173 0.077332 0.217338
v -1.658363 0.071521 0.221529
v -1.646430 0.077332 0.209596
v -1.651905 0.071521 0.211863
v -1.636314 0.077332 0.205405
v -1.642240 0.071521 0.205405
v -1.625364 0.077332 0.205405
v -1.630839 0.071521 0.203138
v -1.615248 0.077332 0.209596
v -1.619438 0.071521 0.205405
v -1.607505 0.077332 0.217338
v -1.609773 0.071521 0.211863
v -1.603315 0.071521 0.221529
v -1.601047 0.065480 0.238856
v -1.601047 0.065480 0.227004
v -1.601047 0.059439 0.232930
v -1.605582 0.065480 0.249805
v -1.603315 0.059439 0.244331
v -1.613963 0.065480 0.258186
v -1.609773 0.059439 0.253996
v -1.624913 0.065480 0.262722
v -1.619438 0.059439 0.260454
v -1.636765 0.065480 0.262722
v -1.630839 0.059439 0.262722
v -1.647715 0.065480 0.258186
v -1.642240 0.059439 0.260454
v -1.656095 0.065480 0.249805
v -1.651905 0.059439 0.253996
v -1.660631 0.065480 0.238856
v -1.658363 0.059439 0.244331
v -1.660631 0.065480 0.227004
v -1.660631 0.059439 0.232930
v -1.656095 0.065480 0.216054
v -1.658363 0.059439 0.221529
v -1.647715 0.065480 0.207673
v -1.651905 0.059439 0.211863
v -1.636765 0.065480 0.203138
v -1.642240 0.059439 0.205405
v -1.624913 0.065480 0.203138
v -1.630839 0.059439 0.203138
v -1.613963 0.065480 0.207673
v -1.619438 0.059439 0.205405
v -1.605582 0.065480 0.216054
v -1.609773 0.059439 0.211863
v -1.603315 0.059439 0.221529
v -1.603315 0.053628 0.238405
v -1.603315 0.053628 0.227455
v -1.605582 0.048276 0.232930
v -1.607505 0.053628 0.248521
v -1.607505 0.048276 0.242595
v -1.615248 0.053628 0.256264
v -1.612980 0.048276 0.250789
v -1.625364 0.053628 0.260454
v -1.621174 0.048276 0.256264
v -1.636314 0.053628 0.260454
v -1.630839 0.048276 0.258186
v -1.646430 0.053628 0.256264
v -1.640504 0.048276 0.256264
v -1.654173 0.053628 0.248521
v -1.648698 0.048276 0.250789
v -1.658363 0.053628 0.238405
v -1.654173 0.048276 0.242595
v -1.658363 0.053628 0.227455
v -1.656095 0.048276 0.232930
v -1.654173 0.053628 0.217338
v -1.654173 0.048276 0.223264
v -1.646430 0.053628 0.209596
v -1.648698 0.048276 0.215071
v -1.636314 0.053628 0.205405
v -1.640504 0.048276 0.209596
v -1.625364 0.053628 0.205405
v -1.630839 0.048276 0.207673
v -1.615248 0.053628 0.209596
v -1.621174 0.048276 0.209596
v -1.607505 0.053628 0.217338
v -1.612980 0.048276 0.215071
v -1.607505 0.048276 0.223264
v -1.609773 0.043580 0.237120
v -1.609773 0.043580 0.228739
v -1.613963 0.039733 0.232930
v -1.612980 0.043580 0.244863
v -1.615248 0.039733 0.239388
v -1.618906 0.043580 0.250789
v -1.618906 0.039733 0.244863
v -1.626649 0.043580 0.253996
v -1.624381 0.039733 0.248521
v -1.635029 0.043580 0.253996
v -1.630839 0.039733 0.249805
v -1.642772 0.043580 0.250789
v -1.637297 0.039733 0.248521
v -1.648698 0.043580 0.244863
v -1.642772 0.039733 0.244863
v -1.651905 0.043580 0.237120
v -1.646430 0.039733 0.239388
v -1.651905 0.043580 0.228739
v -1.647715 0.039733 0.232930
v -1.648698 0.043580 0.220997
v -1.646430 0.039733 0.226471
v -1.642772 0.043580 0.215071
v -1.642772 0.039733 0.220997
v -1.635029 0.043580 0.211863
v -1.637297 0.039733 0.217338
v -1.626649 0.043580 0.211863
v -1.630839 0.039733 0.216054
v -1.618906 0.043580 0.215071
v -1.624381 0.039733 0.217338
v -1.612980 0.043580 0.220997
v -1.618906 0.039733 0.220997
v -1.615248 0.039733 0.226471
v -1.618954 0.036967 0.235294
v -1.618954 0.036967 0.230565
v -1.623944 0.035310 0.232930
v -1.620763 0.036967 0.239662
v -1.624469 0.035310 0.235568
v -1.624107 0.036967 0.243005
v -1.625964 0.035310 0.237805
v -1.628475 0.036967 0.244815
v -1.628200 0.035310 0.239299
v -1.633203 0.036967 0.244815
v -1.630839 0.035310 0.239824
v -1.637571 0.036967 0.243005
v -1.633477 0.035310 0.239299
v -1.640915 0.036967 0.239662
v -1.635714 0.035310 0.237805
v -1.642724 0.036967 0.235294
v -1.637209 0.035310 0.235568
v -1.642724 0.036967 0.230565
v -1.637733 0.035310 0.232930
v -1.640915 0.036967 0.226197
v -1.637209 0.035310 0.230291
v -1.637571 0.036967 0.222854
v -1.635714 0.035310 0.228054
v -1.633203 0.036967 0.221044
v -1.633477 0.035310 0.226560
v -1.628475 0.036967 0.221044
v -1.630839 0.035310 0.226035
v -1.624107 0.036967 0.222854
v -1.628200 0.035310 0.226560
v -1.620763 0.036967 0.226197
v -1.625964 0.035310 0.228054
v -1.624469 0.035310 0.230291
v -1.618954 0.093993 -0.227463
v -1.618954 0.093993 -0.232191
v -1.613963 0.091226 -0.229827
v -1.623944 0.095649 -0.229827
v -1.620763 0.093993 -0.223095
v -1.615248 0.091226 -0.223369
v -1.624469 0.095649 -0.227189
v -1.624107 0.093993 -0.219752
v -1.618906 0.091226 -0.217894
v -1.625964 0.095649 -0.224952
v -1.628475 0.093993 -0.217942
v -1.624381 0.091226 -0.214236
v -1.628200 0.095649 -0.223458
v -1.633203 0.093993 -0.217942
v -1.630839 0.091226 -0.212952
v -1.630839 0.095649 -0.222933
v -1.637571 0.093993 -0.219752
v -1.637297 0.091226 -0.214236
v -1.633477 0.095649 -0.223458
v -1.640915 0.093993 -0.223095
v -1.642772 0.091226 -0.217894
v -1.635714 0.095649 -0.224952
v -1.642724 0.093993 -0.227463
v -1.646430 0.091226 -0.223369
v -1.637209 0.095649 -0.227189
v -1.642724 0.093993 -0.232191
v -1.647715 0.091226 -0.229827
v -1.637733 0.095649 -0.229827
v -1.640915 0.093993 -0.236560
v -1.646430 0.091226 -0.236285
v -1.637209 0.095649 -0.232466
v -1.637571 0.093993 -0.239903
v -1.642772 0.091226 -0.241760
v -1.635714 0.095649 -0.234703
v -1.633203 0.093993 -0.241713
v -1.637297 0.091226 -0.245419
v -1.633477 0.095649 -0.236197
v -1.628475 0.093993 -0.241713
v -1.630839 0.091226 -0.246703
v -1.630839 0.095649 -0.236722
v -1.624107 0.093993 -0.239903
v -1.624381 0.091226 -0.245419
v -1.628200 0.095649 -0.236197
v -1.620763 0.093993 -0.236560
v -1.618906 0.091226 -0.241760
v -1.625964 0.095649 -0.234703
v -1.615248 0.091226 -0.236285
v -1.624469 0.095649 -0.232466
v -1.609773 0.087379 -0.225637
v -1.609773 0.087379 -0.234018
v -1.605582 0.082683 -0.229827
v -1.612980 0.087379 -0.217894
v -1.607505 0.082683 -0.220162
v -1.618906 0.087379 -0.211968
v -1.612980 0.082683 -0.211968
v -1.626649 0.087379 -0.208761
v -1.621174 0.082683 -0.206493
v -1.635029 0.087379 -0.208761
v -1.630839 0.082683 -0.204571
v -1.642772 0.087379 -0.211968
v -1.640504 0.082683 -0.206493
v -1.648698 0.087379 -0.217894
v -1.648698 0.082683 -0.211968
v -1.651905 0.087379 -0.225637
v -1.654173 0.082683 -0.220162
v -1.651905 0.087379 -0.234018
v -1.656095 0.082683 -0.229827
v -1.648698 0.087379 -0.241760
v -1.654173 0.082683 -0.239493
v -1.642772 0.087379 -0.247686
v -1.648698 0.082683 -0.247686
v -1.635029 0.087379 -0.250894
v -1.640504 0.082683 -0.253161
v -1.626649 0.087379 -0.250894
v -1.630839 0.082683 -0.255084
v -1.618906 0.087379 -0.247686
v -1.621174 0.082683 -0.253161
v -1.612980 0.087379 -0.241760
v -1.612980 0.082683 -0.247686
v -1.607505 0.082683 -0.239493
v -1.603315 0.077332 -0.224352
v -1.603315 0.077332 -0.235302
v -1.601047 0.071521 -0.229827
v -1.607505 0.077332 -0.214236
v -1.603315 0.071521 -0.218426
v -1.615248 0.077332 -0.206493
v -1.609773 0.071521 -0.208761
v -1.625364 0.077332 -0.202303
v -1.619438 0.071521 -0.202303
v -1.636314 0.077332 -0.202303
v -1.630839 0.071521 -0.200035
v -1.646430 0.077332 -0.206493
v -1.642240 0.071521 -0.202303
v -1.654173 0.077332 -0.214236
v -1.651905 0.071521 -0.208761
v -1.658363 0.077332 -0.224352
v -1.658363 0.071521 -0.218426
v -1.658363 0.077332 -0.235302
v -1.660631 0.071521 -0.229827
v -1.654173 0.077332 -0.245419
v -1.658363 0.071521 -0.241228
v -1.646430 0.077332 -0.253161
v -1.651905 0.071521 -0.250894
v -1.636314 0.077332 -0.257352
v -1.642240 0.071521 -0.257352
v -1.625364 0.077332 -0.257352
v -1.630839 0.071521 -0.259619
v -1.615248 0.077332 -0.253161
v -1.619438 0.071521 -0.257352
v -1.607505 0.077332 -0.245419
v -1.609773 0.071521 -0.250894
v -1.603315 0.071521 -0.241228
v -1.601047 0.065480 -0.223901
v -1.601047 0.065480 -0.235753
v -1.601047 0.059439 -0.229827
v -1.605582 0.065480 -0.212952
v -1.603315 0.059439 -0.218426
v -1.613963 0.065480 -0.204571
v -1.609773 0.059439 -0.208761
v -1.624913 0.065480 -0.200035
v -1.619438 0.059439 -0.202303
v -1.636765 0.065480 -0.200035
v -1.630839 0.059439 -0.200035
v -1.647715 0.065480 -0.204571
v -1.642240 0.059439 -0.202303
v -1.656095 0.065480 -0.212952
v -1.651905 0.059439 -0.208761
v -1.660631 0.065480 -0.223901
v -1.658363 0.059439 -0.218426
v -1.660631 0.065480 -0.235753
v -1.660631 0.059439 -0.229827
v -1.656095 0.065480 -0.246703
v -1.658363 0.059439 -0.241228
v -1.647715 0.065480 -0.255084
v -1.651905 0.059439 -0.250894
v -1.636765 0.065480 -0.259619
v -1.642240 0.059439 -0.257352
v -1.624913 0.065480 -0.259619
v -1.630839 0.059439 -0.259619
v -1.613963 0.065480 -0.255084
v -1.619438 0.059439 -0.257352
v -1.605582 0.065480 -0.246703
v -1.609773 0.059439 -0.250894
v -1.603315 0.059439 -0.241228
v -1.603315 0.053628 -0.224352
v -1.603315 0.053628 -0.235302
v -1.605582 0.048277 -0.229827
v -1.607505 0.053628 -0.214236
v -1.607505 0.048277 -0.220162
v -1.615248 0.053628 -0.206493
v -1.612980 0.048277 -0.211968
v -1.625364 0.053628 -0.202303
v -1.621174 0.048277 -0.206493
v -1.636314 0.053628 -0.202303
v -1.630839 0.048277 -0.204571
v -1.646430 0.053628 -0.206493
v -1.640504 0.048277 -0.206493
v -1.654173 0.053628 -0.214236
v -1.648698 0.048277 -0.211968
v -1.658363 0.053628 -0.224352
v -1.654173 0.048277 -0.220162
v -1.658363 0.053628 -0.235302
v -1.656095 0.048277 -0.229827
v -1.654173 0.053628 -0.245419
v -1.654173 0.048277 -0.239493
v -1.646430 0.053628 -0.253161
v -1.648698 0.048277 -0.247686
v -1.636314 0.053628 -0.257352
v -1.640504 0.048277 -0.253161
v -1.625364 0.053628 -0.257352
v -1.630839 0.048277 -0.255084
v -1.615248 0.053628 -0.253161
v -1.621174 0.048277 -0.253161
v -1.607505 0.053628 -0.245419
v -1.612980 0.048277 -0.247686
v -1.607505 0.048277 -0.239493
v -1.609773 0.043580 -0.225637
v -1.609773 0.043580 -0.234018
v -1.613963 0.039733 -0.229827
v -1.612980 0.043580 -0.217894
v -1.615248 0.039733 -0.223369
v -1.618906 0.043580 -0.211968
v -1.618906 0.039733 -0.217894
v -1.626649 0.043580 -0.208761
v -1.624381 0.039733 -0.214236
v -1.635029 0.043580 -0.208761
v -1.630839 0.039733 -0.212952
v -1.642772 0.043580 -0.211968
v -1.637297 0.039733 -0.214236
v -1.648698 0.043580 -0.217894
v -1.642772 0.039733 -0.217894
v -1.651905 0.043580 -0.225637
v -1.646430 0.039733 -0.223369
v -1.651905 0.043580 -0.234018
v -1.647715 0.039733 -0.229827
v -1.648698 0.043580 -0.241760
v -1.646430 0.039733 -0.236285
v -1.642772 0.043580 -0.247686
v -1.642772 0.039733 -0.241760
v -1.635029 0.043580 -0.250894
v -1.637297 0.039733 -0.245419
v -1.626649 0.043580 -0.250894
v -1.630839 0.039733 -0.246703
v -1.618906 0.043580 -0.247686
v -1.624381 0.039733 -0.245419
v -1.612980 0.043580 -0.241760
v -1.618906 0.039733 -0.241760
v -1.615248 0.039733 -0.236285
v -1.618954 0.036967 -0.227463
v -1.618954 0.036967 -0.232192
v -1.623944 0.035310 -0.229827
v -1.620763 0.036967 -0.223095
v -1.624469 0.035310 -0.227189
v -1.624107 0.036967 -0.219752
v -1.625964 0.035310 -0.224952
v -1.628475 0.036967 -0.217942
v -1.628200 0.035310 -0.223458
v -1.633203 0.036967 -0.217942
v -1.630839 0.035310 -0.222933
v -1.637571 0.036967 -0.219752
v -1.633477 0.035310 -0.223458
v -1.640915 0.036967 -0.223095
v -1.635714 0.035310 -0.224952
v -1.642724 0.036967 -0.227463
v -1.637209 0.035310 -0.227189
v -1.642724 0.036967 -0.232192
v -1.637733 0.035310 -0.229827
v -1.640915 0.036967 -0.236560
v -1.637209 0.035310 -0.232466
v -1.637571 0.036967 -0.239903
v -1.635714 0.035310 -0.234703
v -1.633203 0.036967 -0.241713
v -1.633477 0.035310 -0.236197
v -1.628475 0.036967 -0.241713
v -1.630839 0.035310 -0.236722
v -1.624107 0.036967 -0.239903
v -1.628200 0.035310 -0.236197
v -1.620763 0.036967 -0.236560
v -1.625964 0.035310 -0.234703
v -1.624469 0.035310 -0.232466
v -1.623091 0.095449 0.234471
v -1.624270 0.095449 0.237319
v -1.626450 0.095449 0.239498
v -1.629298 0.095449 0.240678
v -1.632380 0.095449 0.240678
v -1.635228 0.095449 0.239498
v -1.637407 0.095449 0.237319
v -1.638587 0.095449 0.234471
v -1.638587 0.095449 0.231388
v -1.637407 0.095449 0.228541
v -1.635228 0.095449 0.226361
v -1.632380 0.095449 0.225182
v -1.629298 0.095449 0.225182
v -1.626450 0.095449 0.226361
v -1.624270 0.095449 0.228541
v -1.623091 0.095449 0.231388
v -1.623091 0.035510 0.234471
v -1.624270 0.035510 0.237319
v -1.626450 0.035510 0.239498
v -1.629298 0.035510 0.240678
v -1.632380 0.035510 0.240678
v -1.635228 0.035510 0.239498
v -1.637407 0.035510 0.237319
v -1.638587 0.035510 0.234471
v -1.638587 0.035510 0.231388
v -1.637407 0.035510 0.228541
v -1.635228 0.035510 0.226361
v -1.632380 0.035510 0.225182
v -1.629298 0.035510 0.225182
v -1.626450 0.035510 0.226361
v -1.624270 0.035510 0.228541
v -1.623091 0.035510 0.231388
v -1.614290 0.091226 0.236221
v -1.616810 0.091226 0.242304
v -1.621465 0.091226 0.246959
v -1.627547 0.091226 0.249478
v -1.634131 0.091226 0.249478
v -1.640213 0.091226 0.246959
v -1.644868 0.091226 0.242304
v -1.647387 0.091226 0.236221
v -1.647387 0.091226 0.229638
v -1.644868 0.091226 0.223556
v -1.640213 0.091226 0.218900
v -1.634131 0.091226 0.216381
v -1.627547 0.091226 0.216381
v -1.621465 0.091226 0.218900
v -1.616810 0.091226 0.223556
v -1.614290 0.091226 0.229638
v -1.606072 0.082683 0.237856
v -1.609843 0.082683 0.246959
v -1.616810 0.082683 0.253926
v -1.625913 0.082683 0.257696
v -1.635765 0.082683 0.257696
v -1.644868 0.082683 0.253926
v -1.651835 0.082683 0.246959
v -1.655605 0.082683 0.237856
v -1.655605 0.082683 0.228003
v -1.651835 0.082683 0.218900
v -1.644868 0.082683 0.211934
v -1.635765 0.082683 0.208163
v -1.625913 0.082683 0.208163
v -1.616810 0.082683 0.211934
v -1.609843 0.082683 0.218900
v -1.606072 0.082683 0.228003
v -1.601625 0.071521 0.238741
v -1.606072 0.071521 0.249478
v -1.614290 0.071521 0.257696
v -1.625028 0.071521 0.262144
v -1.636650 0.071521 0.262144
v -1.647387 0.071521 0.257696
v -1.655605 0.071521 0.249478
v -1.660053 0.071521 0.238741
v -1.660053 0.071521 0.227119
v -1.655605 0.071521 0.216381
v -1.647387 0.071521 0.208163
v -1.636650 0.071521 0.203715
v -1.625028 0.071521 0.203715
v -1.614290 0.071521 0.208163
v -1.606072 0.071521 0.216381
v -1.601625 0.071521 0.227119
v -1.601625 0.059439 0.238741
v -1.606072 0.059439 0.249478
v -1.614290 0.059439 0.257696
v -1.625028 0.059439 0.262144
v -1.636650 0.059439 0.262144
v -1.647387 0.059439 0.257696
v -1.655605 0.059439 0.249478
v -1.660053 0.059439 0.238741
v -1.660053 0.059439 0.227119
v -1.655605 0.059439 0.216381
v -1.647387 0.059439 0.208163
v -1.636650 0.059439 0.203715
v -1.625028 0.059439 0.203715
v -1.614290 0.059439 0.208163
v -1.606072 0.059439 0.216381
v -1.601625 0.059439 0.227119
v -1.606072 0.048276 0.237856
v -1.609843 0.048276 0.246959
v -1.616810 0.048276 0.253926
v -1.625913 0.048276 0.257696
v -1.635765 0.048276 0.257696
v -1.644868 0.048276 0.253926
v -1.651835 0.048276 0.246959
v -1.655605 0.048276 0.237856
v -1.655605 0.048276 0.228003
v -1.651835 0.048276 0.218900
v -1.644868 0.048276 0.211934
v -1.635765 0.048276 0.208163
v -1.625913 0.048276 0.208163
v -1.616810 0.048276 0.211934
v -1.609843 0.048276 0.218900
v -1.606072 0.048276 0.228003
v -1.614290 0.039733 0.236221
v -1.616810 0.039733 0.242304
v -1.621465 0.039733 0.246959
v -1.627547 0.039733 0.249478
v -1.634131 0.039733 0.249478
v -1.640213 0.039733 0.246959
v -1.644868 0.039733 0.242304
v -1.647387 0.039733 0.236221
v -1.647387 0.039733 0.229638
v -1.644868 0.039733 0.223556
v -1.640213 0.039733 0.218900
v -1.634131 0.039733 0.216381
v -1.627547 0.039733 0.216381
v -1.621465 0.039733 0.218900
v -1.616810 0.039733 0.223556
v -1.614290 0.039733 0.229638
v -1.623091 0.095449 -0.228286
v -1.624270 0.095449 -0.225438
v -1.626450 0.095449 -0.223259
v -1.629298 0.095449 -0.222079
v -1.632380 0.095449 -0.222079
v -1.635228 0.095449 -0.223259
v -1.637407 0.095449 -0.225438
v -1.638587 0.095449 -0.228286
v -1.638587 0.095449 -0.231369
v -1.637407 0.095449 -0.234216
v -1.635228 0.095449 -0.236396
v -1.632380 0.095449 -0.237575
v -1.629298 0.095449 -0.237575
v -1.626450 0.095449 -0.236396
v -1.624270 0.095449 -0.234216
v -1.623091 0.095449 -0.231369
v -1.623091 0.035510 -0.228286
v -1.624270 0.035510 -0.225438
v -1.626450 0.035510 -0.223259
v -1.629298 0.035510 -0.222079
v -1.632380 0.035510 -0.222079
v -1.635228 0.035510 -0.223259
v -1.637407 0.035510 -0.225438
v -1.638587 0.035510 -0.228286
v -1.638587 0.035510 -0.231369
v -1.637407 0.035510 -0.234216
v -1.635228 0.035510 -0.236396
v -1.632380 0.035510 -0.237575
v -1.629298 0.035510 -0.237575
v -1.626450 0.035510 -0.236396
v -1.624270 0.035510 -0.234216
v -1.623091 0.035510 -0.231369
v -1.614290 0.091226 -0.226536
v -1.616810 0.091226 -0.220453
v -1.621465 0.091226 -0.215798
v -1.627547 0.091226 -0.213279
v -1.634131 0.091226 -0.213279
v -1.640213 0.091226 -0.215798
v -1.644868 0.091226 -0.220453
v -1.647387 0.091226 -0.226536
v -1.647387 0.091226 -0.233119
v -1.644868 0.091226 -0.239201
v -1.640213 0.091226 -0.243856
v -1.634131 0.091226 -0.246376
v -1.627547 0.091226 -0.246376
v -1.621465 0.091226 -0.243856
v -1.616810 0.091226 -0.239201
v -1.614290 0.091226 -0.233119
v -1.606072 0.082683 -0.224901
v -1.609843 0.082683 -0.215798
v -1.616810 0.082683 -0.208831
v -1.625913 0.082683 -0.205061
v -1.635765 0.082683 -0.205061
v -1.644868 0.082683 -0.208831
v -1.651835 0.082683 -0.215798
v -1.655605 0.082683 -0.224901
v -1.655605 0.082683 -0.234754
v -1.651835 0.082683 -0.243856
v -1.644868 0.082683 -0.250823
v -1.635765 0.082683 -0.254594
v -1.625913 0.082683 -0.254594
v -1.616810 0.082683 -0.250823
v -1.609843 0.082683 -0.243856
v -1.606072 0.082683 -0.234754
v -1.601625 0.071521 -0.224016
v -1.606072 0.071521 -0.213279
v -1.614290 0.071521 -0.205061
v -1.625028 0.071521 -0.200613
v -1.636650 0.071521 -0.200613
v -1.647387 0.071521 -0.205061
v -1.655605 0.071521 -0.213279
v -1.660053 0.071521 -0.224016
v -1.660053 0.071521 -0.235638
v -1.655605 0.071521 -0.246376
v -1.647387 0.071521 -0.254594
v -1.636650 0.071521 -0.259042
v -1.625028 0.071521 -0.259042
v -1.614290 0.071521 -0.254594
v -1.606072 0.071521 -0.246376
v -1.601625 0.071521 -0.235638
v -1.601625 0.059439 -0.224016
v -1.606072 0.059439 -0.213279
v -1.614290 0.059439 -0.205061
v -1.625028 0.059439 -0.200613
v -1.636650 0.059439 -0.200613
v -1.647387 0.059439 -0.205061
v -1.655605 0.059439 -0.213279
v -1.660053 0.059439 -0.224016
v -1.660053 0.059439 -0.235638
v -1.655605 0.059439 -0.246376
v -1.647387 0.059439 -0.254594
v -1.636650 0.059439 -0.259042
v -1.625028 0.059439 -0.259042
v -1.614290 0.059439 -0.254594
v -1.606072 0.059439 -0.246376
v -1.601625 0.059439 -0.235638
v -1.606072 0.048277 -0.224901
v -1.609843 0.048277 -0.215798
v -1.616810 0.048277 -0.208831
v -1.625913 0.048277 -0.205061
v -1.635765 0.048277 -0.205061
v -1.644868 0.048277 -0.208831
v -1.651835 0.048277 -0.215798
v -1.655605 0.048277 -0.224901
v -1.655605 0.048277 -0.234754
v -1.651835 0.048277 -0.243856
v -1.644868 0.048277 -0.250823
v -1.635765 0.048277 -0.254594
v -1.625913 0.048277 -0.254594
v -1.616810 0.048277 -0.250823
v -1.609843 0.048277 -0.243856
v -1.606072 0.048277 -0.234754
v -1.614290 0.039733 -0.226536
v -1.616810 0.039733 -0.220453
v -1.621465 0.039733 -0.215798
v -1.627547 0.039733 -0.213279
v -1.634131 0.039733 -0.213279
v -1.640213 0.039733 -0.215798
v -1.644868 0.039733 -0.220453
v -1.647387 0.039733 -0.226536
v -1.647387 0.039733 -0.233119
v -1.644868 0.039733 -0.239201
v -1.640213 0.039733 -0.243857
v -1.634131 0.039733 -0.246376
v -1.627547 0.039733 -0.246376
v -1.621465 0.039733 -0.243857
v -1.616810 0.039733 -0.239201
v -1.614290 0.039733 -0.233119
vn 0.5743 0.8186 0.0040
vn 0.4012 0.9125 -0.0798
vn 0.4090 0.9125 -0.0000
vn 0.2532 0.9661 0.0504
vn 0.4012 0.9125 0.0798
vn 0.3777 0.9128 0.1554
vn 0.2216 0.9708 0.0918
vn 0.2146 0.9661 0.1434
vn 0.3402 0.9125 0.2273
vn 0.2894 0.9128 0.2882
vn 0.1696 0.9708 0.1696
vn 0.1434 0.9661 0.2146
vn 0.2273 0.9125 0.3402
vn 0.1572 0.9128 0.3770
vn 0.0918 0.9708 0.2216
vn 0.0504 0.9661 0.2531
vn 0.0798 0.9125 0.4012
vn 0.0009 0.9128 0.4085
vn -0.0000 0.9708 0.2398
vn -0.0504 0.9661 0.2532
vn -0.0798 0.9125 0.4013
vn -0.1555 0.9128 0.3777
vn -0.0918 0.9708 0.2216
vn -0.1434 0.9661 0.2146
vn -0.2273 0.9125 0.3402
vn -0.2882 0.9128 0.2894
vn -0.1696 0.9708 0.1696
vn -0.2146 0.9661 0.1434
vn -0.3402 0.9125 0.2273
vn -0.3770 0.9128 0.1572
vn -0.2216 0.9708 0.0918
vn -0.2531 0.9661 0.0504
vn -0.4013 0.9125 0.0798
vn -0.4084 0.9128 0.0008
vn -0.2398 0.9708 -0.0000
vn -0.2531 0.9661 -0.0504
vn -0.4013 0.9125 -0.0798
vn -0.3778 0.9128 -0.1554
vn -0.2216 0.9708 -0.0918
vn -0.2146 0.9661 -0.1434
vn -0.3402 0.9125 -0.2273
vn -0.2894 0.9128 -0.2882
vn -0.1696 0.9708 -0.1696
vn -0.1434 0.9661 -0.2146
vn -0.2273 0.9125 -0.3402
vn -0.1570 0.9128 -0.3770
vn -0.0918 0.9708 -0.2216
vn -0.0503 0.9661 -0.2531
vn -0.0798 0.9125 -0.4013
vn -0.0008 0.9128 -0.4084
vn -0.0000 0.9708 -0.2398
vn 0.0504 0.9661 -0.2532
vn 0.0798 0.9125 -0.4012
vn 0.1555 0.9128 -0.3777
vn 0.0918 0.9708 -0.2216
vn 0.1434 0.9661 -0.2146
vn 0.2273 0.9125 -0.3402
vn 0.2882 0.9128 -0.2894
vn 0.1696 0.9708 -0.1696
vn 0.2146 0.9661 -0.1434
vn 0.3402 0.9125 -0.2273
vn 0.5287 0.8201 -0.2190
vn 0.3779 0.9125 -0.1565
vn 0.2216 0.9708 -0.0918
vn 0.7000 0.7004 0.1392
vn 0.7137 0.7005 -0.0000
vn 0.8202 0.5483 -0.1632
vn 0.7000 0.7004 -0.1392
vn 0.5289 0.8188 0.2232
vn 0.5935 0.7004 0.3965
vn 0.6593 0.7005 0.2731
vn 0.4032 0.8188 0.4086
vn 0.3965 0.7004 0.5935
vn 0.5046 0.7005 0.5046
vn 0.2161 0.8188 0.5318
vn 0.1392 0.7004 0.7000
vn 0.2731 0.7005 0.6593
vn -0.0039 0.8188 0.5740
vn -0.1392 0.7004 0.7000
vn -0.0000 0.7005 0.7137
vn -0.2233 0.8188 0.5288
vn -0.3965 0.7004 0.5935
vn -0.2731 0.7004 0.6594
vn -0.4086 0.8188 0.4032
vn -0.5935 0.7004 0.3966
vn -0.5047 0.7004 0.5047
vn -0.5318 0.8188 0.2161
vn -0.7000 0.7004 0.1392
vn -0.6593 0.7005 0.2731
vn -0.5740 0.8188 -0.0039
vn -0.7000 0.7004 -0.1392
vn -0.7137 0.7005 -0.0000
vn -0.5288 0.8188 -0.2233
vn -0.5935 0.7004 -0.3966
vn -0.6593 0.7005 -0.2731
vn -0.4031 0.8188 -0.4086
vn -0.3965 0.7004 -0.5935
vn -0.5046 0.7005 -0.5046
vn -0.2160 0.8188 -0.5318
vn -0.1392 0.7004 -0.7000
vn -0.2731 0.7005 -0.6593
vn 0.0039 0.8188 -0.5740
vn 0.1392 0.7004 -0.7000
vn -0.0000 0.7005 -0.7137
vn 0.2233 0.8188 -0.5288
vn 0.3965 0.7004 -0.5935
vn 0.2731 0.7005 -0.6593
vn 0.4086 0.8188 -0.4031
vn 0.5935 0.7004 -0.3965
vn 0.5047 0.7004 -0.5047
vn 0.6618 0.6992 -0.2703
vn 0.7726 0.5484 -0.3200
vn 0.8394 0.5435 -0.0023
vn 0.9086 0.3765 0.1807
vn 0.9264 0.3766 -0.0000
vn 0.9626 0.1916 -0.1915
vn 0.9086 0.3765 -0.1807
vn 0.7722 0.5474 0.3226
vn 0.7703 0.3766 0.5147
vn 0.8559 0.3766 0.3545
vn 0.5899 0.5474 0.5936
vn 0.5147 0.3765 0.7703
vn 0.6550 0.3766 0.6550
vn 0.3179 0.5474 0.7741
vn 0.1807 0.3766 0.9086
vn 0.3545 0.3767 0.8558
vn -0.0026 0.5474 0.8369
vn -0.1807 0.3765 0.9086
vn -0.0000 0.3767 0.9263
vn -0.3226 0.5474 0.7722
vn -0.5147 0.3765 0.7703
vn -0.3545 0.3766 0.8559
vn -0.5936 0.5474 0.5899
vn -0.7703 0.3766 0.5147
vn -0.6551 0.3766 0.6551
vn -0.7741 0.5474 0.3179
vn -0.9086 0.3765 0.1807
vn -0.8559 0.3766 0.3545
vn -0.8369 0.5474 -0.0026
vn -0.9086 0.3765 -0.1807
vn -0.9264 0.3766 -0.0000
vn -0.7722 0.5474 -0.3226
vn -0.7703 0.3765 -0.5147
vn -0.8559 0.3766 -0.3545
vn -0.5899 0.5474 -0.5936
vn -0.5147 0.3765 -0.7703
vn -0.6551 0.3766 -0.6551
vn -0.3179 0.5474 -0.7741
vn -0.1807 0.3765 -0.9086
vn -0.3545 0.3766 -0.8559
vn 0.0026 0.5474 -0.8369
vn 0.1807 0.3765 -0.9086
vn -0.0000 0.3766 -0.9264
vn 0.3226 0.5474 -0.7722
vn 0.5147 0.3765 -0.7703
vn 0.3545 0.3766 -0.8559
vn 0.5936 0.5474 -0.5899
vn 0.7703 0.3765 -0.5147
vn 0.6550 0.3766 -0.6550
vn 0.8568 0.3759 -0.3530
vn 0.9068 0.1915 -0.3756
vn 0.9818 0.1898 -0.0007
vn 0.9808 -0.0000 0.1951
vn 1.0000 -0.0000 -0.0000
vn 0.9816 -0.1912 -0.0007
vn 0.9808 -0.0000 -0.1951
vn 0.9066 0.1911 0.3763
vn 0.8315 -0.0000 0.5556
vn 0.9239 -0.0000 0.3827
vn 0.6934 0.1913 0.6947
vn 0.5556 -0.0000 0.8315
vn 0.7071 -0.0000 0.7071
vn 0.3749 0.1912 0.9071
vn 0.1951 -0.0000 0.9808
vn 0.3827 -0.0000 0.9239
vn -0.0008 0.1913 0.9815
vn -0.1951 -0.0000 0.9808
vn -0.0000 -0.0000 1.0000
vn -0.3763 0.1911 0.9066
vn -0.5556 -0.0000 0.8315
vn -0.3827 -0.0000 0.9239
vn -0.6947 0.1913 0.6934
vn -0.8315 -0.0000 0.5556
vn -0.7071 -0.0000 0.7071
vn -0.9071 0.1911 0.3750
vn -0.9808 -0.0000 0.1951
vn -0.9239 -0.0000 0.3827
vn -0.9816 0.1912 -0.0007
vn -0.9808 -0.0000 -0.1951
vn -1.0000 -0.0000 -0.0000
vn -0.9066 0.1912 -0.3763
vn -0.8315 -0.0000 -0.5556
vn -0.9239 -0.0000 -0.3827
vn -0.6935 0.1913 -0.6947
vn -0.5556 -0.0000 -0.8315
vn -0.7071 -0.0000 -0.7071
vn -0.3750 0.1911 -0.9071
vn -0.1951 -0.0000 -0.9808
vn -0.3827 -0.0000 -0.9239
vn 0.0007 0.1912 -0.9816
vn 0.1951 -0.0000 -0.9808
vn -0.0000 -0.0000 -1.0000
vn 0.3764 0.1913 -0.9065
vn 0.5556 -0.0000 -0.8315
vn 0.3827 -0.0000 -0.9239
vn 0.6946 0.1912 -0.6935
vn 0.8315 -0.0000 -0.5556
vn 0.7071 -0.0000 -0.7071
vn 0.9068 -0.1915 -0.3756
vn 0.9239 -0.0000 -0.3827
vn 0.9266 -0.3760 -0.0017
vn 0.9626 -0.1917 0.1915
vn 0.9086 -0.3766 0.1807
vn 0.8369 -0.5474 -0.0026
vn 0.9086 -0.3766 -0.1807
vn 0.8567 -0.3760 0.3531
vn 0.8161 -0.1915 0.5453
vn 0.7703 -0.3766 0.5147
vn 0.9073 -0.1905 0.3748
vn 0.6564 -0.3760 0.6540
vn 0.5453 -0.1915 0.8161
vn 0.5147 -0.3765 0.7703
vn 0.6949 -0.1905 0.6934
vn 0.3561 -0.3760 0.8555
vn 0.1915 -0.1915 0.9626
vn 0.1807 -0.3765 0.9086
vn 0.3767 -0.1905 0.9066
vn 0.0017 -0.3760 0.9266
vn -0.1915 -0.1916 0.9626
vn -0.1807 -0.3765 0.9086
vn 0.0011 -0.1905 0.9817
vn -0.3531 -0.3759 0.8567
vn -0.5453 -0.1916 0.8161
vn -0.5147 -0.3765 0.7703
vn -0.3747 -0.1905 0.9074
vn -0.6540 -0.3760 0.6564
vn -0.8161 -0.1914 0.5453
vn -0.7703 -0.3765 0.5147
vn -0.6933 -0.1905 0.6950
vn -0.8555 -0.3760 0.3561
vn -0.9626 -0.1915 0.1915
vn -0.9086 -0.3766 0.1807
vn -0.9066 -0.1905 0.3767
vn -0.9266 -0.3760 0.0017
vn -0.9626 -0.1915 -0.1915
vn -0.9086 -0.3765 -0.1807
vn -0.9817 -0.1905 0.0011
vn -0.8567 -0.3760 -0.3531
vn -0.8161 -0.1917 -0.5453
vn -0.7703 -0.3765 -0.5147
vn -0.9073 -0.1905 -0.3748
vn -0.6564 -0.3760 -0.6540
vn -0.5453 -0.1915 -0.8161
vn -0.5147 -0.3765 -0.7703
vn -0.6949 -0.1905 -0.6934
vn -0.3561 -0.3760 -0.8555
vn -0.1915 -0.1915 -0.9626
vn -0.1807 -0.3765 -0.9086
vn -0.3766 -0.1905 -0.9066
vn -0.0017 -0.3760 -0.9266
vn 0.1915 -0.1915 -0.9626
vn 0.1807 -0.3765 -0.9086
vn -0.0010 -0.1905 -0.9817
vn 0.3531 -0.3760 -0.8567
vn 0.5453 -0.1917 -0.8161
vn 0.5147 -0.3765 -0.7703
vn 0.3747 -0.1905 -0.9074
vn 0.6540 -0.3760 -0.6564
vn 0.8161 -0.1915 -0.5453
vn 0.7703 -0.3766 -0.5147
vn 0.6934 -0.1905 -0.6949
vn 0.7726 -0.5483 -0.3200
vn 0.8559 -0.3766 -0.3545
vn 0.7145 -0.6997 -0.0029
vn 0.8202 -0.5483 0.1632
vn 0.7000 -0.7004 0.1392
vn 0.5740 -0.8188 -0.0039
vn 0.7000 -0.7004 -0.1392
vn 0.6612 -0.6997 0.2707
vn 0.6953 -0.5483 0.4646
vn 0.5935 -0.7004 0.3965
vn 0.7755 -0.5457 0.3176
vn 0.5072 -0.6997 0.5031
vn 0.4646 -0.5483 0.6954
vn 0.3965 -0.7004 0.5935
vn 0.5949 -0.5457 0.5901
vn 0.2761 -0.6997 0.6590
vn 0.1631 -0.5483 0.8202
vn 0.1392 -0.7004 0.7000
vn 0.3237 -0.5457 0.7729
vn 0.0029 -0.6997 0.7144
vn -0.1632 -0.5483 0.8202
vn -0.1392 -0.7004 0.7000
vn 0.0034 -0.5457 0.8380
vn -0.2707 -0.6997 0.6612
vn -0.4646 -0.5483 0.6953
vn -0.3965 -0.7004 0.5935
vn -0.3176 -0.5457 0.7754
vn -0.5032 -0.6997 0.5072
vn -0.6954 -0.5483 0.4646
vn -0.5935 -0.7004 0.3965
vn -0.5901 -0.5457 0.5949
vn -0.6589 -0.6997 0.2761
vn -0.8202 -0.5483 0.1631
vn -0.7000 -0.7004 0.1392
vn -0.7729 -0.5457 0.3238
vn -0.7144 -0.6997 0.0029
vn -0.8202 -0.5483 -0.1631
vn -0.7000 -0.7004 -0.1392
vn -0.8380 -0.5457 0.0034
vn -0.6612 -0.6997 -0.2707
vn -0.6953 -0.5483 -0.4646
vn -0.5935 -0.7004 -0.3965
vn -0.7755 -0.5457 -0.3176
vn -0.5072 -0.6997 -0.5032
vn -0.4646 -0.5483 -0.6953
vn -0.3965 -0.7004 -0.5934
vn -0.5949 -0.5457 -0.5901
vn -0.2761 -0.6997 -0.6590
vn -0.1631 -0.5483 -0.8202
vn -0.1392 -0.7004 -0.7000
vn -0.3238 -0.5457 -0.7729
vn -0.0029 -0.6997 -0.7144
vn 0.1631 -0.5483 -0.8202
vn 0.1392 -0.7004 -0.7000
vn -0.0034 -0.5457 -0.8380
vn 0.2708 -0.6997 -0.6612
vn 0.4646 -0.5483 -0.6953
vn 0.3965 -0.7004 -0.5935
vn 0.3176 -0.5457 -0.7755
vn 0.5032 -0.6997 -0.5072
vn 0.6953 -0.5483 -0.4646
vn 0.5935 -0.7004 -0.3965
vn 0.5902 -0.5457 -0.5949
vn 0.5287 -0.8201 -0.2190
vn 0.6593 -0.7005 -0.2731
vn 0.4012 -0.9125 0.0798
vn 0.4090 -0.9125 -0.0000
vn 0.2531 -0.9661 -0.0504
vn 0.4013 -0.9125 -0.0798
vn 0.5321 -0.8186 0.2160
vn 0.3402 -0.9125 0.2273
vn 0.3778 -0.9126 0.1565
vn 0.4090 -0.8187 0.4032
vn 0.2273 -0.9125 0.3402
vn 0.2892 -0.9125 0.2892
vn 0.2235 -0.8187 0.5290
vn 0.0798 -0.9125 0.4012
vn 0.1565 -0.9126 0.3778
vn 0.0041 -0.8187 0.5743
vn -0.0798 -0.9125 0.4013
vn -0.0000 -0.9125 0.4091
vn -0.2160 -0.8186 0.5321
vn -0.2273 -0.9125 0.3402
vn -0.1565 -0.9125 0.3779
vn -0.4032 -0.8187 0.4090
vn -0.3402 -0.9125 0.2273
vn -0.2892 -0.9125 0.2892
vn -0.5290 -0.8187 0.2235
vn -0.4013 -0.9125 0.0798
vn -0.3778 -0.9125 0.1565
vn -0.5743 -0.8187 0.0041
vn -0.4013 -0.9125 -0.0798
vn -0.4090 -0.9125 -0.0000
vn -0.5321 -0.8186 -0.2160
vn -0.3402 -0.9125 -0.2273
vn -0.3778 -0.9125 -0.1565
vn -0.4089 -0.8186 -0.4032
vn -0.2273 -0.9125 -0.3402
vn -0.2892 -0.9125 -0.2892
vn -0.2235 -0.8186 -0.5290
vn -0.0798 -0.9125 -0.4013
vn -0.1565 -0.9125 -0.3779
vn -0.0041 -0.8187 -0.5743
vn 0.0798 -0.9125 -0.4012
vn -0.0000 -0.9125 -0.4091
vn 0.2160 -0.8187 -0.5321
vn 0.2273 -0.9125 -0.3402
vn 0.1565 -0.9125 -0.3779
vn 0.4032 -0.8187 -0.4090
vn 0.3402 -0.9125 -0.2273
vn 0.2892 -0.9125 -0.2892
vn 0.3777 -0.9128 -0.1555
vn 0.2216 -0.9708 -0.0918
vn 0.2016 0.9792 0.0227
vn -0.0000 1.0000 -0.0000
vn 0.2016 -0.9792 -0.0227
vn -0.0000 -1.0000 -0.0000
vn 0.5743 0.8187 0.0041
vn 0.2531 0.9661 0.0504
vn 0.3778 0.9128 0.1554
vn 0.2895 0.9128 0.2882
vn 0.0504 0.9661 0.2532
vn 0.0009 0.9128 0.4084
vn -0.1554 0.9128 0.3778
vn -0.3770 0.9128 0.1571
vn -0.4085 0.9128 0.0009
vn -0.2532 0.9661 -0.0504
vn -0.2895 0.9128 -0.2882
vn -0.1572 0.9128 -0.3770
vn -0.0504 0.9661 -0.2532
vn 0.0503 0.9661 -0.2531
vn 0.1554 0.9128 -0.3778
vn 0.7001 0.7004 -0.1393
vn 0.5288 0.8188 0.2233
vn 0.5047 0.7004 0.5047
vn -0.2731 0.7005 0.6594
vn -0.5935 0.7004 0.3965
vn -0.5935 0.7004 -0.3965
vn -0.2161 0.8188 -0.5318
vn -0.2731 0.7004 -0.6594
vn 0.2731 0.7005 -0.6594
vn 0.4086 0.8188 -0.4032
vn 0.9086 0.3766 -0.1807
vn 0.1807 0.3765 0.9086
vn 0.3545 0.3766 0.8559
vn -0.6550 0.3766 0.6550
vn -0.9264 0.3767 -0.0000
vn -0.5900 0.5474 -0.5935
vn -0.5147 0.3766 -0.7703
vn -0.0000 0.3767 -0.9263
vn 0.7702 0.3766 -0.5147
vn 0.6551 0.3766 -0.6551
vn 0.9816 -0.1912 -0.0008
vn 0.9065 0.1912 0.3763
vn -0.0008 0.1912 0.9816
vn -0.6946 0.1912 0.6935
vn -0.9816 0.1912 -0.0008
vn -0.6934 0.1913 -0.6947
vn -0.3749 0.1912 -0.9071
vn 0.0008 0.1912 -0.9816
vn 0.3763 0.1912 -0.9065
vn 0.9626 -0.1914 0.1915
vn 0.9086 -0.3765 -0.1807
vn 0.9074 -0.1905 0.3746
vn 0.6564 -0.3759 0.6541
vn 0.5453 -0.1916 0.8161
vn 0.1807 -0.3766 0.9086
vn 0.3766 -0.1905 0.9066
vn -0.1915 -0.1915 0.9626
vn 0.0010 -0.1905 0.9817
vn -0.3531 -0.3760 0.8567
vn -0.5453 -0.1917 0.8161
vn -0.8161 -0.1915 0.5453
vn -0.6934 -0.1905 0.6949
vn -0.9626 -0.1916 -0.1915
vn -0.8161 -0.1916 -0.5453
vn -0.9074 -0.1905 -0.3747
vn -0.5453 -0.1916 -0.8161
vn 0.1915 -0.1917 -0.9626
vn 0.5453 -0.1915 -0.8161
vn 0.6541 -0.3759 -0.6564
vn 0.7703 -0.3765 -0.5147
vn 0.6933 -0.1905 -0.6950
vn 0.7726 -0.5484 -0.3200
vn 0.7144 -0.6997 -0.0029
vn 0.7754 -0.5457 0.3176
vn 0.4646 -0.5483 0.6953
vn 0.3238 -0.5457 0.7729
vn -0.1631 -0.5483 0.8202
vn -0.3176 -0.5457 0.7755
vn -0.5935 -0.7004 0.3966
vn -0.5902 -0.5457 0.5949
vn -0.6590 -0.6997 0.2761
vn -0.7145 -0.6997 0.0029
vn -0.8380 -0.5457 0.0033
vn -0.6954 -0.5483 -0.4646
vn -0.5072 -0.6997 -0.5031
vn -0.3965 -0.7004 -0.5935
vn -0.2761 -0.6997 -0.6589
vn -0.1632 -0.5483 -0.8202
vn 0.2707 -0.6997 -0.6612
vn 0.6954 -0.5483 -0.4646
vn 0.2532 -0.9661 -0.0504
vn 0.5321 -0.8187 0.2160
vn 0.3779 -0.9125 0.1565
vn 0.1566 -0.9125 0.3780
vn -0.2160 -0.8187 0.5321
vn -0.1566 -0.9125 0.3780
vn -0.4032 -0.8186 0.4089
vn -0.2893 -0.9125 0.2893
vn -0.3779 -0.9125 0.1565
vn -0.5743 -0.8186 0.0040
vn -0.4091 -0.9125 -0.0000
vn -0.5321 -0.8187 -0.2160
vn -0.3780 -0.9125 -0.1566
vn -0.4090 -0.8187 -0.4032
vn -0.2892 -0.9126 -0.2892
vn -0.1566 -0.9125 -0.3780
vn -0.0040 -0.8186 -0.5743
vn 0.1565 -0.9126 -0.3778
vn 0.4032 -0.8186 -0.4089
vn 0.2892 -0.9126 -0.2892
vn 0.3777 -0.9128 -0.1554
vn 0.2645 0.9634 -0.0439
vn 0.8231 0.5432 0.1656
vn 0.6970 0.5432 0.4680
vn 0.4649 0.5432 0.6991
vn 0.1620 0.5432 0.8238
vn -0.1656 0.5432 0.8231
vn -0.4680 0.5432 0.6971
vn -0.6991 0.5432 0.4649
vn -0.8238 0.5433 0.1620
vn -0.8231 0.5432 -0.1656
vn -0.6970 0.5433 -0.4679
vn -0.4649 0.5432 -0.6991
vn -0.1620 0.5432 -0.8238
vn 0.1656 0.5432 -0.8231
vn 0.4680 0.5432 -0.6971
vn 0.6991 0.5433 -0.4649
vn 0.9628 0.1897 0.1923
vn 0.8160 0.1897 0.5461
vn 0.5448 0.1896 0.8168
vn 0.1908 0.1896 0.9632
vn -0.1923 0.1896 0.9628
vn -0.5461 0.1897 0.8160
vn -0.8168 0.1897 0.5449
vn -0.9632 0.1895 0.1907
vn -0.9628 0.1897 -0.1922
vn -0.8160 0.1897 -0.5461
vn -0.5449 0.1897 -0.8168
vn -0.1908 0.1897 -0.9631
vn 0.1923 0.1897 -0.9628
vn 0.5462 0.1895 -0.8159
vn 0.8168 0.1897 -0.5449
vn 0.9631 -0.1896 -0.1909
vn 0.8238 -0.5433 -0.1620
vn 0.2645 -0.9634 0.0439
vn 0.2216 -0.9708 0.0918
vn 0.2275 -0.9634 0.1418
vn 0.1696 -0.9708 0.1696
vn 0.1559 -0.9634 0.2181
vn 0.0918 -0.9708 0.2215
vn 0.0606 -0.9634 0.2611
vn -0.0000 -0.9708 0.2398
vn -0.0439 -0.9634 0.2645
vn -0.0918 -0.9708 0.2216
vn -0.1418 -0.9634 0.2275
vn -0.1696 -0.9708 0.1696
vn -0.2181 -0.9634 0.1560
vn -0.2216 -0.9708 0.0918
vn -0.2611 -0.9634 0.0606
vn -0.2398 -0.9708 -0.0000
vn -0.2645 -0.9634 -0.0439
vn -0.2216 -0.9708 -0.0918
vn -0.2275 -0.9634 -0.1418
vn -0.1696 -0.9708 -0.1696
vn -0.1559 -0.9634 -0.2181
vn -0.0918 -0.9708 -0.2216
vn -0.0606 -0.9634 -0.2612
vn -0.0000 -0.9708 -0.2398
vn 0.0439 -0.9634 -0.2645
vn 0.0918 -0.9708 -0.2216
vn 0.1418 -0.9634 -0.2275
vn 0.1696 -0.9708 -0.1696
vn 0.2181 -0.9634 -0.1559
vn -0.8231 0.5433 -0.1656
vn 0.9628 0.1895 0.1924
vn 0.8160 0.1896 0.5461
vn 0.5449 0.1897 0.8168
vn 0.1907 0.1895 0.9632
vn -0.1922 0.1897 0.9628
vn -0.9631 0.1897 0.1908
vn -0.9628 0.1896 -0.1923
vn -0.1909 0.1897 -0.9631
vn 0.1922 0.1897 -0.9628
vn 0.5461 0.1896 -0.8160
vn 0.8169 0.1896 -0.5448
vn 0.9632 -0.1896 -0.1908
vn 0.8238 -0.5432 -0.1620
vn 0.0918 -0.9708 0.2216
vn -0.2181 -0.9634 0.1559
vn -0.2276 -0.9634 -0.1418
vn 0.5628 0.8190 -0.1119
vn 0.5628 0.8190 0.1119
vn 0.4771 0.8190 0.3188
vn 0.3188 0.8190 0.4771
vn 0.1119 0.8190 0.5628
vn -0.1119 0.8190 0.5628
vn -0.3188 0.8190 0.4771
vn -0.4771 0.8190 0.3188
vn -0.5628 0.8190 0.1119
vn -0.5628 0.8190 -0.1119
vn -0.4771 0.8190 -0.3188
vn -0.3188 0.8190 -0.4771
vn -0.1119 0.8190 -0.5628
vn 0.1119 0.8190 -0.5628
vn 0.3188 0.8190 -0.4771
vn 0.4771 0.8190 -0.3188
vn 0.5628 -0.8190 -0.1119
vn 0.5628 -0.8190 0.1119
vn 0.4771 -0.8190 0.3188
vn 0.3188 -0.8190 0.4771
vn 0.1119 -0.8190 0.5628
vn -0.1119 -0.8190 0.5628
vn -0.3188 -0.8190 0.4771
vn -0.4771 -0.8190 0.3188
vn -0.5628 -0.8190 0.1119
vn -0.5628 -0.8190 -0.1119
vn -0.4771 -0.8190 -0.3188
vn -0.3188 -0.8190 -0.4771
vn -0.1119 -0.8190 -0.5628
vn 0.1119 -0.8190 -0.5628
vn 0.3188 -0.8190 -0.4771
vn 0.4771 -0.8190 -0.3188
s 1
usemtl eye
f 5869//5852 5868//5853 5639//5854
f 5639//5854 6347//5855 5867//5856
f 5640//5857 6347//5855 5873//5858
f 5640//5857 6348//5859 5871//5860
f 5641//5861 6348//5859 5876//5862
f 5641//5861 6349//5863 5874//5864
f 5642//5865 6349//5863 5879//5866
f 5642//5865 6350//5867 5877//5868
f 5643//5869 6350//5867 5882//5870
f 5643//5869 6351//5871 5880//5872
f 5644//5873 6351//5871 5885//5874
f 5644//5873 6352//5875 5883//5876
f 5645//5877 6352//5875 5888//5878
f 5645//5877 6353//5879 5886//5880
f 5646//5881 6353//5879 5891//5882
f 5646//5881 6354//5883 5889//5884
f 5647//5885 6354//5883 5894//5886
f 5647//5885 6355//5887 5892//5888
f 5648//5889 6355//5887 5897//5890
f 5648//5889 6356//5891 5895//5892
f 5649//5893 6356//5891 5900//5894
f 5649//5893 6357//5895 5898//5896
f 5650//5897 6357//5895 5903//5898
f 5650//5897 6358//5899 5901//5900
f 5651//5901 6358//5899 5906//5902
f 5651//5901 6359//5903 5904//5904
f 5652//5905 6359//5903 5909//5906
f 5652//5905 6360//5907 5907//5908
f 5653//5909 6360//5907 5912//5910
f 5653//5909 6361//5911 5910//5912
f 5868//5853 5913//5913 5654//5914
f 5654//5914 6361//5911 5914//5915
f 5869//5852 5915//5916 5655//5917
f 5655//5917 6410//5918 5916//5919
f 5872//5920 5918//5921 5656//5922
f 5915//5916 5872//5920 5656//5922
f 5875//5923 5920//5924 5657//5925
f 5918//5921 5875//5923 5657//5925
f 5878//5926 5922//5927 5658//5928
f 5920//5924 5878//5926 5658//5928
f 5881//5929 5924//5930 5659//5931
f 5922//5927 5881//5929 5659//5931
f 5884//5932 5926//5933 5660//5934
f 5924//5930 5884//5932 5660//5934
f 5887//5935 5928//5936 5661//5937
f 5926//5933 5887//5935 5661//5937
f 5890//5938 5930//5939 5662//5940
f 5928//5936 5890//5938 5662//5940
f 5893//5941 5932//5942 5663//5943
f 5930//5939 5893//5941 5663//5943
f 5896//5944 5934//5945 5664//5946
f 5932//5942 5896//5944 5664//5946
f 5899//5947 5936//5948 5665//5949
f 5934//5945 5899//5947 5665//5949
f 5902//5950 5938//5951 5666//5952
f 5936//5948 5902//5950 5666//5952
f 5905//5953 5940//5954 5667//5955
f 5938//5951 5905//5953 5667//5955
f 5908//5956 5942//5957 5668//5958
f 5940//5954 5908//5956 5668//5958
f 5911//5959 5944//5960 5669//5961
f 5942//5957 5911//5959 5669//5961
f 5670//5962 6410//5918 5946//5963
f 5944//5960 5913//5913 5670//5962
f 5917//5964 5947//5965 5671//5966
f 5671//5966 6426//5967 5948//5968
f 5919//5969 5950//5970 5672//5971
f 5947//5965 5919//5969 5672//5971
f 5921//5972 5952//5973 5673//5974
f 5950//5970 5921//5972 5673//5974
f 5923//5975 5954//5976 5674//5977
f 5952//5973 5923//5975 5674//5977
f 5925//5978 5956//5979 5675//5980
f 5954//5976 5925//5978 5675//5980
f 5927//5981 5958//5982 5676//5983
f 5956//5979 5927//5981 5676//5983
f 5929//5984 5960//5985 5677//5986
f 5958//5982 5929//5984 5677//5986
f 5931//5987 5962//5988 5678//5989
f 5960//5985 5931//5987 5678//5989
f 5933//5990 5964//5991 5679//5992
f 5962//5988 5933//5990 5679//5992
f 5935//5993 5966//5994 5680//5995
f 5964//5991 5935//5993 5680//5995
f 5937//5996 5968//5997 5681//5998
f 5966//5994 5937//5996 5681//5998
f 5939//5999 5970//6000 5682//6001
f 5968//5997 5939//5999 5682//6001
f 5941//6002 5972//6003 5683//6004
f 5970//6000 5941//6002 5683//6004
f 5943//6005 5974//6006 5684//6007
f 5972//6003 5943//6005 5684//6007
f 5945//6008 5976//6009 5685//6010
f 5974//6006 5945//6008 5685//6010
f 5686//6011 6426//5967 5978//6012
f 5976//6009 5946//5963 5686//6011
f 5949//6013 5979//6014 5687//6015
f 5981//6016 5980//6017 5687//6015
f 5951//6018 5982//6019 5688//6020
f 5979//6014 5951//6018 5688//6020
f 5953//6021 5984//6022 5689//6023
f 5982//6019 5953//6021 5689//6023
f 5955//6024 5986//6025 5690//6026
f 5984//6022 5955//6024 5690//6026
f 5957//6027 5988//6028 5691//6029
f 5986//6025 5957//6027 5691//6029
f 5959//6030 5990//6031 5692//6032
f 5988//6028 5959//6030 5692//6032
f 5961//6033 5992//6034 5693//6035
f 5990//6031 5961//6033 5693//6035
f 5963//6036 5994//6037 5694//6038
f 5992//6034 5963//6036 5694//6038
f 5965//6039 5996//6040 5695//6041
f 5994//6037 5965//6039 5695//6041
f 5967//6042 5998//6043 5696//6044
f 5996//6040 5967//6042 5696//6044
f 5969//6045 6000//6046 5697//6047
f 5998//6043 5969//6045 5697//6047
f 5971//6048 6002//6049 5698//6050
f 6000//6046 5971//6048 5698//6050
f 5973//6051 6004//6052 5699//6053
f 6002//6049 5973//6051 5699//6053
f 5975//6054 6006//6055 5700//6056
f 6004//6052 5975//6054 5700//6056
f 5977//6057 6008//6058 5701//6059
f 6006//6055 5977//6057 5701//6059
f 5980//6017 6010//6060 5702//6061
f 6008//6058 5978//6012 5702//6061
f 5703//6062 6427//6063 6011//6064
f 6013//6065 6012//6066 5703//6062
f 5704//6067 6428//6068 6014//6069
f 5704//6067 6427//6063 5983//6070
f 5705//6071 6429//6072 6016//6073
f 5705//6071 6428//6068 5985//6074
f 5706//6075 6430//6076 6018//6077
f 5706//6075 6429//6072 5987//6078
f 5707//6079 6431//6080 6020//6081
f 5707//6079 6430//6076 5989//6082
f 5708//6083 6432//6084 6022//6085
f 5708//6083 6431//6080 5991//6086
f 5709//6087 6433//6088 6024//6089
f 5709//6087 6432//6084 5993//6090
f 5710//6091 6434//6092 6026//6093
f 5710//6091 6433//6088 5995//6094
f 5711//6095 6435//6096 6028//6097
f 5711//6095 6434//6092 5997//6098
f 5712//6099 6436//6100 6030//6101
f 5712//6099 6435//6096 5999//6102
f 5713//6103 6437//6104 6032//6105
f 5713//6103 6436//6100 6001//6106
f 5714//6107 6438//6108 6034//6109
f 5714//6107 6437//6104 6003//6110
f 5715//6111 6439//6112 6036//6113
f 5715//6111 6438//6108 6005//6114
f 5716//6115 6440//6116 6038//6117
f 5716//6115 6439//6112 6007//6118
f 5717//6119 6441//6120 6040//6121
f 5717//6119 6440//6116 6009//6122
f 6012//6066 6042//6123 5718//6124
f 5718//6124 6441//6120 6010//6060
f 5719//6125 6443//6126 6043//6127
f 6045//6128 6044//6129 5719//6125
f 5720//6130 6444//6131 6046//6132
f 5720//6130 6443//6126 6015//6133
f 5721//6134 6445//6135 6048//6136
f 5721//6134 6444//6131 6017//6137
f 5722//6138 6446//6139 6050//6140
f 5722//6138 6445//6135 6019//6141
f 5723//6142 6447//6143 6052//6144
f 5723//6142 6446//6139 6021//6145
f 5724//6146 6448//6147 6054//6148
f 5724//6146 6447//6143 6023//6149
f 5725//6150 6449//6151 6056//6152
f 5725//6150 6448//6147 6025//6153
f 5726//6154 6450//6155 6058//6156
f 5726//6154 6449//6151 6027//6157
f 5727//6158 6451//6159 6060//6160
f 5727//6158 6450//6155 6029//6161
f 5728//6162 6452//6163 6062//6164
f 5728//6162 6451//6159 6031//6165
f 5729//6166 6453//6167 6064//6168
f 5729//6166 6452//6163 6033//6169
f 5730//6170 6454//6171 6066//6172
f 5730//6170 6453//6167 6035//6173
f 5731//6174 6455//6175 6068//6176
f 5731//6174 6454//6171 6037//6177
f 5732//6178 6456//6179 6070//6180
f 5732//6178 6455//6175 6039//6181
f 5733//6182 6457//6183 6072//6184
f 5733//6182 6456//6179 6041//6185
f 6044//6129 6074//6186 5734//6187
f 5734//6187 6457//6183 6042//6123
f 6045//6128 6075//6188 5735//6189
f 5735//6189 6378//6190 6076//6191
f 6047//6192 6078//6193 5736//6194
f 6075//6188 6047//6192 5736//6194
f 6049//6195 6080//6196 5737//6197
f 6078//6193 6049//6195 5737//6197
f 6051//6198 6082//6199 5738//6200
f 6080//6196 6051//6198 5738//6200
f 6053//6201 6084//6202 5739//6203
f 6082//6199 6053//6201 5739//6203
f 6055//6204 6086//6205 5740//6206
f 6084//6202 6055//6204 5740//6206
f 6057//6207 6088//6208 5741//6209
f 6086//6205 6057//6207 5741//6209
f 6059//6210 6090//6211 5742//6212
f 6088//6208 6059//6210 5742//6212
f 6061//6213 6092//6214 5743//6215
f 6090//6211 6061//6213 5743//6215
f 6063//6216 6094//6217 5744//6218
f 6092//6214 6063//6216 5744//6218
f 6065//6219 6096//6220 5745//6221
f 6094//6217 6065//6219 5745//6221
f 6067//6222 6098//6223 5746//6224
f 6096//6220 6067//6222 5746//6224
f 6069//6225 6100//6226 5747//6227
f 6098//6223 6069//6225 5747//6227
f 6071//6228 6102//6229 5748//6230
f 6100//6226 6071//6228 5748//6230
f 6073//6231 6104//6232 5749//6233
f 6102//6229 6073//6231 5749//6233
f 5750//6234 6378//6190 6106//6235
f 6104//6232 6074//6186 5750//6234
f 5873//5858 5870//6236 5751//6237
f 5876//5862 5873//5858 5751//6237
f 5879//5866 5876//5862 5751//6237
f 5882//5870 5879//5866 5751//6237
f 5885//5874 5882//5870 5751//6237
f 5888//5878 5885//5874 5751//6237
f 5891//5882 5888//5878 5751//6237
f 5894//5886 5891//5882 5751//6237
f 5897//5890 5894//5886 5751//6237
f 5900//5894 5897//5890 5751//6237
f 5903//5898 5900//5894 5751//6237
f 5906//5902 5903//5898 5751//6237
f 5909//5906 5906//5902 5751//6237
f 5912//5910 5909//5906 5751//6237
f 5914//5915 5912//5910 5751//6237
f 6106//6235 6077//6238 5752//6239
f 6109//6240 6108//5853 5753//5854
f 5753//5854 6475//6241 6107//5856
f 5754//6242 6475//6241 6113//5858
f 5754//6242 6476//5859 6111//5860
f 5755//6243 6476//5859 6116//5862
f 5755//6243 6477//5863 6114//5864
f 5756//5865 6477//5863 6119//5866
f 5756//5865 6478//6244 6117//5868
f 5757//6245 6478//6244 6122//5870
f 5757//6245 6479//5871 6120//5872
f 5758//6246 6479//5871 6125//5874
f 5758//6246 6480//5875 6123//5876
f 5759//5877 6480//5875 6128//5878
f 5759//5877 6481//5879 6126//5880
f 5760//6247 6481//5879 6131//5882
f 5760//6247 6482//5883 6129//5884
f 5761//6248 6482//5883 6134//5886
f 5761//6248 6483//6249 6132//5888
f 5762//5889 6483//6249 6137//5890
f 5762//5889 6484//5891 6135//5892
f 5763//6250 6484//5891 6140//5894
f 5763//6250 6485//5895 6138//5896
f 5764//6251 6485//5895 6143//5898
f 5764//6251 6486//6252 6141//5900
f 5765//5901 6486//6252 6146//5902
f 5765//5901 6487//6253 6144//5904
f 5766//6254 6487//6253 6149//5906
f 5766//6254 6488//5907 6147//5908
f 5767//5909 6488//5907 6152//5910
f 5767//5909 6489//5911 6150//5912
f 6108//5853 6153//5913 5768//5914
f 5768//5914 6489//5911 6154//5915
f 6109//6240 6155//5916 5769//5917
f 5769//5917 6538//5918 6156//6255
f 6112//6256 6158//5921 5770//5922
f 6155//5916 6112//6256 5770//5922
f 6115//5923 6160//5924 5771//6257
f 6158//5921 6115//5923 5771//6257
f 6118//5926 6162//5927 5772//5928
f 6160//5924 6118//5926 5772//5928
f 6121//5929 6164//5930 5773//5931
f 6162//5927 6121//5929 5773//5931
f 6124//5932 6166//5933 5774//6258
f 6164//5930 6124//5932 5774//6258
f 6127//5935 6168//6259 5775//5937
f 6166//5933 6127//5935 5775//5937
f 6130//5938 6170//5939 5776//5940
f 6168//6259 6130//5938 5776//5940
f 6133//5941 6172//5942 5777//5943
f 6170//5939 6133//5941 5777//5943
f 6136//5944 6174//6260 5778//5946
f 6172//5942 6136//5944 5778//5946
f 6139//5947 6176//5948 5779//5949
f 6174//6260 6139//5947 5779//5949
f 6142//6261 6178//5951 5780//6262
f 6176//5948 6142//6261 5780//6262
f 6145//5953 6180//5954 5781//5955
f 6178//5951 6145//5953 5781//5955
f 6148//5956 6182//5957 5782//6263
f 6180//5954 6148//5956 5782//6263
f 6151//6264 6184//5960 5783//5961
f 6182//5957 6151//6264 5783//5961
f 5784//5962 6538//5918 6186//5963
f 6184//5960 6153//5913 5784//5962
f 6157//5964 6187//5965 5785//5966
f 5785//5966 6554//5967 6188//6265
f 6159//5969 6190//5970 5786//5971
f 6187//5965 6159//5969 5786//5971
f 6161//5972 6192//5973 5787//5974
f 6190//5970 6161//5972 5787//5974
f 6163//5975 6194//6266 5788//6267
f 6192//5973 6163//5975 5788//6267
f 6165//5978 6196//5979 5789//5980
f 6194//6266 6165//5978 5789//5980
f 6167//5981 6198//5982 5790//5983
f 6196//5979 6167//5981 5790//5983
f 6169//5984 6200//5985 5791//6268
f 6198//5982 6169//5984 5791//6268
f 6171//5987 6202//5988 5792//5989
f 6200//5985 6171//5987 5792//5989
f 6173//5990 6204//5991 5793//6269
f 6202//5988 6173//5990 5793//6269
f 6175//5993 6206//5994 5794//5995
f 6204//5991 6175//5993 5794//5995
f 6177//6270 6208//6271 5795//5998
f 6206//5994 6177//6270 5795//5998
f 6179//5999 6210//6000 5796//6001
f 6208//6271 6179//5999 5796//6001
f 6181//6002 6212//6003 5797//6272
f 6210//6000 6181//6002 5797//6272
f 6183//6005 6214//6006 5798//6007
f 6212//6003 6183//6005 5798//6007
f 6185//6008 6216//6273 5799//6274
f 6214//6006 6185//6008 5799//6274
f 5800//6011 6554//5967 6218//6012
f 6216//6273 6186//5963 5800//6011
f 6189//6013 6219//6014 5801//6015
f 6221//6275 6220//6017 5801//6015
f 6191//6276 6222//6019 5802//6020
f 6219//6014 6191//6276 5802//6020
f 6193//6021 6224//6022 5803//6023
f 6222//6019 6193//6021 5803//6023
f 6195//6024 6226//6025 5804//6026
f 6224//6022 6195//6024 5804//6026
f 6197//6277 6228//6028 5805//6029
f 6226//6025 6197//6277 5805//6029
f 6199//6030 6230//6031 5806//6032
f 6228//6028 6199//6030 5806//6032
f 6201//6278 6232//6034 5807//6035
f 6230//6031 6201//6278 5807//6035
f 6203//6036 6234//6037 5808//6038
f 6232//6034 6203//6036 5808//6038
f 6205//6279 6236//6040 5809//6041
f 6234//6037 6205//6279 5809//6041
f 6207//6042 6238//6043 5810//6044
f 6236//6040 6207//6042 5810//6044
f 6209//6280 6240//6046 5811//6047
f 6238//6043 6209//6280 5811//6047
f 6211//6281 6242//6049 5812//6050
f 6240//6046 6211//6281 5812//6050
f 6213//6282 6244//6052 5813//6053
f 6242//6049 6213//6282 5813//6053
f 6215//6283 6246//6055 5814//6056
f 6244//6052 6215//6283 5814//6056
f 6217//6057 6248//6058 5815//6059
f 6246//6055 6217//6057 5815//6059
f 6220//6017 6250//6060 5816//6061
f 6248//6058 6218//6012 5816//6061
f 5817//6062 6555//6284 6251//6064
f 6253//6065 6252//6285 5817//6062
f 5818//6067 6556//6068 6254//6069
f 5818//6067 6555//6284 6223//6286
f 5819//6287 6557//6288 6256//6073
f 5819//6287 6556//6068 6225//6074
f 5820//6075 6558//6076 6258//6289
f 5820//6075 6557//6288 6227//6290
f 5821//6079 6559//6291 6260//6081
f 5821//6079 6558//6076 6229//6292
f 5822//6293 6560//6294 6262//6085
f 5822//6293 6559//6291 6231//6086
f 5823//6087 6561//6295 6264//6089
f 5823//6087 6560//6294 6233//6296
f 5824//6091 6562//6092 6266//6093
f 5824//6091 6561//6295 6235//6094
f 5825//6095 6563//6297 6268//6097
f 5825//6095 6562//6092 6237//6098
f 5826//6099 6564//6298 6270//6101
f 5826//6099 6563//6297 6239//6299
f 5827//6103 6565//6300 6272//6105
f 5827//6103 6564//6298 6241//6106
f 5828//6107 6566//6108 6274//6109
f 5828//6107 6565//6300 6243//6110
f 5829//6111 6567//6301 6276//6113
f 5829//6111 6566//6108 6245//6114
f 5830//6115 6568//6302 6278//6117
f 5830//6115 6567//6301 6247//6118
f 5831//6303 6569//6120 6280//6304
f 5831//6303 6568//6302 6249//6305
f 6252//6285 6282//6306 5832//6124
f 5832//6124 6569//6120 6250//6060
f 5833//6307 6571//6126 6283//6127
f 6285//6128 6284//6129 5833//6307
f 5834//6130 6572//6131 6286//6132
f 5834//6130 6571//6126 6255//6308
f 5835//6134 6573//6309 6288//6136
f 5835//6134 6572//6131 6257//6137
f 5836//6138 6574//6139 6290//6140
f 5836//6138 6573//6309 6259//6310
f 5837//6142 6575//6311 6292//6144
f 5837//6142 6574//6139 6261//6145
f 5838//6146 6576//6147 6294//6148
f 5838//6146 6575//6311 6263//6312
f 5839//6150 6577//6151 6296//6313
f 5839//6150 6576//6147 6265//6314
f 5840//6315 6578//6155 6298//6156
f 5840//6315 6577//6151 6267//6157
f 5841//6316 6579//6159 6300//6160
f 5841//6316 6578//6155 6269//6317
f 5842//6162 6580//6318 6302//6164
f 5842//6162 6579//6159 6271//6165
f 5843//6319 6581//6167 6304//6320
f 5843//6319 6580//6318 6273//6169
f 5844//6321 6582//6322 6306//6172
f 5844//6321 6581//6167 6275//6173
f 5845//6174 6583//6175 6308//6176
f 5845//6174 6582//6322 6277//6177
f 5846//6323 6584//6179 6310//6180
f 5846//6323 6583//6175 6279//6181
f 5847//6182 6585//6324 6312//6184
f 5847//6182 6584//6179 6281//6185
f 6284//6129 6314//6186 5848//6187
f 5848//6187 6585//6324 6282//6306
f 6285//6128 6315//6188 5849//6189
f 5849//6189 6506//6325 6316//6191
f 6287//6326 6318//6193 5850//6327
f 6315//6188 6287//6326 5850//6327
f 6289//6195 6320//6196 5851//6197
f 6318//6193 6289//6195 5851//6197
f 6291//6198 6322//6199 5852//6328
f 6320//6196 6291//6198 5852//6328
f 6293//6201 6324//6202 5853//6203
f 6322//6199 6293//6201 5853//6203
f 6295//6329 6326//6205 5854//6330
f 6324//6202 6295//6329 5854//6330
f 6297//6331 6328//6208 5855//6332
f 6326//6205 6297//6331 5855//6332
f 6299//6210 6330//6211 5856//6333
f 6328//6208 6299//6210 5856//6333
f 6301//6334 6332//6214 5857//6335
f 6330//6211 6301//6334 5857//6335
f 6303//6336 6334//6217 5858//6337
f 6332//6214 6303//6336 5858//6337
f 6305//6338 6336//6220 5859//6339
f 6334//6217 6305//6338 5859//6339
f 6307//6222 6338//6223 5860//6340
f 6336//6220 6307//6222 5860//6340
f 6309//6341 6340//6226 5861//6227
f 6338//6223 6309//6341 5861//6227
f 6311//6228 6342//6229 5862//6342
f 6340//6226 6311//6228 5862//6342
f 6313//6343 6344//6232 5863//6344
f 6342//6229 6313//6343 5863//6344
f 5864//6345 6506//6325 6346//6235
f 6344//6232 6314//6186 5864//6345
f 6113//5858 6110//6236 5865//6237
f 6116//5862 6113//5858 5865//6237
f 6119//5866 6116//5862 5865//6237
f 6122//5870 6119//5866 5865//6237
f 6125//5874 6122//5870 5865//6237
f 6128//5878 6125//5874 5865//6237
f 6131//5882 6128//5878 5865//6237
f 6134//5886 6131//5882 5865//6237
f 6137//5890 6134//5886 5865//6237
f 6140//5894 6137//5890 5865//6237
f 6143//5898 6140//5894 5865//6237
f 6146//5902 6143//5898 5865//6237
f 6149//5906 6146//5902 5865//6237
f 6152//5910 6149//5906 5865//6237
f 6154//5915 6152//5910 5865//6237
f 6346//6235 6317//6238 5866//6239
f 5867//5856 5869//5852 5639//5854
f 6362//6346 5639//5854 5868//5853
f 5870//6236 5914//5915 5751//6237
f 5871//5860 5872//5920 5640//5857
f 5872//5920 5867//5856 5640//5857
f 5874//5864 5875//5923 5641//5861
f 5875//5923 5871//5860 5641//5861
f 5877//5868 5878//5926 5642//5865
f 5878//5926 5874//5864 5642//5865
f 5880//5872 5881//5929 5643//5869
f 5881//5929 5877//5868 5643//5869
f 5883//5876 5884//5932 5644//5873
f 5884//5932 5880//5872 5644//5873
f 5886//5880 5887//5935 5645//5877
f 5887//5935 5883//5876 5645//5877
f 5889//5884 5890//5938 5646//5881
f 5890//5938 5886//5880 5646//5881
f 5892//5888 5893//5941 5647//5885
f 5893//5941 5889//5884 5647//5885
f 5895//5892 5896//5944 5648//5889
f 5896//5944 5892//5888 5648//5889
f 5898//5896 5899//5947 5649//5893
f 5899//5947 5895//5892 5649//5893
f 5901//5900 5902//5950 5650//5897
f 5902//5950 5898//5896 5650//5897
f 5904//5904 5905//5953 5651//5901
f 5905//5953 5901//5900 5651//5901
f 5907//5908 5908//5956 5652//5905
f 5908//5956 5904//5904 5652//5905
f 5910//5912 5911//5959 5653//5909
f 5911//5959 5907//5908 5653//5909
f 5913//5913 5910//5912 5654//5914
f 5913//5913 5916//5919 5670//5962
f 6362//6346 5654//5914 5914//5915
f 6395//6347 5655//5917 5915//5916
f 5916//5919 5869//5852 5655//5917
f 6396//6348 5656//5922 5918//5921
f 6395//6347 5656//5922 5919//5969
f 6397//6349 5657//5925 5920//5924
f 6396//6348 5657//5925 5921//5972
f 6398//6350 5658//5928 5922//5927
f 6397//6349 5658//5928 5923//5975
f 6399//6351 5659//5931 5924//5930
f 6398//6350 5659//5931 5925//5978
f 6400//6352 5660//5934 5926//5933
f 6399//6351 5660//5934 5927//5981
f 6401//6353 5661//5937 5928//5936
f 6400//6352 5661//5937 5929//5984
f 6402//6354 5662//5940 5930//5939
f 6401//6353 5662//5940 5931//5987
f 6403//6355 5663//5943 5932//5942
f 6402//6354 5663//5943 5933//5990
f 6404//6356 5664//5946 5934//5945
f 6403//6355 5664//5946 5935//5993
f 6405//6357 5665//5949 5936//5948
f 6404//6356 5665//5949 5937//5996
f 6406//6358 5666//5952 5938//5951
f 6405//6357 5666//5952 5939//5999
f 6407//6359 5667//5955 5940//5954
f 6406//6358 5667//5955 5941//6002
f 6408//6360 5668//5958 5942//5957
f 6407//6359 5668//5958 5943//6005
f 6409//6361 5669//5961 5944//5960
f 6408//6360 5669//5961 5945//6008
f 6409//6361 5670//5962 5946//5963
f 5946//5963 5948//5968 5686//6011
f 6411//6362 5671//5966 5947//5965
f 5948//5968 5917//5964 5671//5966
f 6412//6363 5672//5971 5950//5970
f 6411//6362 5672//5971 5951//6018
f 6413//6364 5673//5974 5952//5973
f 6412//6363 5673//5974 5953//6021
f 6414//6365 5674//5977 5954//5976
f 6413//6364 5674//5977 5955//6024
f 6415//6366 5675//5980 5956//5979
f 6414//6365 5675//5980 5957//6027
f 6416//6367 5676//5983 5958//5982
f 6415//6366 5676//5983 5959//6030
f 6417//6368 5677//5986 5960//5985
f 6416//6367 5677//5986 5961//6033
f 6418//6369 5678//5989 5962//5988
f 6417//6368 5678//5989 5963//6036
f 6419//6370 5679//5992 5964//5991
f 6418//6369 5679//5992 5965//6039
f 6420//6371 5680//5995 5966//5994
f 6419//6370 5680//5995 5967//6042
f 6421//6372 5681//5998 5968//5997
f 6420//6371 5681//5998 5969//6045
f 6422//6373 5682//6001 5970//6000
f 6421//6372 5682//6001 5971//6048
f 6423//6374 5683//6004 5972//6003
f 6422//6373 5683//6004 5973//6051
f 6424//6375 5684//6007 5974//6006
f 6423//6374 5684//6007 5975//6054
f 6425//6376 5685//6010 5976//6009
f 6424//6375 5685//6010 5977//6057
f 6425//6376 5686//6011 5978//6012
f 5978//6012 5980//6017 5702//6061
f 5979//6014 5981//6016 5687//6015
f 5980//6017 5949//6013 5687//6015
f 5982//6019 5983//6070 5688//6020
f 5983//6070 5979//6014 5688//6020
f 5984//6022 5985//6074 5689//6023
f 5985//6074 5982//6019 5689//6023
f 5986//6025 5987//6078 5690//6026
f 5987//6078 5984//6022 5690//6026
f 5988//6028 5989//6082 5691//6029
f 5989//6082 5986//6025 5691//6029
f 5990//6031 5991//6086 5692//6032
f 5991//6086 5988//6028 5692//6032
f 5992//6034 5993//6090 5693//6035
f 5993//6090 5990//6031 5693//6035
f 5994//6037 5995//6094 5694//6038
f 5995//6094 5992//6034 5694//6038
f 5996//6040 5997//6098 5695//6041
f 5997//6098 5994//6037 5695//6041
f 5998//6043 5999//6102 5696//6044
f 5999//6102 5996//6040 5696//6044
f 6000//6046 6001//6106 5697//6047
f 6001//6106 5998//6043 5697//6047
f 6002//6049 6003//6110 5698//6050
f 6003//6110 6000//6046 5698//6050
f 6004//6052 6005//6114 5699//6053
f 6005//6114 6002//6049 5699//6053
f 6006//6055 6007//6118 5700//6056
f 6007//6118 6004//6052 5700//6056
f 6008//6058 6009//6122 5701//6059
f 6009//6122 6006//6055 5701//6059
f 6010//6060 6008//6058 5702//6061
f 6442//6377 5718//6124 6010//6060
f 6011//6064 6013//6065 5703//6062
f 6442//6377 5703//6062 6012//6066
f 6014//6069 6015//6133 5704//6067
f 6015//6133 6011//6064 5704//6067
f 6016//6073 6017//6137 5705//6071
f 6017//6137 6014//6069 5705//6071
f 6018//6077 6019//6141 5706//6075
f 6019//6141 6016//6073 5706//6075
f 6020//6081 6021//6145 5707//6079
f 6021//6145 6018//6077 5707//6079
f 6022//6085 6023//6149 5708//6083
f 6023//6149 6020//6081 5708//6083
f 6024//6089 6025//6153 5709//6087
f 6025//6153 6022//6085 5709//6087
f 6026//6093 6027//6157 5710//6091
f 6027//6157 6024//6089 5710//6091
f 6028//6097 6029//6161 5711//6095
f 6029//6161 6026//6093 5711//6095
f 6030//6101 6031//6165 5712//6099
f 6031//6165 6028//6097 5712//6099
f 6032//6105 6033//6169 5713//6103
f 6033//6169 6030//6101 5713//6103
f 6034//6109 6035//6173 5714//6107
f 6035//6173 6032//6105 5714//6107
f 6036//6113 6037//6177 5715//6111
f 6037//6177 6034//6109 5715//6111
f 6038//6117 6039//6181 5716//6115
f 6039//6181 6036//6113 5716//6115
f 6040//6121 6041//6185 5717//6119
f 6041//6185 6038//6117 5717//6119
f 6042//6123 6040//6121 5718//6124
f 6458//6378 5734//6187 6042//6123
f 6043//6127 6045//6128 5719//6125
f 6458//6378 5719//6125 6044//6129
f 6046//6132 6047//6192 5720//6130
f 6047//6192 6043//6127 5720//6130
f 6048//6136 6049//6195 5721//6134
f 6049//6195 6046//6132 5721//6134
f 6050//6140 6051//6198 5722//6138
f 6051//6198 6048//6136 5722//6138
f 6052//6144 6053//6201 5723//6142
f 6053//6201 6050//6140 5723//6142
f 6054//6148 6055//6204 5724//6146
f 6055//6204 6052//6144 5724//6146
f 6056//6152 6057//6207 5725//6150
f 6057//6207 6054//6148 5725//6150
f 6058//6156 6059//6210 5726//6154
f 6059//6210 6056//6152 5726//6154
f 6060//6160 6061//6213 5727//6158
f 6061//6213 6058//6156 5727//6158
f 6062//6164 6063//6216 5728//6162
f 6063//6216 6060//6160 5728//6162
f 6064//6168 6065//6219 5729//6166
f 6065//6219 6062//6164 5729//6166
f 6066//6172 6067//6222 5730//6170
f 6067//6222 6064//6168 5730//6170
f 6068//6176 6069//6225 5731//6174
f 6069//6225 6066//6172 5731//6174
f 6070//6180 6071//6228 5732//6178
f 6071//6228 6068//6176 5732//6178
f 6072//6184 6073//6231 5733//6182
f 6073//6231 6070//6180 5733//6182
f 6074//6186 6072//6184 5734//6187
f 6074//6186 6076//6191 5750//6234
f 6363//6379 5735//6189 6075//6188
f 6076//6191 6045//6128 5735//6189
f 6077//6238 6079//6380 5752//6239
f 6364//6381 5736//6194 6078//6193
f 6363//6379 5736//6194 6079//6380
f 6079//6380 6081//6382 5752//6239
f 6365//6383 5737//6197 6080//6196
f 6364//6381 5737//6197 6081//6382
f 6081//6382 6083//6384 5752//6239
f 6366//6385 5738//6200 6082//6199
f 6365//6383 5738//6200 6083//6384
f 6083//6384 6085//6386 5752//6239
f 6367//6387 5739//6203 6084//6202
f 6366//6385 5739//6203 6085//6386
f 6085//6386 6087//6388 5752//6239
f 6368//6389 5740//6206 6086//6205
f 6367//6387 5740//6206 6087//6388
f 6087//6388 6089//6390 5752//6239
f 6369//6391 5741//6209 6088//6208
f 6368//6389 5741//6209 6089//6390
f 6089//6390 6091//6392 5752//6239
f 6370//6393 5742//6212 6090//6211
f 6369//6391 5742//6212 6091//6392
f 6091//6392 6093//6394 5752//6239
f 6371//6395 5743//6215 6092//6214
f 6370//6393 5743//6215 6093//6394
f 6093//6394 6095//6396 5752//6239
f 6372//6397 5744//6218 6094//6217
f 6371//6395 5744//6218 6095//6396
f 6095//6396 6097//6398 5752//6239
f 6373//6399 5745//6221 6096//6220
f 6372//6397 5745//6221 6097//6398
f 6097//6398 6099//6400 5752//6239
f 6374//6401 5746//6224 6098//6223
f 6373//6399 5746//6224 6099//6400
f 6099//6400 6101//6402 5752//6239
f 6375//6403 5747//6227 6100//6226
f 6374//6401 5747//6227 6101//6402
f 6101//6402 6103//6404 5752//6239
f 6376//6405 5748//6230 6102//6229
f 6375//6403 5748//6230 6103//6404
f 6103//6404 6105//6406 5752//6239
f 6377//6407 5749//6233 6104//6232
f 6376//6405 5749//6233 6105//6406
f 6105//6406 6106//6235 5752//6239
f 6377//6407 5750//6234 6106//6235
f 6107//5856 6109//6240 5753//5854
f 6490//6346 5753//5854 6108//5853
f 6110//6236 6154//5915 5865//6237
f 6111//5860 6112//6256 5754//6242
f 6112//6256 6107//5856 5754//6242
f 6114//5864 6115//5923 5755//6243
f 6115//5923 6111//5860 5755//6243
f 6117//5868 6118//5926 5756//5865
f 6118//5926 6114//5864 5756//5865
f 6120//5872 6121//5929 5757//6245
f 6121//5929 6117//5868 5757//6245
f 6123//5876 6124//5932 5758//6246
f 6124//5932 6120//5872 5758//6246
f 6126//5880 6127//5935 5759//5877
f 6127//5935 6123//5876 5759//5877
f 6129//5884 6130//5938 5760//6247
f 6130//5938 6126//5880 5760//6247
f 6132//5888 6133//5941 5761//6248
f 6133//5941 6129//5884 5761//6248
f 6135//5892 6136//5944 5762//5889
f 6136//5944 6132//5888 5762//5889
f 6138//5896 6139//5947 5763//6250
f 6139//5947 6135//5892 5763//6250
f 6141//5900 6142//6261 5764//6251
f 6142//6261 6138//5896 5764//6251
f 6144//5904 6145//5953 5765//5901
f 6145//5953 6141//5900 5765//5901
f 6147//5908 6148//5956 5766//6254
f 6148//5956 6144//5904 5766//6254
f 6150//5912 6151//6264 5767//5909
f 6151//6264 6147//5908 5767//5909
f 6153//5913 6150//5912 5768//5914
f 6153//5913 6156//6255 5784//5962
f 6490//6346 5768//5914 6154//5915
f 6523//6347 5769//5917 6155//5916
f 6156//6255 6109//6240 5769//5917
f 6524//6348 5770//5922 6158//5921
f 6523//6347 5770//5922 6159//5969
f 6525//6349 5771//6257 6160//5924
f 6524//6348 5771//6257 6161//5972
f 6526//6350 5772//5928 6162//5927
f 6525//6349 5772//5928 6163//5975
f 6527//6351 5773//5931 6164//5930
f 6526//6350 5773//5931 6165//5978
f 6528//6352 5774//6258 6166//5933
f 6527//6351 5774//6258 6167//5981
f 6529//6353 5775//5937 6168//6259
f 6528//6352 5775//5937 6169//5984
f 6530//6354 5776//5940 6170//5939
f 6529//6353 5776//5940 6171//5987
f 6531//6408 5777//5943 6172//5942
f 6530//6354 5777//5943 6173//5990
f 6532//6356 5778//5946 6174//6260
f 6531//6408 5778//5946 6175//5993
f 6533//6357 5779//5949 6176//5948
f 6532//6356 5779//5949 6177//6270
f 6534//6358 5780//6262 6178//5951
f 6533//6357 5780//6262 6179//5999
f 6535//6359 5781//5955 6180//5954
f 6534//6358 5781//5955 6181//6002
f 6536//6360 5782//6263 6182//5957
f 6535//6359 5782//6263 6183//6005
f 6537//6361 5783//5961 6184//5960
f 6536//6360 5783//5961 6185//6008
f 6537//6361 5784//5962 6186//5963
f 6186//5963 6188//6265 5800//6011
f 6539//6409 5785//5966 6187//5965
f 6188//6265 6157//5964 5785//5966
f 6540//6410 5786//5971 6190//5970
f 6539//6409 5786//5971 6191//6276
f 6541//6411 5787//5974 6192//5973
f 6540//6410 5787//5974 6193//6021
f 6542//6412 5788//6267 6194//6266
f 6541//6411 5788//6267 6195//6024
f 6543//6413 5789//5980 6196//5979
f 6542//6412 5789//5980 6197//6277
f 6544//6367 5790//5983 6198//5982
f 6543//6413 5790//5983 6199//6030
f 6545//6368 5791//6268 6200//5985
f 6544//6367 5791//6268 6201//6278
f 6546//6414 5792//5989 6202//5988
f 6545//6368 5792//5989 6203//6036
f 6547//6415 5793//6269 6204//5991
f 6546//6414 5793//6269 6205//6279
f 6548//6371 5794//5995 6206//5994
f 6547//6415 5794//5995 6207//6042
f 6549//6372 5795//5998 6208//6271
f 6548//6371 5795//5998 6209//6280
f 6550//6416 5796//6001 6210//6000
f 6549//6372 5796//6001 6211//6281
f 6551//6417 5797//6272 6212//6003
f 6550//6416 5797//6272 6213//6282
f 6552//6418 5798//6007 6214//6006
f 6551//6417 5798//6007 6215//6283
f 6553//6419 5799//6274 6216//6273
f 6552//6418 5799//6274 6217//6057
f 6553//6419 5800//6011 6218//6012
f 6218//6012 6220//6017 5816//6061
f 6219//6014 6221//6275 5801//6015
f 6220//6017 6189//6013 5801//6015
f 6222//6019 6223//6286 5802//6020
f 6223//6286 6219//6014 5802//6020
f 6224//6022 6225//6074 5803//6023
f 6225//6074 6222//6019 5803//6023
f 6226//6025 6227//6290 5804//6026
f 6227//6290 6224//6022 5804//6026
f 6228//6028 6229//6292 5805//6029
f 6229//6292 6226//6025 5805//6029
f 6230//6031 6231//6086 5806//6032
f 6231//6086 6228//6028 5806//6032
f 6232//6034 6233//6296 5807//6035
f 6233//6296 6230//6031 5807//6035
f 6234//6037 6235//6094 5808//6038
f 6235//6094 6232//6034 5808//6038
f 6236//6040 6237//6098 5809//6041
f 6237//6098 6234//6037 5809//6041
f 6238//6043 6239//6299 5810//6044
f 6239//6299 6236//6040 5810//6044
f 6240//6046 6241//6106 5811//6047
f 6241//6106 6238//6043 5811//6047
f 6242//6049 6243//6110 5812//6050
f 6243//6110 6240//6046 5812//6050
f 6244//6052 6245//6114 5813//6053
f 6245//6114 6242//6049 5813//6053
f 6246//6055 6247//6118 5814//6056
f 6247//6118 6244//6052 5814//6056
f 6248//6058 6249//6305 5815//6059
f 6249//6305 6246//6055 5815//6059
f 6250//6060 6248//6058 5816//6061
f 6570//6420 5832//6124 6250//6060
f 6251//6064 6253//6065 5817//6062
f 6570//6420 5817//6062 6252//6285
f 6254//6069 6255//6308 5818//6067
f 6255//6308 6251//6064 5818//6067
f 6256//6073 6257//6137 5819//6287
f 6257//6137 6254//6069 5819//6287
f 6258//6289 6259//6310 5820//6075
f 6259//6310 6256//6073 5820//6075
f 6260//6081 6261//6145 5821//6079
f 6261//6145 6258//6289 5821//6079
f 6262//6085 6263//6312 5822//6293
f 6263//6312 6260//6081 5822//6293
f 6264//6089 6265//6314 5823//6087
f 6265//6314 6262//6085 5823//6087
f 6266//6093 6267//6157 5824//6091
f 6267//6157 6264//6089 5824//6091
f 6268//6097 6269//6317 5825//6095
f 6269//6317 6266//6093 5825//6095
f 6270//6101 6271//6165 5826//6099
f 6271//6165 6268//6097 5826//6099
f 6272//6105 6273//6169 5827//6103
f 6273//6169 6270//6101 5827//6103
f 6274//6109 6275//6173 5828//6107
f 6275//6173 6272//6105 5828//6107
f 6276//6113 6277//6177 5829//6111
f 6277//6177 6274//6109 5829//6111
f 6278//6117 6279//6181 5830//6115
f 6279//6181 6276//6113 5830//6115
f 6280//6304 6281//6185 5831//6303
f 6281//6185 6278//6117 5831//6303
f 6282//6306 6280//6304 5832//6124
f 6586//6421 5848//6187 6282//6306
f 6283//6127 6285//6128 5833//6307
f 6586//6421 5833//6307 6284//6129
f 6286//6132 6287//6326 5834//6130
f 6287//6326 6283//6127 5834//6130
f 6288//6136 6289//6195 5835//6134
f 6289//6195 6286//6132 5835//6134
f 6290//6140 6291//6198 5836//6138
f 6291//6198 6288//6136 5836//6138
f 6292//6144 6293//6201 5837//6142
f 6293//6201 6290//6140 5837//6142
f 6294//6148 6295//6329 5838//6146
f 6295//6329 6292//6144 5838//6146
f 6296//6313 6297//6331 5839//6150
f 6297//6331 6294//6148 5839//6150
f 6298//6156 6299//6210 5840//6315
f 6299//6210 6296//6313 5840//6315
f 6300//6160 6301//6334 5841//6316
f 6301//6334 6298//6156 5841//6316
f 6302//6164 6303//6336 5842//6162
f 6303//6336 6300//6160 5842//6162
f 6304//6320 6305//6338 5843//6319
f 6305//6338 6302//6164 5843//6319
f 6306//6172 6307//6222 5844//6321
f 6307//6222 6304//6320 5844//6321
f 6308//6176 6309//6341 5845//6174
f 6309//6341 6306//6172 5845//6174
f 6310//6180 6311//6228 5846//6323
f 6311//6228 6308//6176 5846//6323
f 6312//6184 6313//6343 5847//6182
f 6313//6343 6310//6180 5847//6182
f 6314//6186 6312//6184 5848//6187
f 6314//6186 6316//6191 5864//6345
f 6491//6379 5849//6189 6315//6188
f 6316//6191 6285//6128 5849//6189
f 6317//6238 6319//6380 5866//6239
f 6492//6381 5850//6327 6318//6193
f 6491//6379 5850//6327 6319//6380
f 6319//6380 6321//6382 5866//6239
f 6493//6383 5851//6197 6320//6196
f 6492//6381 5851//6197 6321//6382
f 6321//6382 6323//6422 5866//6239
f 6494//6385 5852//6328 6322//6199
f 6493//6383 5852//6328 6323//6422
f 6323//6422 6325//6386 5866//6239
f 6495//6387 5853//6203 6324//6202
f 6494//6385 5853//6203 6325//6386
f 6325//6386 6327//6388 5866//6239
f 6496//6389 5854//6330 6326//6205
f 6495//6387 5854//6330 6327//6388
f 6327//6388 6329//6390 5866//6239
f 6497//6423 5855//6332 6328//6208
f 6496//6389 5855//6332 6329//6390
f 6329//6390 6331//6392 5866//6239
f 6498//6393 5856//6333 6330//6211
f 6497//6423 5856//6333 6331//6392
f 6331//6392 6333//6394 5866//6239
f 6499//6395 5857//6335 6332//6214
f 6498//6393 5857//6335 6333//6394
f 6333//6394 6335//6396 5866//6239
f 6500//6424 5858//6337 6334//6217
f 6499//6395 5858//6337 6335//6396
f 6335//6396 6337//6398 5866//6239
f 6501//6399 5859//6339 6336//6220
f 6500//6424 5859//6339 6337//6398
f 6337//6398 6339//6400 5866//6239
f 6502//6401 5860//6340 6338//6223
f 6501//6399 5860//6340 6339//6400
f 6339//6400 6341//6402 5866//6239
f 6503//6403 5861//6227 6340//6226
f 6502//6401 5861//6227 6341//6402
f 6341//6402 6343//6404 5866//6239
f 6504//6405 5862//6342 6342//6229
f 6503//6403 5862//6342 6343//6404
f 6343//6404 6345//6406 5866//6239
f 6505//6407 5863//6344 6344//6232
f 6504//6405 5863//6344 6345//6406
f 6345//6406 6346//6235 5866//6239
f 6505//6407 5864//6345 6346//6235
f 5869//5852 6394//6425 5868//5853
f 5639//5854 5870//6236 6347//5855
f 5640//5857 5867//5856 6347//5855
f 5640//5857 5873//5858 6348//5859
f 5641//5861 5871//5860 6348//5859
f 5641//5861 5876//5862 6349//5863
f 5642//5865 5874//5864 6349//5863
f 5642//5865 5879//5866 6350//5867
f 5643//5869 5877//5868 6350//5867
f 5643//5869 5882//5870 6351//5871
f 5644//5873 5880//5872 6351//5871
f 5644//5873 5885//5874 6352//5875
f 5645//5877 5883//5876 6352//5875
f 5645//5877 5888//5878 6353//5879
f 5646//5881 5886//5880 6353//5879
f 5646//5881 5891//5882 6354//5883
f 5647//5885 5889//5884 6354//5883
f 5647//5885 5894//5886 6355//5887
f 5648//5889 5892//5888 6355//5887
f 5648//5889 5897//5890 6356//5891
f 5649//5893 5895//5892 6356//5891
f 5649//5893 5900//5894 6357//5895
f 5650//5897 5898//5896 6357//5895
f 5650//5897 5903//5898 6358//5899
f 5651//5901 5901//5900 6358//5899
f 5651//5901 5906//5902 6359//5903
f 5652//5905 5904//5904 6359//5903
f 5652//5905 5909//5906 6360//5907
f 5653//5909 5907//5908 6360//5907
f 5653//5909 5912//5910 6361//5911
f 5868//5853 6394//6425 5913//5913
f 5654//5914 5910//5912 6361//5911
f 5869//5852 6379//6426 5915//5916
f 5655//5917 5917//5964 6410//5918
f 5872//5920 6380//6427 5918//5921
f 5915//5916 6379//6426 5872//5920
f 5875//5923 6381//6428 5920//5924
f 5918//5921 6380//6427 5875//5923
f 5878//5926 6382//6429 5922//5927
f 5920//5924 6381//6428 5878//5926
f 5881//5929 6383//6430 5924//5930
f 5922//5927 6382//6429 5881//5929
f 5884//5932 6384//6431 5926//5933
f 5924//5930 6383//6430 5884//5932
f 5887//5935 6385//6432 5928//5936
f 5926//5933 6384//6431 5887//5935
f 5890//5938 6386//6433 5930//5939
f 5928//5936 6385//6432 5890//5938
f 5893//5941 6387//6434 5932//5942
f 5930//5939 6386//6433 5893//5941
f 5896//5944 6388//6435 5934//5945
f 5932//5942 6387//6434 5896//5944
f 5899//5947 6389//6436 5936//5948
f 5934//5945 6388//6435 5899//5947
f 5902//5950 6390//6437 5938//5951
f 5936//5948 6389//6436 5902//5950
f 5905//5953 6391//6438 5940//5954
f 5938//5951 6390//6437 5905//5953
f 5908//5956 6392//6439 5942//5957
f 5940//5954 6391//6438 5908//5956
f 5911//5959 6393//6440 5944//5960
f 5942//5957 6392//6439 5911//5959
f 5670//5962 5916//5919 6410//5918
f 5944//5960 6393//6440 5913//5913
f 5917//5964 6395//6347 5947//5965
f 5671//5966 5949//6013 6426//5967
f 5919//5969 6396//6348 5950//5970
f 5947//5965 6395//6347 5919//5969
f 5921//5972 6397//6349 5952//5973
f 5950//5970 6396//6348 5921//5972
f 5923//5975 6398//6350 5954//5976
f 5952//5973 6397//6349 5923//5975
f 5925//5978 6399//6351 5956//5979
f 5954//5976 6398//6350 5925//5978
f 5927//5981 6400//6352 5958//5982
f 5956//5979 6399//6351 5927//5981
f 5929//5984 6401//6353 5960//5985
f 5958//5982 6400//6352 5929//5984
f 5931//5987 6402//6354 5962//5988
f 5960//5985 6401//6353 5931//5987
f 5933//5990 6403//6355 5964//5991
f 5962//5988 6402//6354 5933//5990
f 5935//5993 6404//6356 5966//5994
f 5964//5991 6403//6355 5935//5993
f 5937//5996 6405//6357 5968//5997
f 5966//5994 6404//6356 5937//5996
f 5939//5999 6406//6358 5970//6000
f 5968//5997 6405//6357 5939//5999
f 5941//6002 6407//6359 5972//6003
f 5970//6000 6406//6358 5941//6002
f 5943//6005 6408//6360 5974//6006
f 5972//6003 6407//6359 5943//6005
f 5945//6008 6409//6361 5976//6009
f 5974//6006 6408//6360 5945//6008
f 5686//6011 5948//5968 6426//5967
f 5976//6009 6409//6361 5946//5963
f 5949//6013 6411//6362 5979//6014
f 5981//6016 6442//6377 5980//6017
f 5951//6018 6412//6363 5982//6019
f 5979//6014 6411//6362 5951//6018
f 5953//6021 6413//6364 5984//6022
f 5982//6019 6412//6363 5953//6021
f 5955//6024 6414//6365 5986//6025
f 5984//6022 6413//6364 5955//6024
f 5957//6027 6415//6366 5988//6028
f 5986//6025 6414//6365 5957//6027
f 5959//6030 6416//6367 5990//6031
f 5988//6028 6415//6366 5959//6030
f 5961//6033 6417//6368 5992//6034
f 5990//6031 6416//6367 5961//6033
f 5963//6036 6418//6369 5994//6037
f 5992//6034 6417//6368 5963//6036
f 5965//6039 6419//6370 5996//6040
f 5994//6037 6418//6369 5965//6039
f 5967//6042 6420//6371 5998//6043
f 5996//6040 6419//6370 5967//6042
f 5969//6045 6421//6372 6000//6046
f 5998//6043 6420//6371 5969//6045
f 5971//6048 6422//6373 6002//6049
f 6000//6046 6421//6372 5971//6048
f 5973//6051 6423//6374 6004//6052
f 6002//6049 6422//6373 5973//6051
f 5975//6054 6424//6375 6006//6055
f 6004//6052 6423//6374 5975//6054
f 5977//6057 6425//6376 6008//6058
f 6006//6055 6424//6375 5977//6057
f 5980//6017 6442//6377 6010//6060
f 6008//6058 6425//6376 5978//6012
f 5703//6062 5981//6016 6427//6063
f 6013//6065 6458//6378 6012//6066
f 5704//6067 5983//6070 6428//6068
f 5704//6067 6011//6064 6427//6063
f 5705//6071 5985//6074 6429//6072
f 5705//6071 6014//6069 6428//6068
f 5706//6075 5987//6078 6430//6076
f 5706//6075 6016//6073 6429//6072
f 5707//6079 5989//6082 6431//6080
f 5707//6079 6018//6077 6430//6076
f 5708//6083 5991//6086 6432//6084
f 5708//6083 6020//6081 6431//6080
f 5709//6087 5993//6090 6433//6088
f 5709//6087 6022//6085 6432//6084
f 5710//6091 5995//6094 6434//6092
f 5710//6091 6024//6089 6433//6088
f 5711//6095 5997//6098 6435//6096
f 5711//6095 6026//6093 6434//6092
f 5712//6099 5999//6102 6436//6100
f 5712//6099 6028//6097 6435//6096
f 5713//6103 6001//6106 6437//6104
f 5713//6103 6030//6101 6436//6100
f 5714//6107 6003//6110 6438//6108
f 5714//6107 6032//6105 6437//6104
f 5715//6111 6005//6114 6439//6112
f 5715//6111 6034//6109 6438//6108
f 5716//6115 6007//6118 6440//6116
f 5716//6115 6036//6113 6439//6112
f 5717//6119 6009//6122 6441//6120
f 5717//6119 6038//6117 6440//6116
f 6012//6066 6458//6378 6042//6123
f 5718//6124 6040//6121 6441//6120
f 5719//6125 6013//6065 6443//6126
f 6045//6128 6474//6441 6044//6129
f 5720//6130 6015//6133 6444//6131
f 5720//6130 6043//6127 6443//6126
f 5721//6134 6017//6137 6445//6135
f 5721//6134 6046//6132 6444//6131
f 5722//6138 6019//6141 6446//6139
f 5722//6138 6048//6136 6445//6135
f 5723//6142 6021//6145 6447//6143
f 5723//6142 6050//6140 6446//6139
f 5724//6146 6023//6149 6448//6147
f 5724//6146 6052//6144 6447//6143
f 5725//6150 6025//6153 6449//6151
f 5725//6150 6054//6148 6448//6147
f 5726//6154 6027//6157 6450//6155
f 5726//6154 6056//6152 6449//6151
f 5727//6158 6029//6161 6451//6159
f 5727//6158 6058//6156 6450//6155
f 5728//6162 6031//6165 6452//6163
f 5728//6162 6060//6160 6451//6159
f 5729//6166 6033//6169 6453//6167
f 5729//6166 6062//6164 6452//6163
f 5730//6170 6035//6173 6454//6171
f 5730//6170 6064//6168 6453//6167
f 5731//6174 6037//6177 6455//6175
f 5731//6174 6066//6172 6454//6171
f 5732//6178 6039//6181 6456//6179
f 5732//6178 6068//6176 6455//6175
f 5733//6182 6041//6185 6457//6183
f 5733//6182 6070//6180 6456//6179
f 6044//6129 6474//6441 6074//6186
f 5734//6187 6072//6184 6457//6183
f 6045//6128 6459//6442 6075//6188
f 5735//6189 6077//6238 6378//6190
f 6047//6192 6460//6443 6078//6193
f 6075//6188 6459//6442 6047//6192
f 6049//6195 6461//6444 6080//6196
f 6078//6193 6460//6443 6049//6195
f 6051//6198 6462//6445 6082//6199
f 6080//6196 6461//6444 6051//6198
f 6053//6201 6463//6446 6084//6202
f 6082//6199 6462//6445 6053//6201
f 6055//6204 6464//6447 6086//6205
f 6084//6202 6463//6446 6055//6204
f 6057//6207 6465//6448 6088//6208
f 6086//6205 6464//6447 6057//6207
f 6059//6210 6466//6449 6090//6211
f 6088//6208 6465//6448 6059//6210
f 6061//6213 6467//6450 6092//6214
f 6090//6211 6466//6449 6061//6213
f 6063//6216 6468//6451 6094//6217
f 6092//6214 6467//6450 6063//6216
f 6065//6219 6469//6452 6096//6220
f 6094//6217 6468//6451 6065//6219
f 6067//6222 6470//6453 6098//6223
f 6096//6220 6469//6452 6067//6222
f 6069//6225 6471//6454 6100//6226
f 6098//6223 6470//6453 6069//6225
f 6071//6228 6472//6455 6102//6229
f 6100//6226 6471//6454 6071//6228
f 6073//6231 6473//6456 6104//6232
f 6102//6229 6472//6455 6073//6231
f 5750//6234 6076//6191 6378//6190
f 6104//6232 6473//6456 6074//6186
f 5873//5858 6347//5855 5870//6236
f 5876//5862 6348//5859 5873//5858
f 5879//5866 6349//5863 5876//5862
f 5882//5870 6350//5867 5879//5866
f 5885//5874 6351//5871 5882//5870
f 5888//5878 6352//5875 5885//5874
f 5891//5882 6353//5879 5888//5878
f 5894//5886 6354//5883 5891//5882
f 5897//5890 6355//5887 5894//5886
f 5900//5894 6356//5891 5897//5890
f 5903//5898 6357//5895 5900//5894
f 5906//5902 6358//5899 5903//5898
f 5909//5906 6359//5903 5906//5902
f 5912//5910 6360//5907 5909//5906
f 5914//5915 6361//5911 5912//5910
f 6106//6235 6378//6190 6077//6238
f 6109//6240 6522//6425 6108//5853
f 5753//5854 6110//6236 6475//6241
f 5754//6242 6107//5856 6475//6241
f 5754//6242 6113//5858 6476//5859
f 5755//6243 6111//5860 6476//5859
f 5755//6243 6116//5862 6477//5863
f 5756//5865 6114//5864 6477//5863
f 5756//5865 6119//5866 6478//6244
f 5757//6245 6117//5868 6478//6244
f 5757//6245 6122//5870 6479//5871
f 5758//6246 6120//5872 6479//5871
f 5758//6246 6125//5874 6480//5875
f 5759//5877 6123//5876 6480//5875
f 5759//5877 6128//5878 6481//5879
f 5760//6247 6126//5880 6481//5879
f 5760//6247 6131//5882 6482//5883
f 5761//6248 6129//5884 6482//5883
f 5761//6248 6134//5886 6483//6249
f 5762//5889 6132//5888 6483//6249
f 5762//5889 6137//5890 6484//5891
f 5763//6250 6135//5892 6484//5891
f 5763//6250 6140//5894 6485//5895
f 5764//6251 6138//5896 6485//5895
f 5764//6251 6143//5898 6486//6252
f 5765//5901 6141//5900 6486//6252
f 5765//5901 6146//5902 6487//6253
f 5766//6254 6144//5904 6487//6253
f 5766//6254 6149//5906 6488//5907
f 5767//5909 6147//5908 6488//5907
f 5767//5909 6152//5910 6489//5911
f 6108//5853 6522//6425 6153//5913
f 5768//5914 6150//5912 6489//5911
f 6109//6240 6507//6426 6155//5916
f 5769//5917 6157//5964 6538//5918
f 6112//6256 6508//6427 6158//5921
f 6155//5916 6507//6426 6112//6256
f 6115//5923 6509//6428 6160//5924
f 6158//5921 6508//6427 6115//5923
f 6118//5926 6510//6429 6162//5927
f 6160//5924 6509//6428 6118//5926
f 6121//5929 6511//6430 6164//5930
f 6162//5927 6510//6429 6121//5929
f 6124//5932 6512//6431 6166//5933
f 6164//5930 6511//6430 6124//5932
f 6127//5935 6513//6432 6168//6259
f 6166//5933 6512//6431 6127//5935
f 6130//5938 6514//6433 6170//5939
f 6168//6259 6513//6432 6130//5938
f 6133//5941 6515//6434 6172//5942
f 6170//5939 6514//6433 6133//5941
f 6136//5944 6516//6435 6174//6260
f 6172//5942 6515//6434 6136//5944
f 6139//5947 6517//6436 6176//5948
f 6174//6260 6516//6435 6139//5947
f 6142//6261 6518//6437 6178//5951
f 6176//5948 6517//6436 6142//6261
f 6145//5953 6519//6438 6180//5954
f 6178//5951 6518//6437 6145//5953
f 6148//5956 6520//6439 6182//5957
f 6180//5954 6519//6438 6148//5956
f 6151//6264 6521//6440 6184//5960
f 6182//5957 6520//6439 6151//6264
f 5784//5962 6156//6255 6538//5918
f 6184//5960 6521//6440 6153//5913
f 6157//5964 6523//6347 6187//5965
f 5785//5966 6189//6013 6554//5967
f 6159//5969 6524//6348 6190//5970
f 6187//5965 6523//6347 6159//5969
f 6161//5972 6525//6349 6192//5973
f 6190//5970 6524//6348 6161//5972
f 6163//5975 6526//6350 6194//6266
f 6192//5973 6525//6349 6163//5975
f 6165//5978 6527//6351 6196//5979
f 6194//6266 6526//6350 6165//5978
f 6167//5981 6528//6352 6198//5982
f 6196//5979 6527//6351 6167//5981
f 6169//5984 6529//6353 6200//5985
f 6198//5982 6528//6352 6169//5984
f 6171//5987 6530//6354 6202//5988
f 6200//5985 6529//6353 6171//5987
f 6173//5990 6531//6408 6204//5991
f 6202//5988 6530//6354 6173//5990
f 6175//5993 6532//6356 6206//5994
f 6204//5991 6531//6408 6175//5993
f 6177//6270 6533//6357 6208//6271
f 6206//5994 6532//6356 6177//6270
f 6179//5999 6534//6358 6210//6000
f 6208//6271 6533//6357 6179//5999
f 6181//6002 6535//6359 6212//6003
f 6210//6000 6534//6358 6181//6002
f 6183//6005 6536//6360 6214//6006
f 6212//6003 6535//6359 6183//6005
f 6185//6008 6537//6361 6216//6273
f 6214//6006 6536//6360 6185//6008
f 5800//6011 6188//6265 6554//5967
f 6216//6273 6537//6361 6186//5963
f 6189//6013 6539//6409 6219//6014
f 6221//6275 6570//6420 6220//6017
f 6191//6276 6540//6410 6222//6019
f 6219//6014 6539//6409 6191//6276
f 6193//6021 6541//6411 6224//6022
f 6222//6019 6540//6410 6193//6021
f 6195//6024 6542//6412 6226//6025
f 6224//6022 6541//6411 6195//6024
f 6197//6277 6543//6413 6228//6028
f 6226//6025 6542//6412 6197//6277
f 6199//6030 6544//6367 6230//6031
f 6228//6028 6543//6413 6199//6030
f 6201//6278 6545//6368 6232//6034
f 6230//6031 6544//6367 6201//6278
f 6203//6036 6546//6414 6234//6037
f 6232//6034 6545//6368 6203//6036
f 6205//6279 6547//6415 6236//6040
f 6234//6037 6546//6414 6205//6279
f 6207//6042 6548//6371 6238//6043
f 6236//6040 6547//6415 6207//6042
f 6209//6280 6549//6372 6240//6046
f 6238//6043 6548//6371 6209//6280
f 6211//6281 6550//6416 6242//6049
f 6240//6046 6549//6372 6211//6281
f 6213//6282 6551//6417 6244//6052
f 6242//6049 6550//6416 6213//6282
f 6215//6283 6552//6418 6246//6055
f 6244//6052 6551//6417 6215//6283
f 6217//6057 6553//6419 6248//6058
f 6246//6055 6552//6418 6217//6057
f 6220//6017 6570//6420 6250//6060
f 6248//6058 6553//6419 6218//6012
f 5817//6062 6221//6275 6555//6284
f 6253//6065 6586//6421 6252//6285
f 5818//6067 6223//6286 6556//6068
f 5818//6067 6251//6064 6555//6284
f 5819//6287 6225//6074 6557//6288
f 5819//6287 6254//6069 6556//6068
f 5820//6075 6227//6290 6558//6076
f 5820//6075 6256//6073 6557//6288
f 5821//6079 6229//6292 6559//6291
f 5821//6079 6258//6289 6558//6076
f 5822//6293 6231//6086 6560//6294
f 5822//6293 6260//6081 6559//6291
f 5823//6087 6233//6296 6561//6295
f 5823//6087 6262//6085 6560//6294
f 5824//6091 6235//6094 6562//6092
f 5824//6091 6264//6089 6561//6295
f 5825//6095 6237//6098 6563//6297
f 5825//6095 6266//6093 6562//6092
f 5826//6099 6239//6299 6564//6298
f 5826//6099 6268//6097 6563//6297
f 5827//6103 6241//6106 6565//6300
f 5827//6103 6270//6101 6564//6298
f 5828//6107 6243//6110 6566//6108
f 5828//6107 6272//6105 6565//6300
f 5829//6111 6245//6114 6567//6301
f 5829//6111 6274//6109 6566//6108
f 5830//6115 6247//6118 6568//6302
f 5830//6115 6276//6113 6567//6301
f 5831//6303 6249//6305 6569//6120
f 5831//6303 6278//6117 6568//6302
f 6252//6285 6586//6421 6282//6306
f 5832//6124 6280//6304 6569//6120
f 5833//6307 6253//6065 6571//6126
f 6285//6128 6602//6441 6284//6129
f 5834//6130 6255//6308 6572//6131
f 5834//6130 6283//6127 6571//6126
f 5835//6134 6257//6137 6573//6309
f 5835//6134 6286//6132 6572//6131
f 5836//6138 6259//6310 6574//6139
f 5836//6138 6288//6136 6573//6309
f 5837//6142 6261//6145 6575//6311
f 5837//6142 6290//6140 6574//6139
f 5838//6146 6263//6312 6576//6147
f 5838//6146 6292//6144 6575//6311
f 5839//6150 6265//6314 6577//6151
f 5839//6150 6294//6148 6576//6147
f 5840//6315 6267//6157 6578//6155
f 5840//6315 6296//6313 6577//6151
f 5841//6316 6269//6317 6579//6159
f 5841//6316 6298//6156 6578//6155
f 5842//6162 6271//6165 6580//6318
f 5842//6162 6300//6160 6579//6159
f 5843//6319 6273//6169 6581//6167
f 5843//6319 6302//6164 6580//6318
f 5844//6321 6275//6173 6582//6322
f 5844//6321 6304//6320 6581//6167
f 5845//6174 6277//6177 6583//6175
f 5845//6174 6306//6172 6582//6322
f 5846//6323 6279//6181 6584//6179
f 5846//6323 6308//6176 6583//6175
f 5847//6182 6281//6185 6585//6324
f 5847//6182 6310//6180 6584//6179
f 6284//6129 6602//6441 6314//6186
f 5848//6187 6312//6184 6585//6324
f 6285//6128 6587//6442 6315//6188
f 5849//6189 6317//6238 6506//6325
f 6287//6326 6588//6443 6318//6193
f 6315//6188 6587//6442 6287//6326
f 6289//6195 6589//6444 6320//6196
f 6318//6193 6588//6443 6289//6195
f 6291//6198 6590//6445 6322//6199
f 6320//6196 6589//6444 6291//6198
f 6293//6201 6591//6446 6324//6202
f 6322//6199 6590//6445 6293//6201
f 6295//6329 6592//6447 6326//6205
f 6324//6202 6591//6446 6295//6329
f 6297//6331 6593//6448 6328//6208
f 6326//6205 6592//6447 6297//6331
f 6299//6210 6594//6449 6330//6211
f 6328//6208 6593//6448 6299//6210
f 6301//6334 6595//6450 6332//6214
f 6330//6211 6594//6449 6301//6334
f 6303//6336 6596//6451 6334//6217
f 6332//6214 6595//6450 6303//6336
f 6305//6338 6597//6452 6336//6220
f 6334//6217 6596//6451 6305//6338
f 6307//6222 6598//6453 6338//6223
f 6336//6220 6597//6452 6307//6222
f 6309//6341 6599//6454 6340//6226
f 6338//6223 6598//6453 6309//6341
f 6311//6228 6600//6455 6342//6229
f 6340//6226 6599//6454 6311//6228
f 6313//6343 6601//6456 6344//6232
f 6342//6229 6600//6455 6313//6343
f 5864//6345 6316//6191 6506//6325
f 6344//6232 6601//6456 6314//6186
f 6113//5858 6475//6241 6110//6236
f 6116//5862 6476//5859 6113//5858
f 6119//5866 6477//5863 6116//5862
f 6122//5870 6478//6244 6119//5866
f 6125//5874 6479//5871 6122//5870
f 6128//5878 6480//5875 6125//5874
f 6131//5882 6481//5879 6128//5878
f 6134//5886 6482//5883 6131//5882
f 6137//5890 6483//6249 6134//5886
f 6140//5894 6484//5891 6137//5890
f 6143//5898 6485//5895 6140//5894
f 6146//5902 6486//6252 6143//5898
f 6149//5906 6487//6253 6146//5902
f 6152//5910 6488//5907 6149//5906
f 6154//5915 6489//5911 6152//5910
f 6346//6235 6506//6325 6317//6238
f 5867//5856 6379//6426 5869//5852
f 6362//6346 5870//6236 5639//5854
f 5870//6236 6362//6346 5914//5915
f 5871//5860 6380//6427 5872//5920
f 5872//5920 6379//6426 5867//5856
f 5874//5864 6381//6428 5875//5923
f 5875//5923 6380//6427 5871//5860
f 5877//5868 6382//6429 5878//5926
f 5878//5926 6381//6428 5874//5864
f 5880//5872 6383//6430 5881//5929
f 5881//5929 6382//6429 5877//5868
f 5883//5876 6384//6431 5884//5932
f 5884//5932 6383//6430 5880//5872
f 5886//5880 6385//6432 5887//5935
f 5887//5935 6384//6431 5883//5876
f 5889//5884 6386//6433 5890//5938
f 5890//5938 6385//6432 5886//5880
f 5892//5888 6387//6434 5893//5941
f 5893//5941 6386//6433 5889//5884
f 5895//5892 6388//6435 5896//5944
f 5896//5944 6387//6434 5892//5888
f 5898//5896 6389//6436 5899//5947
f 5899//5947 6388//6435 5895//5892
f 5901//5900 6390//6437 5902//5950
f 5902//5950 6389//6436 5898//5896
f 5904//5904 6391//6438 5905//5953
f 5905//5953 6390//6437 5901//5900
f 5907//5908 6392//6439 5908//5956
f 5908//5956 6391//6438 5904//5904
f 5910//5912 6393//6440 5911//5959
f 5911//5959 6392//6439 5907//5908
f 5913//5913 6393//6440 5910//5912
f 5913//5913 6394//6425 5916//5919
f 6362//6346 5868//5853 5654//5914
f 6395//6347 5917//5964 5655//5917
f 5916//5919 6394//6425 5869//5852
f 6396//6348 5919//5969 5656//5922
f 6395//6347 5915//5916 5656//5922
f 6397//6349 5921//5972 5657//5925
f 6396//6348 5918//5921 5657//5925
f 6398//6350 5923//5975 5658//5928
f 6397//6349 5920//5924 5658//5928
f 6399//6351 5925//5978 5659//5931
f 6398//6350 5922//5927 5659//5931
f 6400//6352 5927//5981 5660//5934
f 6399//6351 5924//5930 5660//5934
f 6401//6353 5929//5984 5661//5937
f 6400//6352 5926//5933 5661//5937
f 6402//6354 5931//5987 5662//5940
f 6401//6353 5928//5936 5662//5940
f 6403//6355 5933//5990 5663//5943
f 6402//6354 5930//5939 5663//5943
f 6404//6356 5935//5993 5664//5946
f 6403//6355 5932//5942 5664//5946
f 6405//6357 5937//5996 5665//5949
f 6404//6356 5934//5945 5665//5949
f 6406//6358 5939//5999 5666//5952
f 6405//6357 5936//5948 5666//5952
f 6407//6359 5941//6002 5667//5955
f 6406//6358 5938//5951 5667//5955
f 6408//6360 5943//6005 5668//5958
f 6407//6359 5940//5954 5668//5958
f 6409//6361 5945//6008 5669//5961
f 6408//6360 5942//5957 5669//5961
f 6409//6361 5944//5960 5670//5962
f 5946//5963 6410//5918 5948//5968
f 6411//6362 5949//6013 5671//5966
f 5948//5968 6410//5918 5917//5964
f 6412//6363 5951//6018 5672//5971
f 6411//6362 5947//5965 5672//5971
f 6413//6364 5953//6021 5673//5974
f 6412//6363 5950//5970 5673//5974
f 6414//6365 5955//6024 5674//5977
f 6413//6364 5952//5973 5674//5977
f 6415//6366 5957//6027 5675//5980
f 6414//6365 5954//5976 5675//5980
f 6416//6367 5959//6030 5676//5983
f 6415//6366 5956//5979 5676//5983
f 6417//6368 5961//6033 5677//5986
f 6416//6367 5958//5982 5677//5986
f 6418//6369 5963//6036 5678//5989
f 6417//6368 5960//5985 5678//5989
f 6419//6370 5965//6039 5679//5992
f 6418//6369 5962//5988 5679//5992
f 6420//6371 5967//6042 5680//5995
f 6419//6370 5964//5991 5680//5995
f 6421//6372 5969//6045 5681//5998
f 6420//6371 5966//5994 5681//5998
f 6422//6373 5971//6048 5682//6001
f 6421//6372 5968//5997 5682//6001
f 6423//6374 5973//6051 5683//6004
f 6422//6373 5970//6000 5683//6004
f 6424//6375 5975//6054 5684//6007
f 6423//6374 5972//6003 5684//6007
f 6425//6376 5977//6057 5685//6010
f 6424//6375 5974//6006 5685//6010
f 6425//6376 5976//6009 5686//6011
f 5978//6012 6426//5967 5980//6017
f 5979//6014 6427//6063 5981//6016
f 5980//6017 6426//5967 5949//6013
f 5982//6019 6428//6068 5983//6070
f 5983//6070 6427//6063 5979//6014
f 5984//6022 6429//6072 5985//6074
f 5985//6074 6428//6068 5982//6019
f 5986//6025 6430//6076 5987//6078
f 5987//6078 6429//6072 5984//6022
f 5988//6028 6431//6080 5989//6082
f 5989//6082 6430//6076 5986//6025
f 5990//6031 6432//6084 5991//6086
f 5991//6086 6431//6080 5988//6028
f 5992//6034 6433//6088 5993//6090
f 5993//6090 6432//6084 5990//6031
f 5994//6037 6434//6092 5995//6094
f 5995//6094 6433//6088 5992//6034
f 5996//6040 6435//6096 5997//6098
f 5997//6098 6434//6092 5994//6037
f 5998//6043 6436//6100 5999//6102
f 5999//6102 6435//6096 5996//6040
f 6000//6046 6437//6104 6001//6106
f 6001//6106 6436//6100 5998//6043
f 6002//6049 6438//6108 6003//6110
f 6003//6110 6437//6104 6000//6046
f 6004//6052 6439//6112 6005//6114
f 6005//6114 6438//6108 6002//6049
f 6006//6055 6440//6116 6007//6118
f 6007//6118 6439//6112 6004//6052
f 6008//6058 6441//6120 6009//6122
f 6009//6122 6440//6116 6006//6055
f 6010//6060 6441//6120 6008//6058
f 6442//6377 6012//6066 5718//6124
f 6011//6064 6443//6126 6013//6065
f 6442//6377 5981//6016 5703//6062
f 6014//6069 6444//6131 6015//6133
f 6015//6133 6443//6126 6011//6064
f 6016//6073 6445//6135 6017//6137
f 6017//6137 6444//6131 6014//6069
f 6018//6077 6446//6139 6019//6141
f 6019//6141 6445//6135 6016//6073
f 6020//6081 6447//6143 6021//6145
f 6021//6145 6446//6139 6018//6077
f 6022//6085 6448//6147 6023//6149
f 6023//6149 6447//6143 6020//6081
f 6024//6089 6449//6151 6025//6153
f 6025//6153 6448//6147 6022//6085
f 6026//6093 6450//6155 6027//6157
f 6027//6157 6449//6151 6024//6089
f 6028//6097 6451//6159 6029//6161
f 6029//6161 6450//6155 6026//6093
f 6030//6101 6452//6163 6031//6165
f 6031//6165 6451//6159 6028//6097
f 6032//6105 6453//6167 6033//6169
f 6033//6169 6452//6163 6030//6101
f 6034//6109 6454//6171 6035//6173
f 6035//6173 6453//6167 6032//6105
f 6036//6113 6455//6175 6037//6177
f 6037//6177 6454//6171 6034//6109
f 6038//6117 6456//6179 6039//6181
f 6039//6181 6455//6175 6036//6113
f 6040//6121 6457//6183 6041//6185
f 6041//6185 6456//6179 6038//6117
f 6042//6123 6457//6183 6040//6121
f 6458//6378 6044//6129 5734//6187
f 6043//6127 6459//6442 6045//6128
f 6458//6378 6013//6065 5719//6125
f 6046//6132 6460//6443 6047//6192
f 6047//6192 6459//6442 6043//6127
f 6048//6136 6461//6444 6049//6195
f 6049//6195 6460//6443 6046//6132
f 6050//6140 6462//6445 6051//6198
f 6051//6198 6461//6444 6048//6136
f 6052//6144 6463//6446 6053//6201
f 6053//6201 6462//6445 6050//6140
f 6054//6148 6464//6447 6055//6204
f 6055//6204 6463//6446 6052//6144
f 6056//6152 6465//6448 6057//6207
f 6057//6207 6464//6447 6054//6148
f 6058//6156 6466//6449 6059//6210
f 6059//6210 6465//6448 6056//6152
f 6060//6160 6467//6450 6061//6213
f 6061//6213 6466//6449 6058//6156
f 6062//6164 6468//6451 6063//6216
f 6063//6216 6467//6450 6060//6160
f 6064//6168 6469//6452 6065//6219
f 6065//6219 6468//6451 6062//6164
f 6066//6172 6470//6453 6067//6222
f 6067//6222 6469//6452 6064//6168
f 6068//6176 6471//6454 6069//6225
f 6069//6225 6470//6453 6066//6172
f 6070//6180 6472//6455 6071//6228
f 6071//6228 6471//6454 6068//6176
f 6072//6184 6473//6456 6073//6231
f 6073//6231 6472//6455 6070//6180
f 6074//6186 6473//6456 6072//6184
f 6074//6186 6474//6441 6076//6191
f 6363//6379 6077//6238 5735//6189
f 6076//6191 6474//6441 6045//6128
f 6077//6238 6363//6379 6079//6380
f 6364//6381 6079//6380 5736//6194
f 6363//6379 6075//6188 5736//6194
f 6079//6380 6364//6381 6081//6382
f 6365//6383 6081//6382 5737//6197
f 6364//6381 6078//6193 5737//6197
f 6081//6382 6365//6383 6083//6384
f 6366//6385 6083//6384 5738//6200
f 6365//6383 6080//6196 5738//6200
f 6083//6384 6366//6385 6085//6386
f 6367//6387 6085//6386 5739//6203
f 6366//6385 6082//6199 5739//6203
f 6085//6386 6367//6387 6087//6388
f 6368//6389 6087//6388 5740//6206
f 6367//6387 6084//6202 5740//6206
f 6087//6388 6368//6389 6089//6390
f 6369//6391 6089//6390 5741//6209
f 6368//6389 6086//6205 5741//6209
f 6089//6390 6369//6391 6091//6392
f 6370//6393 6091//6392 5742//6212
f 6369//6391 6088//6208 5742//6212
f 6091//6392 6370//6393 6093//6394
f 6371//6395 6093//6394 5743//6215
f 6370//6393 6090//6211 5743//6215
f 6093//6394 6371//6395 6095//6396
f 6372//6397 6095//6396 5744//6218
f 6371//6395 6092//6214 5744//6218
f 6095//6396 6372//6397 6097//6398
f 6373//6399 6097//6398 5745//6221
f 6372//6397 6094//6217 5745//6221
f 6097//6398 6373//6399 6099//6400
f 6374//6401 6099//6400 5746//6224
f 6373//6399 6096//6220 5746//6224
f 6099//6400 6374//6401 6101//6402
f 6375//6403 6101//6402 5747//6227
f 6374//6401 6098//6223 5747//6227
f 6101//6402 6375//6403 6103//6404
f 6376//6405 6103//6404 5748//6230
f 6375//6403 6100//6226 5748//6230
f 6103//6404 6376//6405 6105//6406
f 6377//6407 6105//6406 5749//6233
f 6376//6405 6102//6229 5749//6233
f 6105//6406 6377//6407 6106//6235
f 6377//6407 6104//6232 5750//6234
f 6107//5856 6507//6426 6109//6240
f 6490//6346 6110//6236 5753//5854
f 6110//6236 6490//6346 6154//5915
f 6111//5860 6508//6427 6112//6256
f 6112//6256 6507//6426 6107//5856
f 6114//5864 6509//6428 6115//5923
f 6115//5923 6508//6427 6111//5860
f 6117//5868 6510//6429 6118//5926
f 6118//5926 6509//6428 6114//5864
f 6120//5872 6511//6430 6121//5929
f 6121//5929 6510//6429 6117//5868
f 6123//5876 6512//6431 6124//5932
f 6124//5932 6511//6430 6120//5872
f 6126//5880 6513//6432 6127//5935
f 6127//5935 6512//6431 6123//5876
f 6129//5884 6514//6433 6130//5938
f 6130//5938 6513//6432 6126//5880
f 6132//5888 6515//6434 6133//5941
f 6133//5941 6514//6433 6129//5884
f 6135//5892 6516//6435 6136//5944
f 6136//5944 6515//6434 6132//5888
f 6138//5896 6517//6436 6139//5947
f 6139//5947 6516//6435 6135//5892
f 6141//5900 6518//6437 6142//6261
f 6142//6261 6517//6436 6138//5896
f 6144//5904 6519//6438 6145//5953
f 6145//5953 6518//6437 6141//5900
f 6147//5908 6520//6439 6148//5956
f 6148//5956 6519//6438 6144//5904
f 6150//5912 6521//6440 6151//6264
f 6151//6264 6520//6439 6147//5908
f 6153//5913 6521//6440 6150//5912
f 6153//5913 6522//6425 6156//6255
f 6490//6346 6108//5853 5768//5914
f 6523//6347 6157//5964 5769//5917
f 6156//6255 6522//6425 6109//6240
f 6524//6348 6159//5969 5770//5922
f 6523//6347 6155//5916 5770//5922
f 6525//6349 6161//5972 5771//6257
f 6524//6348 6158//5921 5771//6257
f 6526//6350 6163//5975 5772//5928
f 6525//6349 6160//5924 5772//5928
f 6527//6351 6165//5978 5773//5931
f 6526//6350 6162//5927 5773//5931
f 6528//6352 6167//5981 5774//6258
f 6527//6351 6164//5930 5774//6258
f 6529//6353 6169//5984 5775//5937
f 6528//6352 6166//5933 5775//5937
f 6530//6354 6171//5987 5776//5940
f 6529//6353 6168//6259 5776//5940
f 6531//6408 6173//5990 5777//5943
f 6530//6354 6170//5939 5777//5943
f 6532//6356 6175//5993 5778//5946
f 6531//6408 6172//5942 5778//5946
f 6533//6357 6177//6270 5779//5949
f 6532//6356 6174//6260 5779//5949
f 6534//6358 6179//5999 5780//6262
f 6533//6357 6176//5948 5780//6262
f 6535//6359 6181//6002 5781//5955
f 6534//6358 6178//5951 5781//5955
f 6536//6360 6183//6005 5782//6263
f 6535//6359 6180//5954 5782//6263
f 6537//6361 6185//6008 5783//5961
f 6536//6360 6182//5957 5783//5961
f 6537//6361 6184//5960 5784//5962
f 6186//5963 6538//5918 6188//6265
f 6539//6409 6189//6013 5785//5966
f 6188//6265 6538//5918 6157//5964
f 6540//6410 6191//6276 5786//5971
f 6539//6409 6187//5965 5786//5971
f 6541//6411 6193//6021 5787//5974
f 6540//6410 6190//5970 5787//5974
f 6542//6412 6195//6024 5788//6267
f 6541//6411 6192//5973 5788//6267
f 6543//6413 6197//6277 5789//5980
f 6542//6412 6194//6266 5789//5980
f 6544//6367 6199//6030 5790//5983
f 6543//6413 6196//5979 5790//5983
f 6545//6368 6201//6278 5791//6268
f 6544//6367 6198//5982 5791//6268
f 6546//6414 6203//6036 5792//5989
f 6545//6368 6200//5985 5792//5989
f 6547//6415 6205//6279 5793//6269
f 6546//6414 6202//5988 5793//6269
f 6548//6371 6207//6042 5794//5995
f 6547//6415 6204//5991 5794//5995
f 6549//6372 6209//6280 5795//5998
f 6548//6371 6206//5994 5795//5998
f 6550//6416 6211//6281 5796//6001
f 6549//6372 6208//6271 5796//6001
f 6551//6417 6213//6282 5797//6272
f 6550//6416 6210//6000 5797//6272
f 6552//6418 6215//6283 5798//6007
f 6551//6417 6212//6003 5798//6007
f 6553//6419 6217//6057 5799//6274
f 6552//6418 6214//6006 5799//6274
f 6553//6419 6216//6273 5800//6011
f 6218//6012 6554//5967 6220//6017
f 6219//6014 6555//6284 6221//6275
f 6220//6017 6554//5967 6189//6013
f 6222//6019 6556//6068 6223//6286
f 6223//6286 6555//6284 6219//6014
f 6224//6022 6557//6288 6225//6074
f 6225//6074 6556//6068 6222//6019
f 6226//6025 6558//6076 6227//6290
f 6227//6290 6557//6288 6224//6022
f 6228//6028 6559//6291 6229//6292
f 6229//6292 6558//6076 6226//6025
f 6230//6031 6560//6294 6231//6086
f 6231//6086 6559//6291 6228//6028
f 6232//6034 6561//6295 6233//6296
f 6233//6296 6560//6294 6230//6031
f 6234//6037 6562//6092 6235//6094
f 6235//6094 6561//6295 6232//6034
f 6236//6040 6563//6297 6237//6098
f 6237//6098 6562//6092 6234//6037
f 6238//6043 6564//6298 6239//6299
f 6239//6299 6563//6297 6236//6040
f 6240//6046 6565//6300 6241//6106
f 6241//6106 6564//6298 6238//6043
f 6242//6049 6566//6108 6243//6110
f 6243//6110 6565//6300 6240//6046
f 6244//6052 6567//6301 6245//6114
f 6245//6114 6566//6108 6242//6049
f 6246//6055 6568//6302 6247//6118
f 6247//6118 6567//6301 6244//6052
f 6248//6058 6569//6120 6249//6305
f 6249//6305 6568//6302 6246//6055
f 6250//6060 6569//6120 6248//6058
f 6570//6420 6252//6285 5832//6124
f 6251//6064 6571//6126 6253//6065
f 6570//6420 6221//6275 5817//6062
f 6254//6069 6572//6131 6255//6308
f 6255//6308 6571//6126 6251//6064
f 6256//6073 6573//6309 6257//6137
f 6257//6137 6572//6131 6254//6069
f 6258//6289 6574//6139 6259//6310
f 6259//6310 6573//6309 6256//6073
f 6260//6081 6575//6311 6261//6145
f 6261//6145 6574//6139 6258//6289
f 6262//6085 6576//6147 6263//6312
f 6263//6312 6575//6311 6260//6081
f 6264//6089 6577//6151 6265//6314
f 6265//6314 6576//6147 6262//6085
f 6266//6093 6578//6155 6267//6157
f 6267//6157 6577//6151 6264//6089
f 6268//6097 6579//6159 6269//6317
f 6269//6317 6578//6155 6266//6093
f 6270//6101 6580//6318 6271//6165
f 6271//6165 6579//6159 6268//6097
f 6272//6105 6581//6167 6273//6169
f 6273//6169 6580//6318 6270//6101
f 6274//6109 6582//6322 6275//6173
f 6275//6173 6581//6167 6272//6105
f 6276//6113 6583//6175 6277//6177
f 6277//6177 6582//6322 6274//6109
f 6278//6117 6584//6179 6279//6181
f 6279//6181 6583//6175 6276//6113
f 6280//6304 6585//6324 6281//6185
f 6281//6185 6584//6179 6278//6117
f 6282//6306 6585//6324 6280//6304
f 6586//6421 6284//6129 5848//6187
f 6283//6127 6587//6442 6285//6128
f 6586//6421 6253//6065 5833//6307
f 6286//6132 6588//6443 6287//6326
f 6287//6326 6587//6442 6283//6127
f 6288//6136 6589//6444 6289//6195
f 6289//6195 6588//6443 6286//6132
f 6290//6140 6590//6445 6291//6198
f 6291//6198 6589//6444 6288//6136
f 6292//6144 6591//6446 6293//6201
f 6293//6201 6590//6445 6290//6140
f 6294//6148 6592//6447 6295//6329
f 6295//6329 6591//6446 6292//6144
f 6296//6313 6593//6448 6297//6331
f 6297//6331 6592//6447 6294//6148
f 6298//6156 6594//6449 6299//6210
f 6299//6210 6593//6448 6296//6313
f 6300//6160 6595//6450 6301//6334
f 6301//6334 6594//6449 6298//6156
f 6302//6164 6596//6451 6303//6336
f 6303//6336 6595//6450 6300//6160
f 6304//6320 6597//6452 6305//6338
f 6305//6338 6596//6451 6302//6164
f 6306//6172 6598//6453 6307//6222
f 6307//6222 6597//6452 6304//6320
f 6308//6176 6599//6454 6309//6341
f 6309//6341 6598//6453 6306//6172
f 6310//6180 6600//6455 6311//6228
f 6311//6228 6599//6454 6308//6176
f 6312//6184 6601//6456 6313//6343
f 6313//6343 6600//6455 6310//6180
f 6314//6186 6601//6456 6312//6184
f 6314//6186 6602//6441 6316//6191
f 6491//6379 6317//6238 5849//6189
f 6316//6191 6602//6441 6285//6128
f 6317//6238 6491//6379 6319//6380
f 6492//6381 6319//6380 5850//6327
f 6491//6379 6315//6188 5850//6327
f 6319//6380 6492//6381 6321//6382
f 6493//6383 6321//6382 5851//6197
f 6492//6381 6318//6193 5851//6197
f 6321//6382 6493//6383 6323//6422
f 6494//6385 6323//6422 5852//6328
f 6493//6383 6320//6196 5852//6328
f 6323//6422 6494//6385 6325//6386
f 6495//6387 6325//6386 5853//6203
f 6494//6385 6322//6199 5853//6203
f 6325//6386 6495//6387 6327//6388
f 6496//6389 6327//6388 5854//6330
f 6495//6387 6324//6202 5854//6330
f 6327//6388 6496//6389 6329//6390
f 6497//6423 6329//6390 5855//6332
f 6496//6389 6326//6205 5855//6332
f 6329//6390 6497//6423 6331//6392
f 6498//6393 6331//6392 5856//6333
f 6497//6423 6328//6208 5856//6333
f 6331//6392 6498//6393 6333//6394
f 6499//6395 6333//6394 5857//6335
f 6498//6393 6330//6211 5857//6335
f 6333//6394 6499//6395 6335//6396
f 6500//6424 6335//6396 5858//6337
f 6499//6395 6332//6214 5858//6337
f 6335//6396 6500//6424 6337//6398
f 6501//6399 6337//6398 5859//6339
f 6500//6424 6334//6217 5859//6339
f 6337//6398 6501//6399 6339//6400
f 6502//6401 6339//6400 5860//6340
f 6501//6399 6336//6220 5860//6340
f 6339//6400 6502//6401 6341//6402
f 6503//6403 6341//6402 5861//6227
f 6502//6401 6338//6223 5861//6227
f 6341//6402 6503//6403 6343//6404
f 6504//6405 6343//6404 5862//6342
f 6503//6403 6340//6226 5862//6342
f 6343//6404 6504//6405 6345//6406
f 6505//6407 6345//6406 5863//6344
f 6504//6405 6342//6229 5863//6344
f 6345//6406 6505//6407 6346//6235
f 6505//6407 6344//6232 5864//6345
